-- phpMyAdmin SQL Dump
-- version 5.2.1
-- https://www.phpmyadmin.net/
--
-- Host: 127.0.0.1
-- Tempo de geração: 26/06/2026 às 17:13
-- Versão do servidor: 10.4.32-MariaDB
-- Versão do PHP: 8.2.12

SET SQL_MODE = "NO_AUTO_VALUE_ON_ZERO";
START TRANSACTION;
SET time_zone = "+00:00";


/*!40101 SET @OLD_CHARACTER_SET_CLIENT=@@CHARACTER_SET_CLIENT */;
/*!40101 SET @OLD_CHARACTER_SET_RESULTS=@@CHARACTER_SET_RESULTS */;
/*!40101 SET @OLD_COLLATION_CONNECTION=@@COLLATION_CONNECTION */;
/*!40101 SET NAMES utf8mb4 */;

--
-- Banco de dados: `sistema_escolar`
--
CREATE DATABASE IF NOT EXISTS `sistema_escolar` DEFAULT CHARACTER SET utf8mb4 COLLATE utf8mb4_general_ci;
USE `sistema_escolar`;

-- --------------------------------------------------------

--
-- Estrutura para tabela `alunos`
--

DROP TABLE IF EXISTS `alunos`;
CREATE TABLE `alunos` (
  `id_alunos` int(11) NOT NULL,
  `id_dados` int(11) NOT NULL,
  `id_ruas` int(11) NOT NULL,
  `data_de_nascimento` date NOT NULL,
  `e_mail` varchar(100) DEFAULT NULL
) ENGINE=InnoDB DEFAULT CHARSET=utf8mb4 COLLATE=utf8mb4_general_ci;

--
-- Despejando dados para a tabela `alunos`
--

INSERT INTO `alunos` (`id_alunos`, `id_dados`, `id_ruas`, `data_de_nascimento`, `e_mail`) VALUES
(1, 6, 2, '2006-03-10', 'aluno1@sjc.com'),
(2, 7, 3, '2006-03-10', 'aluno2@sjc.com'),
(3, 8, 4, '2006-03-10', 'aluno3@sjc.com'),
(4, 9, 1, '2006-03-10', 'aluno4@sjc.com'),
(5, 10, 2, '2006-03-10', 'aluno5@sjc.com'),
(6, 11, 3, '2006-03-10', 'aluno6@sjc.com'),
(7, 12, 4, '2006-03-10', 'aluno7@sjc.com'),
(8, 13, 1, '2006-03-10', 'aluno8@sjc.com'),
(9, 14, 2, '2006-03-10', 'aluno9@sjc.com'),
(10, 15, 3, '2006-03-10', 'aluno10@sjc.com'),
(11, 16, 4, '2006-03-10', 'aluno11@sjc.com'),
(12, 17, 1, '2006-03-10', 'aluno12@sjc.com'),
(13, 18, 2, '2006-03-10', 'aluno13@sjc.com'),
(14, 19, 3, '2006-03-10', 'aluno14@sjc.com'),
(15, 20, 4, '2006-03-10', 'aluno15@sjc.com'),
(16, 21, 1, '2006-03-10', 'aluno16@sjc.com'),
(17, 22, 2, '2006-03-10', 'aluno17@sjc.com'),
(18, 23, 3, '2006-03-10', 'aluno18@sjc.com'),
(19, 24, 4, '2006-03-10', 'aluno19@sjc.com'),
(20, 25, 1, '2006-03-10', 'aluno20@sjc.com'),
(21, 26, 2, '2006-03-10', 'aluno21@sjc.com'),
(22, 27, 3, '2006-03-10', 'aluno22@sjc.com'),
(23, 28, 4, '2006-03-10', 'aluno23@sjc.com'),
(24, 29, 1, '2006-03-10', 'aluno24@sjc.com'),
(25, 30, 2, '2006-03-10', 'aluno25@sjc.com'),
(26, 31, 3, '2006-03-10', 'aluno26@sjc.com'),
(27, 32, 4, '2006-03-10', 'aluno27@sjc.com'),
(28, 33, 1, '2006-03-10', 'aluno28@sjc.com'),
(29, 34, 2, '2006-03-10', 'aluno29@sjc.com'),
(30, 35, 3, '2006-03-10', 'aluno30@sjc.com'),
(31, 36, 4, '2006-03-10', 'aluno31@sjc.com'),
(32, 37, 1, '2006-03-10', 'aluno32@sjc.com'),
(33, 38, 2, '2006-03-10', 'aluno33@sjc.com'),
(34, 39, 3, '2006-03-10', 'aluno34@sjc.com'),
(35, 40, 4, '2006-03-10', 'aluno35@sjc.com'),
(36, 41, 1, '2006-03-10', 'aluno36@sjc.com'),
(37, 42, 2, '2006-03-10', 'aluno37@sjc.com'),
(38, 43, 3, '2006-03-10', 'aluno38@sjc.com'),
(39, 44, 4, '2006-03-10', 'aluno39@sjc.com'),
(40, 45, 1, '2006-03-10', 'aluno40@sjc.com'),
(41, 46, 2, '2006-03-10', 'aluno41@sjc.com'),
(42, 47, 3, '2006-03-10', 'aluno42@sjc.com'),
(43, 48, 4, '2006-03-10', 'aluno43@sjc.com'),
(44, 49, 1, '2006-03-10', 'aluno44@sjc.com'),
(45, 50, 2, '2006-03-10', 'aluno45@sjc.com'),
(46, 51, 3, '2006-03-10', 'aluno46@sjc.com'),
(47, 52, 4, '2006-03-10', 'aluno47@sjc.com'),
(48, 53, 1, '2006-03-10', 'aluno48@sjc.com'),
(49, 54, 2, '2006-03-10', 'aluno49@sjc.com'),
(50, 55, 3, '2006-03-10', 'aluno50@sjc.com'),
(51, 56, 4, '2006-03-10', 'aluno51@sjc.com'),
(52, 57, 1, '2006-03-10', 'aluno52@sjc.com'),
(53, 58, 2, '2006-03-10', 'aluno53@sjc.com'),
(54, 59, 3, '2006-03-10', 'aluno54@sjc.com'),
(55, 60, 4, '2006-03-10', 'aluno55@sjc.com'),
(56, 61, 1, '2006-03-10', 'aluno56@sjc.com'),
(57, 62, 2, '2006-03-10', 'aluno57@sjc.com'),
(58, 63, 3, '2006-03-10', 'aluno58@sjc.com'),
(59, 64, 4, '2006-03-10', 'aluno59@sjc.com'),
(60, 65, 1, '2006-03-10', 'aluno60@sjc.com'),
(61, 66, 2, '2006-03-10', 'aluno61@sjc.com'),
(62, 67, 3, '2006-03-10', 'aluno62@sjc.com'),
(63, 68, 4, '2006-03-10', 'aluno63@sjc.com'),
(64, 69, 1, '2006-03-10', 'aluno64@sjc.com'),
(65, 70, 2, '2006-03-10', 'aluno65@sjc.com'),
(66, 71, 3, '2006-03-10', 'aluno66@sjc.com'),
(67, 72, 4, '2006-03-10', 'aluno67@sjc.com'),
(68, 73, 1, '2006-03-10', 'aluno68@sjc.com'),
(69, 74, 2, '2006-03-10', 'aluno69@sjc.com'),
(70, 75, 3, '2006-03-10', 'aluno70@sjc.com'),
(71, 76, 4, '2006-03-10', 'aluno71@sjc.com'),
(72, 77, 1, '2006-03-10', 'aluno72@sjc.com'),
(73, 78, 2, '2006-03-10', 'aluno73@sjc.com'),
(74, 79, 3, '2006-03-10', 'aluno74@sjc.com'),
(75, 80, 4, '2006-03-10', 'aluno75@sjc.com'),
(76, 81, 1, '2006-03-10', 'aluno76@sjc.com'),
(77, 82, 2, '2006-03-10', 'aluno77@sjc.com'),
(78, 83, 3, '2006-03-10', 'aluno78@sjc.com'),
(79, 84, 4, '2006-03-10', 'aluno79@sjc.com'),
(80, 85, 1, '2006-03-10', 'aluno80@sjc.com'),
(81, 86, 2, '2006-03-10', 'aluno81@sjc.com'),
(82, 87, 3, '2006-03-10', 'aluno82@sjc.com'),
(83, 88, 4, '2006-03-10', 'aluno83@sjc.com'),
(84, 89, 1, '2006-03-10', 'aluno84@sjc.com'),
(85, 90, 2, '2006-03-10', 'aluno85@sjc.com'),
(86, 91, 3, '2006-03-10', 'aluno86@sjc.com'),
(87, 92, 4, '2006-03-10', 'aluno87@sjc.com'),
(88, 93, 1, '2006-03-10', 'aluno88@sjc.com'),
(89, 94, 2, '2006-03-10', 'aluno89@sjc.com'),
(90, 95, 3, '2006-03-10', 'aluno90@sjc.com'),
(91, 96, 4, '2006-03-10', 'aluno91@sjc.com'),
(92, 97, 1, '2006-03-10', 'aluno92@sjc.com'),
(93, 98, 2, '2006-03-10', 'aluno93@sjc.com'),
(94, 99, 3, '2006-03-10', 'aluno94@sjc.com'),
(95, 100, 4, '2006-03-10', 'aluno95@sjc.com'),
(96, 101, 1, '2006-03-10', 'aluno96@sjc.com'),
(97, 102, 2, '2006-03-10', 'aluno97@sjc.com'),
(98, 103, 3, '2006-03-10', 'aluno98@sjc.com'),
(99, 104, 4, '2006-03-10', 'aluno99@sjc.com'),
(100, 105, 1, '2006-03-10', 'aluno100@sjc.com'),
(101, 106, 2, '2006-03-10', 'aluno101@sjc.com'),
(102, 107, 3, '2006-03-10', 'aluno102@sjc.com'),
(103, 108, 4, '2006-03-10', 'aluno103@sjc.com'),
(104, 109, 1, '2006-03-10', 'aluno104@sjc.com'),
(105, 110, 2, '2006-03-10', 'aluno105@sjc.com'),
(106, 111, 3, '2006-03-10', 'aluno106@sjc.com'),
(107, 112, 4, '2006-03-10', 'aluno107@sjc.com'),
(108, 113, 1, '2006-03-10', 'aluno108@sjc.com'),
(109, 114, 2, '2006-03-10', 'aluno109@sjc.com'),
(110, 115, 3, '2006-03-10', 'aluno110@sjc.com'),
(111, 116, 4, '2006-03-10', 'aluno111@sjc.com'),
(112, 117, 1, '2006-03-10', 'aluno112@sjc.com'),
(113, 118, 2, '2006-03-10', 'aluno113@sjc.com'),
(114, 119, 3, '2006-03-10', 'aluno114@sjc.com'),
(115, 120, 4, '2006-03-10', 'aluno115@sjc.com'),
(116, 121, 1, '2006-03-10', 'aluno116@sjc.com'),
(117, 122, 2, '2006-03-10', 'aluno117@sjc.com'),
(118, 123, 3, '2006-03-10', 'aluno118@sjc.com'),
(119, 124, 4, '2006-03-10', 'aluno119@sjc.com'),
(120, 125, 1, '2006-03-10', 'aluno120@sjc.com'),
(121, 126, 2, '2006-03-10', 'aluno121@sjc.com'),
(122, 127, 3, '2006-03-10', 'aluno122@sjc.com'),
(123, 128, 4, '2006-03-10', 'aluno123@sjc.com'),
(124, 129, 1, '2006-03-10', 'aluno124@sjc.com'),
(125, 130, 2, '2006-03-10', 'aluno125@sjc.com'),
(126, 131, 3, '2006-03-10', 'aluno126@sjc.com'),
(127, 132, 4, '2006-03-10', 'aluno127@sjc.com'),
(128, 133, 1, '2006-03-10', 'aluno128@sjc.com'),
(129, 134, 2, '2006-03-10', 'aluno129@sjc.com'),
(130, 135, 3, '2006-03-10', 'aluno130@sjc.com'),
(131, 136, 4, '2006-03-10', 'aluno131@sjc.com'),
(132, 137, 1, '2006-03-10', 'aluno132@sjc.com'),
(133, 138, 2, '2006-03-10', 'aluno133@sjc.com'),
(134, 139, 3, '2006-03-10', 'aluno134@sjc.com'),
(135, 140, 4, '2006-03-10', 'aluno135@sjc.com'),
(136, 141, 1, '2006-03-10', 'aluno136@sjc.com'),
(137, 142, 2, '2006-03-10', 'aluno137@sjc.com'),
(138, 143, 3, '2006-03-10', 'aluno138@sjc.com'),
(139, 144, 4, '2006-03-10', 'aluno139@sjc.com'),
(140, 145, 1, '2006-03-10', 'aluno140@sjc.com'),
(141, 146, 2, '2006-03-10', 'aluno141@sjc.com'),
(142, 147, 3, '2006-03-10', 'aluno142@sjc.com'),
(143, 148, 4, '2006-03-10', 'aluno143@sjc.com'),
(144, 149, 1, '2006-03-10', 'aluno144@sjc.com'),
(145, 150, 2, '2006-03-10', 'aluno145@sjc.com'),
(146, 151, 3, '2006-03-10', 'aluno146@sjc.com'),
(147, 152, 4, '2006-03-10', 'aluno147@sjc.com'),
(148, 153, 1, '2006-03-10', 'aluno148@sjc.com'),
(149, 154, 2, '2006-03-10', 'aluno149@sjc.com'),
(150, 155, 3, '2006-03-10', 'aluno150@sjc.com'),
(151, 156, 4, '2006-03-10', 'aluno151@sjc.com'),
(152, 157, 1, '2006-03-10', 'aluno152@sjc.com'),
(153, 158, 2, '2006-03-10', 'aluno153@sjc.com'),
(154, 159, 3, '2006-03-10', 'aluno154@sjc.com'),
(155, 160, 4, '2006-03-10', 'aluno155@sjc.com'),
(156, 161, 1, '2006-03-10', 'aluno156@sjc.com'),
(157, 162, 2, '2006-03-10', 'aluno157@sjc.com'),
(158, 163, 3, '2006-03-10', 'aluno158@sjc.com'),
(159, 164, 4, '2006-03-10', 'aluno159@sjc.com'),
(160, 165, 1, '2006-03-10', 'aluno160@sjc.com'),
(161, 166, 2, '2006-03-10', 'aluno161@sjc.com'),
(162, 167, 3, '2006-03-10', 'aluno162@sjc.com'),
(163, 168, 4, '2006-03-10', 'aluno163@sjc.com'),
(164, 169, 1, '2006-03-10', 'aluno164@sjc.com'),
(165, 170, 2, '2006-03-10', 'aluno165@sjc.com'),
(166, 171, 3, '2006-03-10', 'aluno166@sjc.com'),
(167, 172, 4, '2006-03-10', 'aluno167@sjc.com'),
(168, 173, 1, '2006-03-10', 'aluno168@sjc.com'),
(169, 174, 2, '2006-03-10', 'aluno169@sjc.com'),
(170, 175, 3, '2006-03-10', 'aluno170@sjc.com'),
(171, 176, 4, '2006-03-10', 'aluno171@sjc.com'),
(172, 177, 1, '2006-03-10', 'aluno172@sjc.com'),
(173, 178, 2, '2006-03-10', 'aluno173@sjc.com'),
(174, 179, 3, '2006-03-10', 'aluno174@sjc.com'),
(175, 180, 4, '2006-03-10', 'aluno175@sjc.com'),
(176, 181, 1, '2006-03-10', 'aluno176@sjc.com'),
(177, 182, 2, '2006-03-10', 'aluno177@sjc.com'),
(178, 183, 3, '2006-03-10', 'aluno178@sjc.com'),
(179, 184, 4, '2006-03-10', 'aluno179@sjc.com'),
(180, 185, 1, '2006-03-10', 'aluno180@sjc.com'),
(181, 186, 2, '2006-03-10', 'aluno181@sjc.com'),
(182, 187, 3, '2006-03-10', 'aluno182@sjc.com'),
(183, 188, 4, '2006-03-10', 'aluno183@sjc.com'),
(184, 189, 1, '2006-03-10', 'aluno184@sjc.com'),
(185, 190, 2, '2006-03-10', 'aluno185@sjc.com'),
(186, 191, 3, '2006-03-10', 'aluno186@sjc.com'),
(187, 192, 4, '2006-03-10', 'aluno187@sjc.com'),
(188, 193, 1, '2006-03-10', 'aluno188@sjc.com'),
(189, 194, 2, '2006-03-10', 'aluno189@sjc.com'),
(190, 195, 3, '2006-03-10', 'aluno190@sjc.com'),
(191, 196, 4, '2006-03-10', 'aluno191@sjc.com'),
(192, 197, 1, '2006-03-10', 'aluno192@sjc.com'),
(193, 198, 2, '2006-03-10', 'aluno193@sjc.com'),
(194, 199, 3, '2006-03-10', 'aluno194@sjc.com'),
(195, 200, 4, '2006-03-10', 'aluno195@sjc.com'),
(196, 201, 1, '2006-03-10', 'aluno196@sjc.com'),
(197, 202, 2, '2006-03-10', 'aluno197@sjc.com'),
(198, 203, 3, '2006-03-10', 'aluno198@sjc.com'),
(199, 204, 4, '2006-03-10', 'aluno199@sjc.com'),
(200, 205, 1, '2006-03-10', 'aluno200@sjc.com'),
(201, 206, 2, '2006-03-10', 'aluno201@sjc.com'),
(202, 207, 3, '2006-03-10', 'aluno202@sjc.com'),
(203, 208, 4, '2006-03-10', 'aluno203@sjc.com'),
(204, 209, 1, '2006-03-10', 'aluno204@sjc.com'),
(205, 210, 2, '2006-03-10', 'aluno205@sjc.com'),
(206, 211, 3, '2006-03-10', 'aluno206@sjc.com'),
(207, 212, 4, '2006-03-10', 'aluno207@sjc.com'),
(208, 213, 1, '2006-03-10', 'aluno208@sjc.com'),
(209, 214, 2, '2006-03-10', 'aluno209@sjc.com'),
(210, 215, 3, '2006-03-10', 'aluno210@sjc.com'),
(211, 216, 4, '2006-03-10', 'aluno211@sjc.com'),
(212, 217, 1, '2006-03-10', 'aluno212@sjc.com'),
(213, 218, 2, '2006-03-10', 'aluno213@sjc.com'),
(214, 219, 3, '2006-03-10', 'aluno214@sjc.com'),
(215, 220, 4, '2006-03-10', 'aluno215@sjc.com'),
(216, 221, 1, '2006-03-10', 'aluno216@sjc.com'),
(217, 222, 2, '2006-03-10', 'aluno217@sjc.com'),
(218, 223, 3, '2006-03-10', 'aluno218@sjc.com'),
(219, 224, 4, '2006-03-10', 'aluno219@sjc.com'),
(220, 225, 1, '2006-03-10', 'aluno220@sjc.com'),
(221, 226, 2, '2006-03-10', 'aluno221@sjc.com'),
(222, 227, 3, '2006-03-10', 'aluno222@sjc.com'),
(223, 228, 4, '2006-03-10', 'aluno223@sjc.com'),
(224, 229, 1, '2006-03-10', 'aluno224@sjc.com'),
(225, 230, 2, '2006-03-10', 'aluno225@sjc.com'),
(226, 231, 3, '2006-03-10', 'aluno226@sjc.com'),
(227, 232, 4, '2006-03-10', 'aluno227@sjc.com'),
(228, 233, 1, '2006-03-10', 'aluno228@sjc.com'),
(229, 234, 2, '2006-03-10', 'aluno229@sjc.com'),
(230, 235, 3, '2006-03-10', 'aluno230@sjc.com'),
(231, 236, 4, '2006-03-10', 'aluno231@sjc.com'),
(232, 237, 1, '2006-03-10', 'aluno232@sjc.com'),
(233, 238, 2, '2006-03-10', 'aluno233@sjc.com'),
(234, 239, 3, '2006-03-10', 'aluno234@sjc.com'),
(235, 240, 4, '2006-03-10', 'aluno235@sjc.com'),
(236, 241, 1, '2006-03-10', 'aluno236@sjc.com'),
(237, 242, 2, '2006-03-10', 'aluno237@sjc.com'),
(238, 243, 3, '2006-03-10', 'aluno238@sjc.com'),
(239, 244, 4, '2006-03-10', 'aluno239@sjc.com'),
(240, 245, 1, '2006-03-10', 'aluno240@sjc.com'),
(241, 246, 2, '2006-03-10', 'aluno241@sjc.com'),
(242, 247, 3, '2006-03-10', 'aluno242@sjc.com'),
(243, 248, 4, '2006-03-10', 'aluno243@sjc.com'),
(244, 249, 1, '2006-03-10', 'aluno244@sjc.com'),
(245, 250, 2, '2006-03-10', 'aluno245@sjc.com'),
(246, 251, 3, '2006-03-10', 'aluno246@sjc.com'),
(247, 252, 4, '2006-03-10', 'aluno247@sjc.com'),
(248, 253, 1, '2006-03-10', 'aluno248@sjc.com'),
(249, 254, 2, '2006-03-10', 'aluno249@sjc.com'),
(250, 255, 3, '2006-03-10', 'aluno250@sjc.com');

-- --------------------------------------------------------

--
-- Estrutura para tabela `alunos_responsaveis`
--

DROP TABLE IF EXISTS `alunos_responsaveis`;
CREATE TABLE `alunos_responsaveis` (
  `id_alunos` int(11) NOT NULL,
  `id_responsaveis` int(11) NOT NULL
) ENGINE=InnoDB DEFAULT CHARSET=utf8mb4 COLLATE=utf8mb4_general_ci;

-- --------------------------------------------------------

--
-- Estrutura para tabela `avaliacoes`
--

DROP TABLE IF EXISTS `avaliacoes`;
CREATE TABLE `avaliacoes` (
  `id_avaliacoes` int(11) NOT NULL,
  `id_disciplinas` int(11) NOT NULL,
  `descricao` text NOT NULL,
  `data_da_avaliacao` date NOT NULL,
  `valor_da_avaliacao` decimal(4,2) NOT NULL
) ENGINE=InnoDB DEFAULT CHARSET=utf8mb4 COLLATE=utf8mb4_general_ci;

--
-- Despejando dados para a tabela `avaliacoes`
--

INSERT INTO `avaliacoes` (`id_avaliacoes`, `id_disciplinas`, `descricao`, `data_da_avaliacao`, `valor_da_avaliacao`) VALUES
(1, 1, 'Prova 1', '2026-04-10', 10.00),
(2, 1, 'Trabalho 1', '2026-05-12', 10.00),
(3, 1, 'Prova 2', '2026-06-15', 10.00),
(4, 1, 'Projeto Prático', '2026-06-22', 10.00),
(5, 2, 'Prova 1', '2026-04-10', 10.00),
(6, 2, 'Trabalho 1', '2026-05-12', 10.00),
(7, 2, 'Prova 2', '2026-06-15', 10.00),
(8, 2, 'Projeto Prático', '2026-06-22', 10.00),
(9, 3, 'Prova 1', '2026-04-10', 10.00),
(10, 3, 'Trabalho 1', '2026-05-12', 10.00),
(11, 3, 'Prova 2', '2026-06-15', 10.00),
(12, 3, 'Projeto Prático', '2026-06-22', 10.00),
(13, 4, 'Prova 1', '2026-04-10', 10.00),
(14, 4, 'Trabalho 1', '2026-05-12', 10.00),
(15, 4, 'Prova 2', '2026-06-15', 10.00),
(16, 4, 'Projeto Prático', '2026-06-22', 10.00),
(17, 5, 'Prova 1', '2026-04-10', 10.00),
(18, 5, 'Trabalho 1', '2026-05-12', 10.00),
(19, 5, 'Prova 2', '2026-06-15', 10.00),
(20, 5, 'Projeto Prático', '2026-06-22', 10.00),
(21, 6, 'Prova 1', '2026-04-10', 10.00),
(22, 6, 'Trabalho 1', '2026-05-12', 10.00),
(23, 6, 'Prova 2', '2026-06-15', 10.00),
(24, 6, 'Projeto Prático', '2026-06-22', 10.00),
(25, 7, 'Prova 1', '2026-04-10', 10.00),
(26, 7, 'Trabalho 1', '2026-05-12', 10.00),
(27, 7, 'Prova 2', '2026-06-15', 10.00),
(28, 7, 'Projeto Prático', '2026-06-22', 10.00),
(29, 8, 'Prova 1', '2026-04-10', 10.00),
(30, 8, 'Trabalho 1', '2026-05-12', 10.00),
(31, 8, 'Prova 2', '2026-06-15', 10.00),
(32, 8, 'Projeto Prático', '2026-06-22', 10.00),
(33, 9, 'Prova 1', '2026-04-10', 10.00),
(34, 9, 'Trabalho 1', '2026-05-12', 10.00),
(35, 9, 'Prova 2', '2026-06-15', 10.00),
(36, 9, 'Projeto Prático', '2026-06-22', 10.00),
(37, 10, 'Prova 1', '2026-04-10', 10.00),
(38, 10, 'Trabalho 1', '2026-05-12', 10.00),
(39, 10, 'Prova 2', '2026-06-15', 10.00),
(40, 10, 'Projeto Prático', '2026-06-22', 10.00),
(41, 11, 'Prova 1', '2026-04-10', 10.00),
(42, 11, 'Trabalho 1', '2026-05-12', 10.00),
(43, 11, 'Prova 2', '2026-06-15', 10.00),
(44, 11, 'Projeto Prático', '2026-06-22', 10.00),
(45, 12, 'Prova 1', '2026-04-10', 10.00),
(46, 12, 'Trabalho 1', '2026-05-12', 10.00),
(47, 12, 'Prova 2', '2026-06-15', 10.00),
(48, 12, 'Projeto Prático', '2026-06-22', 10.00),
(49, 13, 'Prova 1', '2026-04-10', 10.00),
(50, 13, 'Trabalho 1', '2026-05-12', 10.00),
(51, 13, 'Prova 2', '2026-06-15', 10.00),
(52, 13, 'Projeto Prático', '2026-06-22', 10.00),
(53, 14, 'Prova 1', '2026-04-10', 10.00),
(54, 14, 'Trabalho 1', '2026-05-12', 10.00),
(55, 14, 'Prova 2', '2026-06-15', 10.00),
(56, 14, 'Projeto Prático', '2026-06-22', 10.00),
(57, 15, 'Prova 1', '2026-04-10', 10.00),
(58, 15, 'Trabalho 1', '2026-05-12', 10.00),
(59, 15, 'Prova 2', '2026-06-15', 10.00),
(60, 15, 'Projeto Prático', '2026-06-22', 10.00),
(61, 16, 'Prova 1', '2026-04-10', 10.00),
(62, 16, 'Trabalho 1', '2026-05-12', 10.00),
(63, 16, 'Prova 2', '2026-06-15', 10.00),
(64, 16, 'Projeto Prático', '2026-06-22', 10.00),
(65, 17, 'Prova 1', '2026-04-10', 10.00),
(66, 17, 'Trabalho 1', '2026-05-12', 10.00),
(67, 17, 'Prova 2', '2026-06-15', 10.00),
(68, 17, 'Projeto Prático', '2026-06-22', 10.00),
(69, 18, 'Prova 1', '2026-04-10', 10.00),
(70, 18, 'Trabalho 1', '2026-05-12', 10.00),
(71, 18, 'Prova 2', '2026-06-15', 10.00),
(72, 18, 'Projeto Prático', '2026-06-22', 10.00),
(73, 19, 'Prova 1', '2026-04-10', 10.00),
(74, 19, 'Trabalho 1', '2026-05-12', 10.00),
(75, 19, 'Prova 2', '2026-06-15', 10.00),
(76, 19, 'Projeto Prático', '2026-06-22', 10.00),
(77, 20, 'Prova 1', '2026-04-10', 10.00),
(78, 20, 'Trabalho 1', '2026-05-12', 10.00),
(79, 20, 'Prova 2', '2026-06-15', 10.00),
(80, 20, 'Projeto Prático', '2026-06-22', 10.00),
(81, 21, 'Prova 1', '2026-04-10', 10.00),
(82, 21, 'Trabalho 1', '2026-05-12', 10.00),
(83, 21, 'Prova 2', '2026-06-15', 10.00),
(84, 21, 'Projeto Prático', '2026-06-22', 10.00),
(85, 22, 'Prova 1', '2026-04-10', 10.00),
(86, 22, 'Trabalho 1', '2026-05-12', 10.00),
(87, 22, 'Prova 2', '2026-06-15', 10.00),
(88, 22, 'Projeto Prático', '2026-06-22', 10.00),
(89, 23, 'Prova 1', '2026-04-10', 10.00),
(90, 23, 'Trabalho 1', '2026-05-12', 10.00),
(91, 23, 'Prova 2', '2026-06-15', 10.00),
(92, 23, 'Projeto Prático', '2026-06-22', 10.00),
(93, 24, 'Prova 1', '2026-04-10', 10.00),
(94, 24, 'Trabalho 1', '2026-05-12', 10.00),
(95, 24, 'Prova 2', '2026-06-15', 10.00),
(96, 24, 'Projeto Prático', '2026-06-22', 10.00),
(97, 25, 'Prova 1', '2026-04-10', 10.00),
(98, 25, 'Trabalho 1', '2026-05-12', 10.00),
(99, 25, 'Prova 2', '2026-06-15', 10.00),
(100, 25, 'Projeto Prático', '2026-06-22', 10.00),
(101, 26, 'Prova 1', '2026-04-10', 10.00),
(102, 26, 'Trabalho 1', '2026-05-12', 10.00),
(103, 26, 'Prova 2', '2026-06-15', 10.00),
(104, 26, 'Projeto Prático', '2026-06-22', 10.00),
(105, 27, 'Prova 1', '2026-04-10', 10.00),
(106, 27, 'Trabalho 1', '2026-05-12', 10.00),
(107, 27, 'Prova 2', '2026-06-15', 10.00),
(108, 27, 'Projeto Prático', '2026-06-22', 10.00),
(109, 28, 'Prova 1', '2026-04-10', 10.00),
(110, 28, 'Trabalho 1', '2026-05-12', 10.00),
(111, 28, 'Prova 2', '2026-06-15', 10.00),
(112, 28, 'Projeto Prático', '2026-06-22', 10.00),
(113, 29, 'Prova 1', '2026-04-10', 10.00),
(114, 29, 'Trabalho 1', '2026-05-12', 10.00),
(115, 29, 'Prova 2', '2026-06-15', 10.00),
(116, 29, 'Projeto Prático', '2026-06-22', 10.00),
(117, 30, 'Prova 1', '2026-04-10', 10.00),
(118, 30, 'Trabalho 1', '2026-05-12', 10.00),
(119, 30, 'Prova 2', '2026-06-15', 10.00),
(120, 30, 'Projeto Prático', '2026-06-22', 10.00),
(121, 31, 'Prova 1', '2026-04-10', 10.00),
(122, 31, 'Trabalho 1', '2026-05-12', 10.00),
(123, 31, 'Prova 2', '2026-06-15', 10.00),
(124, 31, 'Projeto Prático', '2026-06-22', 10.00),
(125, 32, 'Prova 1', '2026-04-10', 10.00),
(126, 32, 'Trabalho 1', '2026-05-12', 10.00),
(127, 32, 'Prova 2', '2026-06-15', 10.00),
(128, 32, 'Projeto Prático', '2026-06-22', 10.00),
(129, 33, 'Prova 1', '2026-04-10', 10.00),
(130, 33, 'Trabalho 1', '2026-05-12', 10.00),
(131, 33, 'Prova 2', '2026-06-15', 10.00),
(132, 33, 'Projeto Prático', '2026-06-22', 10.00),
(133, 34, 'Prova 1', '2026-04-10', 10.00),
(134, 34, 'Trabalho 1', '2026-05-12', 10.00),
(135, 34, 'Prova 2', '2026-06-15', 10.00),
(136, 34, 'Projeto Prático', '2026-06-22', 10.00),
(137, 35, 'Prova 1', '2026-04-10', 10.00),
(138, 35, 'Trabalho 1', '2026-05-12', 10.00),
(139, 35, 'Prova 2', '2026-06-15', 10.00),
(140, 35, 'Projeto Prático', '2026-06-22', 10.00),
(141, 36, 'Prova 1', '2026-04-10', 10.00),
(142, 36, 'Trabalho 1', '2026-05-12', 10.00),
(143, 36, 'Prova 2', '2026-06-15', 10.00),
(144, 36, 'Projeto Prático', '2026-06-22', 10.00),
(145, 37, 'Prova 1', '2026-04-10', 10.00),
(146, 37, 'Trabalho 1', '2026-05-12', 10.00),
(147, 37, 'Prova 2', '2026-06-15', 10.00),
(148, 37, 'Projeto Prático', '2026-06-22', 10.00),
(149, 38, 'Prova 1', '2026-04-10', 10.00),
(150, 38, 'Trabalho 1', '2026-05-12', 10.00),
(151, 38, 'Prova 2', '2026-06-15', 10.00),
(152, 38, 'Projeto Prático', '2026-06-22', 10.00),
(153, 39, 'Prova 1', '2026-04-10', 10.00),
(154, 39, 'Trabalho 1', '2026-05-12', 10.00),
(155, 39, 'Prova 2', '2026-06-15', 10.00),
(156, 39, 'Projeto Prático', '2026-06-22', 10.00),
(157, 40, 'Prova 1', '2026-04-10', 10.00),
(158, 40, 'Trabalho 1', '2026-05-12', 10.00),
(159, 40, 'Prova 2', '2026-06-15', 10.00),
(160, 40, 'Projeto Prático', '2026-06-22', 10.00),
(161, 41, 'Prova 1', '2026-04-10', 10.00),
(162, 41, 'Trabalho 1', '2026-05-12', 10.00),
(163, 41, 'Prova 2', '2026-06-15', 10.00),
(164, 41, 'Projeto Prático', '2026-06-22', 10.00),
(165, 42, 'Prova 1', '2026-04-10', 10.00),
(166, 42, 'Trabalho 1', '2026-05-12', 10.00),
(167, 42, 'Prova 2', '2026-06-15', 10.00),
(168, 42, 'Projeto Prático', '2026-06-22', 10.00),
(169, 43, 'Prova 1', '2026-04-10', 10.00),
(170, 43, 'Trabalho 1', '2026-05-12', 10.00),
(171, 43, 'Prova 2', '2026-06-15', 10.00),
(172, 43, 'Projeto Prático', '2026-06-22', 10.00),
(173, 44, 'Prova 1', '2026-04-10', 10.00),
(174, 44, 'Trabalho 1', '2026-05-12', 10.00),
(175, 44, 'Prova 2', '2026-06-15', 10.00),
(176, 44, 'Projeto Prático', '2026-06-22', 10.00),
(177, 45, 'Prova 1', '2026-04-10', 10.00),
(178, 45, 'Trabalho 1', '2026-05-12', 10.00),
(179, 45, 'Prova 2', '2026-06-15', 10.00),
(180, 45, 'Projeto Prático', '2026-06-22', 10.00),
(181, 46, 'Prova 1', '2026-04-10', 10.00),
(182, 46, 'Trabalho 1', '2026-05-12', 10.00),
(183, 46, 'Prova 2', '2026-06-15', 10.00),
(184, 46, 'Projeto Prático', '2026-06-22', 10.00),
(185, 47, 'Prova 1', '2026-04-10', 10.00),
(186, 47, 'Trabalho 1', '2026-05-12', 10.00),
(187, 47, 'Prova 2', '2026-06-15', 10.00),
(188, 47, 'Projeto Prático', '2026-06-22', 10.00),
(189, 48, 'Prova 1', '2026-04-10', 10.00),
(190, 48, 'Trabalho 1', '2026-05-12', 10.00),
(191, 48, 'Prova 2', '2026-06-15', 10.00),
(192, 48, 'Projeto Prático', '2026-06-22', 10.00),
(193, 49, 'Prova 1', '2026-04-10', 10.00),
(194, 49, 'Trabalho 1', '2026-05-12', 10.00),
(195, 49, 'Prova 2', '2026-06-15', 10.00),
(196, 49, 'Projeto Prático', '2026-06-22', 10.00),
(197, 50, 'Prova 1', '2026-04-10', 10.00),
(198, 50, 'Trabalho 1', '2026-05-12', 10.00),
(199, 50, 'Prova 2', '2026-06-15', 10.00),
(200, 50, 'Projeto Prático', '2026-06-22', 10.00);

-- --------------------------------------------------------

--
-- Estrutura para tabela `bairros`
--

DROP TABLE IF EXISTS `bairros`;
CREATE TABLE `bairros` (
  `id_bairros` int(11) NOT NULL,
  `id_cidades` int(11) NOT NULL,
  `nome` varchar(100) NOT NULL
) ENGINE=InnoDB DEFAULT CHARSET=utf8mb4 COLLATE=utf8mb4_general_ci;

--
-- Despejando dados para a tabela `bairros`
--

INSERT INTO `bairros` (`id_bairros`, `id_cidades`, `nome`) VALUES
(1, 1, 'Centro'),
(2, 1, 'Jardim Aquarius'),
(3, 1, 'Floradas de São José'),
(4, 1, 'Jardim Satélite');

-- --------------------------------------------------------

--
-- Estrutura para tabela `boletins`
--

DROP TABLE IF EXISTS `boletins`;
CREATE TABLE `boletins` (
  `id_boletim` int(11) NOT NULL,
  `id_matricula` int(11) NOT NULL,
  `media_final` decimal(4,2) DEFAULT NULL,
  `situacao` varchar(50) DEFAULT NULL
) ENGINE=InnoDB DEFAULT CHARSET=utf8mb4 COLLATE=utf8mb4_general_ci;

-- --------------------------------------------------------

--
-- Estrutura para tabela `boletins_disciplinas`
--

DROP TABLE IF EXISTS `boletins_disciplinas`;
CREATE TABLE `boletins_disciplinas` (
  `id_boletim` int(11) NOT NULL,
  `id_disciplinas` int(11) NOT NULL,
  `situacao_disciplina` varchar(50) DEFAULT NULL,
  `nota_do_aluno` decimal(4,2) DEFAULT NULL
) ENGINE=InnoDB DEFAULT CHARSET=utf8mb4 COLLATE=utf8mb4_general_ci;

-- --------------------------------------------------------

--
-- Estrutura para tabela `cidades`
--

DROP TABLE IF EXISTS `cidades`;
CREATE TABLE `cidades` (
  `id_cidades` int(11) NOT NULL,
  `id_estados` int(11) NOT NULL,
  `nome_da_cidade` varchar(100) NOT NULL
) ENGINE=InnoDB DEFAULT CHARSET=utf8mb4 COLLATE=utf8mb4_general_ci;

--
-- Despejando dados para a tabela `cidades`
--

INSERT INTO `cidades` (`id_cidades`, `id_estados`, `nome_da_cidade`) VALUES
(1, 1, 'São José dos Campos');

-- --------------------------------------------------------

--
-- Estrutura para tabela `coordenadores`
--

DROP TABLE IF EXISTS `coordenadores`;
CREATE TABLE `coordenadores` (
  `id_coordenador` int(11) NOT NULL,
  `id_cursos` int(11) NOT NULL,
  `id_dados` int(11) NOT NULL,
  `id_ruas` int(11) NOT NULL
) ENGINE=InnoDB DEFAULT CHARSET=utf8mb4 COLLATE=utf8mb4_general_ci;

--
-- Despejando dados para a tabela `coordenadores`
--

INSERT INTO `coordenadores` (`id_coordenador`, `id_cursos`, `id_dados`, `id_ruas`) VALUES
(1, 1, 1, 1),
(2, 2, 2, 2),
(3, 3, 3, 3),
(4, 4, 4, 4),
(5, 5, 5, 1);

-- --------------------------------------------------------

--
-- Estrutura para tabela `cursos`
--

DROP TABLE IF EXISTS `cursos`;
CREATE TABLE `cursos` (
  `id_cursos` int(11) NOT NULL,
  `nome_do_curso` varchar(100) NOT NULL,
  `carga_horaria` int(11) NOT NULL,
  `duracao` varchar(50) NOT NULL,
  `descricao` text DEFAULT NULL
) ENGINE=InnoDB DEFAULT CHARSET=utf8mb4 COLLATE=utf8mb4_general_ci;

--
-- Despejando dados para a tabela `cursos`
--

INSERT INTO `cursos` (`id_cursos`, `nome_do_curso`, `carga_horaria`, `duracao`, `descricao`) VALUES
(1, 'Análise e Desenvolvimento de Sistemas', 2000, '2 anos', 'Curso de Tecnologia da Informação'),
(2, 'Técnico em Mecânica', 1500, '1.5 ano', 'Curso de Engenharia Mecânica Prática'),
(3, 'Técnico em Eletrônica', 1600, '1.5 ano', 'Curso de Circuitos e Hardware'),
(4, 'Técnico em Administração', 1200, '1 ano', 'Curso de Gestão e Negócios'),
(5, 'Técnico em Automação Industrial', 1800, '2 anos', 'Curso de Robótica e Processos');

-- --------------------------------------------------------

--
-- Estrutura para tabela `cursos_disciplinas`
--

DROP TABLE IF EXISTS `cursos_disciplinas`;
CREATE TABLE `cursos_disciplinas` (
  `id_cursos` int(11) NOT NULL,
  `id_disciplinas` int(11) NOT NULL
) ENGINE=InnoDB DEFAULT CHARSET=utf8mb4 COLLATE=utf8mb4_general_ci;

-- --------------------------------------------------------

--
-- Estrutura para tabela `dados_pessoais`
--

DROP TABLE IF EXISTS `dados_pessoais`;
CREATE TABLE `dados_pessoais` (
  `id_dados` int(11) NOT NULL,
  `cpf` char(11) NOT NULL,
  `formacao` varchar(100) DEFAULT NULL,
  `email` varchar(100) NOT NULL,
  `numero_da_casa` int(11) DEFAULT NULL,
  `nome` varchar(100) NOT NULL
) ENGINE=InnoDB DEFAULT CHARSET=utf8mb4 COLLATE=utf8mb4_general_ci;

--
-- Despejando dados para a tabela `dados_pessoais`
--

INSERT INTO `dados_pessoais` (`id_dados`, `cpf`, `formacao`, `email`, `numero_da_casa`, `nome`) VALUES
(1, '10000000001', 'Mestrado', 'coord1@escola.com', 10, 'Coordenador TI'),
(2, '10000000002', 'Mestrado', 'coord2@escola.com', 20, 'Coordenador Mecânica'),
(3, '10000000003', 'Doutorado', 'coord3@escola.com', 30, 'Coordenador Eletrônica'),
(4, '10000000004', 'Mestrado', 'coord4@escola.com', 40, 'Coordenador Administração'),
(5, '10000000005', 'Especialização', 'coord5@escola.com', 50, 'Coordenador Automação'),
(6, '30000000001', 'Ensino Médio', 'aluno1@sjc.com', 1, 'Aluno SJC 1'),
(7, '30000000002', 'Ensino Médio', 'aluno2@sjc.com', 2, 'Aluno SJC 2'),
(8, '30000000003', 'Ensino Médio', 'aluno3@sjc.com', 3, 'Aluno SJC 3'),
(9, '30000000004', 'Ensino Médio', 'aluno4@sjc.com', 4, 'Aluno SJC 4'),
(10, '30000000005', 'Ensino Médio', 'aluno5@sjc.com', 5, 'Aluno SJC 5'),
(11, '30000000006', 'Ensino Médio', 'aluno6@sjc.com', 6, 'Aluno SJC 6'),
(12, '30000000007', 'Ensino Médio', 'aluno7@sjc.com', 7, 'Aluno SJC 7'),
(13, '30000000008', 'Ensino Médio', 'aluno8@sjc.com', 8, 'Aluno SJC 8'),
(14, '30000000009', 'Ensino Médio', 'aluno9@sjc.com', 9, 'Aluno SJC 9'),
(15, '30000000010', 'Ensino Médio', 'aluno10@sjc.com', 10, 'Aluno SJC 10'),
(16, '30000000011', 'Ensino Médio', 'aluno11@sjc.com', 11, 'Aluno SJC 11'),
(17, '30000000012', 'Ensino Médio', 'aluno12@sjc.com', 12, 'Aluno SJC 12'),
(18, '30000000013', 'Ensino Médio', 'aluno13@sjc.com', 13, 'Aluno SJC 13'),
(19, '30000000014', 'Ensino Médio', 'aluno14@sjc.com', 14, 'Aluno SJC 14'),
(20, '30000000015', 'Ensino Médio', 'aluno15@sjc.com', 15, 'Aluno SJC 15'),
(21, '30000000016', 'Ensino Médio', 'aluno16@sjc.com', 16, 'Aluno SJC 16'),
(22, '30000000017', 'Ensino Médio', 'aluno17@sjc.com', 17, 'Aluno SJC 17'),
(23, '30000000018', 'Ensino Médio', 'aluno18@sjc.com', 18, 'Aluno SJC 18'),
(24, '30000000019', 'Ensino Médio', 'aluno19@sjc.com', 19, 'Aluno SJC 19'),
(25, '30000000020', 'Ensino Médio', 'aluno20@sjc.com', 20, 'Aluno SJC 20'),
(26, '30000000021', 'Ensino Médio', 'aluno21@sjc.com', 21, 'Aluno SJC 21'),
(27, '30000000022', 'Ensino Médio', 'aluno22@sjc.com', 22, 'Aluno SJC 22'),
(28, '30000000023', 'Ensino Médio', 'aluno23@sjc.com', 23, 'Aluno SJC 23'),
(29, '30000000024', 'Ensino Médio', 'aluno24@sjc.com', 24, 'Aluno SJC 24'),
(30, '30000000025', 'Ensino Médio', 'aluno25@sjc.com', 25, 'Aluno SJC 25'),
(31, '30000000026', 'Ensino Médio', 'aluno26@sjc.com', 26, 'Aluno SJC 26'),
(32, '30000000027', 'Ensino Médio', 'aluno27@sjc.com', 27, 'Aluno SJC 27'),
(33, '30000000028', 'Ensino Médio', 'aluno28@sjc.com', 28, 'Aluno SJC 28'),
(34, '30000000029', 'Ensino Médio', 'aluno29@sjc.com', 29, 'Aluno SJC 29'),
(35, '30000000030', 'Ensino Médio', 'aluno30@sjc.com', 30, 'Aluno SJC 30'),
(36, '30000000031', 'Ensino Médio', 'aluno31@sjc.com', 31, 'Aluno SJC 31'),
(37, '30000000032', 'Ensino Médio', 'aluno32@sjc.com', 32, 'Aluno SJC 32'),
(38, '30000000033', 'Ensino Médio', 'aluno33@sjc.com', 33, 'Aluno SJC 33'),
(39, '30000000034', 'Ensino Médio', 'aluno34@sjc.com', 34, 'Aluno SJC 34'),
(40, '30000000035', 'Ensino Médio', 'aluno35@sjc.com', 35, 'Aluno SJC 35'),
(41, '30000000036', 'Ensino Médio', 'aluno36@sjc.com', 36, 'Aluno SJC 36'),
(42, '30000000037', 'Ensino Médio', 'aluno37@sjc.com', 37, 'Aluno SJC 37'),
(43, '30000000038', 'Ensino Médio', 'aluno38@sjc.com', 38, 'Aluno SJC 38'),
(44, '30000000039', 'Ensino Médio', 'aluno39@sjc.com', 39, 'Aluno SJC 39'),
(45, '30000000040', 'Ensino Médio', 'aluno40@sjc.com', 40, 'Aluno SJC 40'),
(46, '30000000041', 'Ensino Médio', 'aluno41@sjc.com', 41, 'Aluno SJC 41'),
(47, '30000000042', 'Ensino Médio', 'aluno42@sjc.com', 42, 'Aluno SJC 42'),
(48, '30000000043', 'Ensino Médio', 'aluno43@sjc.com', 43, 'Aluno SJC 43'),
(49, '30000000044', 'Ensino Médio', 'aluno44@sjc.com', 44, 'Aluno SJC 44'),
(50, '30000000045', 'Ensino Médio', 'aluno45@sjc.com', 45, 'Aluno SJC 45'),
(51, '30000000046', 'Ensino Médio', 'aluno46@sjc.com', 46, 'Aluno SJC 46'),
(52, '30000000047', 'Ensino Médio', 'aluno47@sjc.com', 47, 'Aluno SJC 47'),
(53, '30000000048', 'Ensino Médio', 'aluno48@sjc.com', 48, 'Aluno SJC 48'),
(54, '30000000049', 'Ensino Médio', 'aluno49@sjc.com', 49, 'Aluno SJC 49'),
(55, '30000000050', 'Ensino Médio', 'aluno50@sjc.com', 50, 'Aluno SJC 50'),
(56, '30000000051', 'Ensino Médio', 'aluno51@sjc.com', 51, 'Aluno SJC 51'),
(57, '30000000052', 'Ensino Médio', 'aluno52@sjc.com', 52, 'Aluno SJC 52'),
(58, '30000000053', 'Ensino Médio', 'aluno53@sjc.com', 53, 'Aluno SJC 53'),
(59, '30000000054', 'Ensino Médio', 'aluno54@sjc.com', 54, 'Aluno SJC 54'),
(60, '30000000055', 'Ensino Médio', 'aluno55@sjc.com', 55, 'Aluno SJC 55'),
(61, '30000000056', 'Ensino Médio', 'aluno56@sjc.com', 56, 'Aluno SJC 56'),
(62, '30000000057', 'Ensino Médio', 'aluno57@sjc.com', 57, 'Aluno SJC 57'),
(63, '30000000058', 'Ensino Médio', 'aluno58@sjc.com', 58, 'Aluno SJC 58'),
(64, '30000000059', 'Ensino Médio', 'aluno59@sjc.com', 59, 'Aluno SJC 59'),
(65, '30000000060', 'Ensino Médio', 'aluno60@sjc.com', 60, 'Aluno SJC 60'),
(66, '30000000061', 'Ensino Médio', 'aluno61@sjc.com', 61, 'Aluno SJC 61'),
(67, '30000000062', 'Ensino Médio', 'aluno62@sjc.com', 62, 'Aluno SJC 62'),
(68, '30000000063', 'Ensino Médio', 'aluno63@sjc.com', 63, 'Aluno SJC 63'),
(69, '30000000064', 'Ensino Médio', 'aluno64@sjc.com', 64, 'Aluno SJC 64'),
(70, '30000000065', 'Ensino Médio', 'aluno65@sjc.com', 65, 'Aluno SJC 65'),
(71, '30000000066', 'Ensino Médio', 'aluno66@sjc.com', 66, 'Aluno SJC 66'),
(72, '30000000067', 'Ensino Médio', 'aluno67@sjc.com', 67, 'Aluno SJC 67'),
(73, '30000000068', 'Ensino Médio', 'aluno68@sjc.com', 68, 'Aluno SJC 68'),
(74, '30000000069', 'Ensino Médio', 'aluno69@sjc.com', 69, 'Aluno SJC 69'),
(75, '30000000070', 'Ensino Médio', 'aluno70@sjc.com', 70, 'Aluno SJC 70'),
(76, '30000000071', 'Ensino Médio', 'aluno71@sjc.com', 71, 'Aluno SJC 71'),
(77, '30000000072', 'Ensino Médio', 'aluno72@sjc.com', 72, 'Aluno SJC 72'),
(78, '30000000073', 'Ensino Médio', 'aluno73@sjc.com', 73, 'Aluno SJC 73'),
(79, '30000000074', 'Ensino Médio', 'aluno74@sjc.com', 74, 'Aluno SJC 74'),
(80, '30000000075', 'Ensino Médio', 'aluno75@sjc.com', 75, 'Aluno SJC 75'),
(81, '30000000076', 'Ensino Médio', 'aluno76@sjc.com', 76, 'Aluno SJC 76'),
(82, '30000000077', 'Ensino Médio', 'aluno77@sjc.com', 77, 'Aluno SJC 77'),
(83, '30000000078', 'Ensino Médio', 'aluno78@sjc.com', 78, 'Aluno SJC 78'),
(84, '30000000079', 'Ensino Médio', 'aluno79@sjc.com', 79, 'Aluno SJC 79'),
(85, '30000000080', 'Ensino Médio', 'aluno80@sjc.com', 80, 'Aluno SJC 80'),
(86, '30000000081', 'Ensino Médio', 'aluno81@sjc.com', 81, 'Aluno SJC 81'),
(87, '30000000082', 'Ensino Médio', 'aluno82@sjc.com', 82, 'Aluno SJC 82'),
(88, '30000000083', 'Ensino Médio', 'aluno83@sjc.com', 83, 'Aluno SJC 83'),
(89, '30000000084', 'Ensino Médio', 'aluno84@sjc.com', 84, 'Aluno SJC 84'),
(90, '30000000085', 'Ensino Médio', 'aluno85@sjc.com', 85, 'Aluno SJC 85'),
(91, '30000000086', 'Ensino Médio', 'aluno86@sjc.com', 86, 'Aluno SJC 86'),
(92, '30000000087', 'Ensino Médio', 'aluno87@sjc.com', 87, 'Aluno SJC 87'),
(93, '30000000088', 'Ensino Médio', 'aluno88@sjc.com', 88, 'Aluno SJC 88'),
(94, '30000000089', 'Ensino Médio', 'aluno89@sjc.com', 89, 'Aluno SJC 89'),
(95, '30000000090', 'Ensino Médio', 'aluno90@sjc.com', 90, 'Aluno SJC 90'),
(96, '30000000091', 'Ensino Médio', 'aluno91@sjc.com', 91, 'Aluno SJC 91'),
(97, '30000000092', 'Ensino Médio', 'aluno92@sjc.com', 92, 'Aluno SJC 92'),
(98, '30000000093', 'Ensino Médio', 'aluno93@sjc.com', 93, 'Aluno SJC 93'),
(99, '30000000094', 'Ensino Médio', 'aluno94@sjc.com', 94, 'Aluno SJC 94'),
(100, '30000000095', 'Ensino Médio', 'aluno95@sjc.com', 95, 'Aluno SJC 95'),
(101, '30000000096', 'Ensino Médio', 'aluno96@sjc.com', 96, 'Aluno SJC 96'),
(102, '30000000097', 'Ensino Médio', 'aluno97@sjc.com', 97, 'Aluno SJC 97'),
(103, '30000000098', 'Ensino Médio', 'aluno98@sjc.com', 98, 'Aluno SJC 98'),
(104, '30000000099', 'Ensino Médio', 'aluno99@sjc.com', 99, 'Aluno SJC 99'),
(105, '30000000100', 'Ensino Médio', 'aluno100@sjc.com', 100, 'Aluno SJC 100'),
(106, '30000000101', 'Ensino Médio', 'aluno101@sjc.com', 101, 'Aluno SJC 101'),
(107, '30000000102', 'Ensino Médio', 'aluno102@sjc.com', 102, 'Aluno SJC 102'),
(108, '30000000103', 'Ensino Médio', 'aluno103@sjc.com', 103, 'Aluno SJC 103'),
(109, '30000000104', 'Ensino Médio', 'aluno104@sjc.com', 104, 'Aluno SJC 104'),
(110, '30000000105', 'Ensino Médio', 'aluno105@sjc.com', 105, 'Aluno SJC 105'),
(111, '30000000106', 'Ensino Médio', 'aluno106@sjc.com', 106, 'Aluno SJC 106'),
(112, '30000000107', 'Ensino Médio', 'aluno107@sjc.com', 107, 'Aluno SJC 107'),
(113, '30000000108', 'Ensino Médio', 'aluno108@sjc.com', 108, 'Aluno SJC 108'),
(114, '30000000109', 'Ensino Médio', 'aluno109@sjc.com', 109, 'Aluno SJC 109'),
(115, '30000000110', 'Ensino Médio', 'aluno110@sjc.com', 110, 'Aluno SJC 110'),
(116, '30000000111', 'Ensino Médio', 'aluno111@sjc.com', 111, 'Aluno SJC 111'),
(117, '30000000112', 'Ensino Médio', 'aluno112@sjc.com', 112, 'Aluno SJC 112'),
(118, '30000000113', 'Ensino Médio', 'aluno113@sjc.com', 113, 'Aluno SJC 113'),
(119, '30000000114', 'Ensino Médio', 'aluno114@sjc.com', 114, 'Aluno SJC 114'),
(120, '30000000115', 'Ensino Médio', 'aluno115@sjc.com', 115, 'Aluno SJC 115'),
(121, '30000000116', 'Ensino Médio', 'aluno116@sjc.com', 116, 'Aluno SJC 116'),
(122, '30000000117', 'Ensino Médio', 'aluno117@sjc.com', 117, 'Aluno SJC 117'),
(123, '30000000118', 'Ensino Médio', 'aluno118@sjc.com', 118, 'Aluno SJC 118'),
(124, '30000000119', 'Ensino Médio', 'aluno119@sjc.com', 119, 'Aluno SJC 119'),
(125, '30000000120', 'Ensino Médio', 'aluno120@sjc.com', 120, 'Aluno SJC 120'),
(126, '30000000121', 'Ensino Médio', 'aluno121@sjc.com', 121, 'Aluno SJC 121'),
(127, '30000000122', 'Ensino Médio', 'aluno122@sjc.com', 122, 'Aluno SJC 122'),
(128, '30000000123', 'Ensino Médio', 'aluno123@sjc.com', 123, 'Aluno SJC 123'),
(129, '30000000124', 'Ensino Médio', 'aluno124@sjc.com', 124, 'Aluno SJC 124'),
(130, '30000000125', 'Ensino Médio', 'aluno125@sjc.com', 125, 'Aluno SJC 125'),
(131, '30000000126', 'Ensino Médio', 'aluno126@sjc.com', 126, 'Aluno SJC 126'),
(132, '30000000127', 'Ensino Médio', 'aluno127@sjc.com', 127, 'Aluno SJC 127'),
(133, '30000000128', 'Ensino Médio', 'aluno128@sjc.com', 128, 'Aluno SJC 128'),
(134, '30000000129', 'Ensino Médio', 'aluno129@sjc.com', 129, 'Aluno SJC 129'),
(135, '30000000130', 'Ensino Médio', 'aluno130@sjc.com', 130, 'Aluno SJC 130'),
(136, '30000000131', 'Ensino Médio', 'aluno131@sjc.com', 131, 'Aluno SJC 131'),
(137, '30000000132', 'Ensino Médio', 'aluno132@sjc.com', 132, 'Aluno SJC 132'),
(138, '30000000133', 'Ensino Médio', 'aluno133@sjc.com', 133, 'Aluno SJC 133'),
(139, '30000000134', 'Ensino Médio', 'aluno134@sjc.com', 134, 'Aluno SJC 134'),
(140, '30000000135', 'Ensino Médio', 'aluno135@sjc.com', 135, 'Aluno SJC 135'),
(141, '30000000136', 'Ensino Médio', 'aluno136@sjc.com', 136, 'Aluno SJC 136'),
(142, '30000000137', 'Ensino Médio', 'aluno137@sjc.com', 137, 'Aluno SJC 137'),
(143, '30000000138', 'Ensino Médio', 'aluno138@sjc.com', 138, 'Aluno SJC 138'),
(144, '30000000139', 'Ensino Médio', 'aluno139@sjc.com', 139, 'Aluno SJC 139'),
(145, '30000000140', 'Ensino Médio', 'aluno140@sjc.com', 140, 'Aluno SJC 140'),
(146, '30000000141', 'Ensino Médio', 'aluno141@sjc.com', 141, 'Aluno SJC 141'),
(147, '30000000142', 'Ensino Médio', 'aluno142@sjc.com', 142, 'Aluno SJC 142'),
(148, '30000000143', 'Ensino Médio', 'aluno143@sjc.com', 143, 'Aluno SJC 143'),
(149, '30000000144', 'Ensino Médio', 'aluno144@sjc.com', 144, 'Aluno SJC 144'),
(150, '30000000145', 'Ensino Médio', 'aluno145@sjc.com', 145, 'Aluno SJC 145'),
(151, '30000000146', 'Ensino Médio', 'aluno146@sjc.com', 146, 'Aluno SJC 146'),
(152, '30000000147', 'Ensino Médio', 'aluno147@sjc.com', 147, 'Aluno SJC 147'),
(153, '30000000148', 'Ensino Médio', 'aluno148@sjc.com', 148, 'Aluno SJC 148'),
(154, '30000000149', 'Ensino Médio', 'aluno149@sjc.com', 149, 'Aluno SJC 149'),
(155, '30000000150', 'Ensino Médio', 'aluno150@sjc.com', 150, 'Aluno SJC 150'),
(156, '30000000151', 'Ensino Médio', 'aluno151@sjc.com', 151, 'Aluno SJC 151'),
(157, '30000000152', 'Ensino Médio', 'aluno152@sjc.com', 152, 'Aluno SJC 152'),
(158, '30000000153', 'Ensino Médio', 'aluno153@sjc.com', 153, 'Aluno SJC 153'),
(159, '30000000154', 'Ensino Médio', 'aluno154@sjc.com', 154, 'Aluno SJC 154'),
(160, '30000000155', 'Ensino Médio', 'aluno155@sjc.com', 155, 'Aluno SJC 155'),
(161, '30000000156', 'Ensino Médio', 'aluno156@sjc.com', 156, 'Aluno SJC 156'),
(162, '30000000157', 'Ensino Médio', 'aluno157@sjc.com', 157, 'Aluno SJC 157'),
(163, '30000000158', 'Ensino Médio', 'aluno158@sjc.com', 158, 'Aluno SJC 158'),
(164, '30000000159', 'Ensino Médio', 'aluno159@sjc.com', 159, 'Aluno SJC 159'),
(165, '30000000160', 'Ensino Médio', 'aluno160@sjc.com', 160, 'Aluno SJC 160'),
(166, '30000000161', 'Ensino Médio', 'aluno161@sjc.com', 161, 'Aluno SJC 161'),
(167, '30000000162', 'Ensino Médio', 'aluno162@sjc.com', 162, 'Aluno SJC 162'),
(168, '30000000163', 'Ensino Médio', 'aluno163@sjc.com', 163, 'Aluno SJC 163'),
(169, '30000000164', 'Ensino Médio', 'aluno164@sjc.com', 164, 'Aluno SJC 164'),
(170, '30000000165', 'Ensino Médio', 'aluno165@sjc.com', 165, 'Aluno SJC 165'),
(171, '30000000166', 'Ensino Médio', 'aluno166@sjc.com', 166, 'Aluno SJC 166'),
(172, '30000000167', 'Ensino Médio', 'aluno167@sjc.com', 167, 'Aluno SJC 167'),
(173, '30000000168', 'Ensino Médio', 'aluno168@sjc.com', 168, 'Aluno SJC 168'),
(174, '30000000169', 'Ensino Médio', 'aluno169@sjc.com', 169, 'Aluno SJC 169'),
(175, '30000000170', 'Ensino Médio', 'aluno170@sjc.com', 170, 'Aluno SJC 170'),
(176, '30000000171', 'Ensino Médio', 'aluno171@sjc.com', 171, 'Aluno SJC 171'),
(177, '30000000172', 'Ensino Médio', 'aluno172@sjc.com', 172, 'Aluno SJC 172'),
(178, '30000000173', 'Ensino Médio', 'aluno173@sjc.com', 173, 'Aluno SJC 173'),
(179, '30000000174', 'Ensino Médio', 'aluno174@sjc.com', 174, 'Aluno SJC 174'),
(180, '30000000175', 'Ensino Médio', 'aluno175@sjc.com', 175, 'Aluno SJC 175'),
(181, '30000000176', 'Ensino Médio', 'aluno176@sjc.com', 176, 'Aluno SJC 176'),
(182, '30000000177', 'Ensino Médio', 'aluno177@sjc.com', 177, 'Aluno SJC 177'),
(183, '30000000178', 'Ensino Médio', 'aluno178@sjc.com', 178, 'Aluno SJC 178'),
(184, '30000000179', 'Ensino Médio', 'aluno179@sjc.com', 179, 'Aluno SJC 179'),
(185, '30000000180', 'Ensino Médio', 'aluno180@sjc.com', 180, 'Aluno SJC 180'),
(186, '30000000181', 'Ensino Médio', 'aluno181@sjc.com', 181, 'Aluno SJC 181'),
(187, '30000000182', 'Ensino Médio', 'aluno182@sjc.com', 182, 'Aluno SJC 182'),
(188, '30000000183', 'Ensino Médio', 'aluno183@sjc.com', 183, 'Aluno SJC 183'),
(189, '30000000184', 'Ensino Médio', 'aluno184@sjc.com', 184, 'Aluno SJC 184'),
(190, '30000000185', 'Ensino Médio', 'aluno185@sjc.com', 185, 'Aluno SJC 185'),
(191, '30000000186', 'Ensino Médio', 'aluno186@sjc.com', 186, 'Aluno SJC 186'),
(192, '30000000187', 'Ensino Médio', 'aluno187@sjc.com', 187, 'Aluno SJC 187'),
(193, '30000000188', 'Ensino Médio', 'aluno188@sjc.com', 188, 'Aluno SJC 188'),
(194, '30000000189', 'Ensino Médio', 'aluno189@sjc.com', 189, 'Aluno SJC 189'),
(195, '30000000190', 'Ensino Médio', 'aluno190@sjc.com', 190, 'Aluno SJC 190'),
(196, '30000000191', 'Ensino Médio', 'aluno191@sjc.com', 191, 'Aluno SJC 191'),
(197, '30000000192', 'Ensino Médio', 'aluno192@sjc.com', 192, 'Aluno SJC 192'),
(198, '30000000193', 'Ensino Médio', 'aluno193@sjc.com', 193, 'Aluno SJC 193'),
(199, '30000000194', 'Ensino Médio', 'aluno194@sjc.com', 194, 'Aluno SJC 194'),
(200, '30000000195', 'Ensino Médio', 'aluno195@sjc.com', 195, 'Aluno SJC 195'),
(201, '30000000196', 'Ensino Médio', 'aluno196@sjc.com', 196, 'Aluno SJC 196'),
(202, '30000000197', 'Ensino Médio', 'aluno197@sjc.com', 197, 'Aluno SJC 197'),
(203, '30000000198', 'Ensino Médio', 'aluno198@sjc.com', 198, 'Aluno SJC 198'),
(204, '30000000199', 'Ensino Médio', 'aluno199@sjc.com', 199, 'Aluno SJC 199'),
(205, '30000000200', 'Ensino Médio', 'aluno200@sjc.com', 200, 'Aluno SJC 200'),
(206, '30000000201', 'Ensino Médio', 'aluno201@sjc.com', 201, 'Aluno SJC 201'),
(207, '30000000202', 'Ensino Médio', 'aluno202@sjc.com', 202, 'Aluno SJC 202'),
(208, '30000000203', 'Ensino Médio', 'aluno203@sjc.com', 203, 'Aluno SJC 203'),
(209, '30000000204', 'Ensino Médio', 'aluno204@sjc.com', 204, 'Aluno SJC 204'),
(210, '30000000205', 'Ensino Médio', 'aluno205@sjc.com', 205, 'Aluno SJC 205'),
(211, '30000000206', 'Ensino Médio', 'aluno206@sjc.com', 206, 'Aluno SJC 206'),
(212, '30000000207', 'Ensino Médio', 'aluno207@sjc.com', 207, 'Aluno SJC 207'),
(213, '30000000208', 'Ensino Médio', 'aluno208@sjc.com', 208, 'Aluno SJC 208'),
(214, '30000000209', 'Ensino Médio', 'aluno209@sjc.com', 209, 'Aluno SJC 209'),
(215, '30000000210', 'Ensino Médio', 'aluno210@sjc.com', 210, 'Aluno SJC 210'),
(216, '30000000211', 'Ensino Médio', 'aluno211@sjc.com', 211, 'Aluno SJC 211'),
(217, '30000000212', 'Ensino Médio', 'aluno212@sjc.com', 212, 'Aluno SJC 212'),
(218, '30000000213', 'Ensino Médio', 'aluno213@sjc.com', 213, 'Aluno SJC 213'),
(219, '30000000214', 'Ensino Médio', 'aluno214@sjc.com', 214, 'Aluno SJC 214'),
(220, '30000000215', 'Ensino Médio', 'aluno215@sjc.com', 215, 'Aluno SJC 215'),
(221, '30000000216', 'Ensino Médio', 'aluno216@sjc.com', 216, 'Aluno SJC 216'),
(222, '30000000217', 'Ensino Médio', 'aluno217@sjc.com', 217, 'Aluno SJC 217'),
(223, '30000000218', 'Ensino Médio', 'aluno218@sjc.com', 218, 'Aluno SJC 218'),
(224, '30000000219', 'Ensino Médio', 'aluno219@sjc.com', 219, 'Aluno SJC 219'),
(225, '30000000220', 'Ensino Médio', 'aluno220@sjc.com', 220, 'Aluno SJC 220'),
(226, '30000000221', 'Ensino Médio', 'aluno221@sjc.com', 221, 'Aluno SJC 221'),
(227, '30000000222', 'Ensino Médio', 'aluno222@sjc.com', 222, 'Aluno SJC 222'),
(228, '30000000223', 'Ensino Médio', 'aluno223@sjc.com', 223, 'Aluno SJC 223'),
(229, '30000000224', 'Ensino Médio', 'aluno224@sjc.com', 224, 'Aluno SJC 224'),
(230, '30000000225', 'Ensino Médio', 'aluno225@sjc.com', 225, 'Aluno SJC 225'),
(231, '30000000226', 'Ensino Médio', 'aluno226@sjc.com', 226, 'Aluno SJC 226'),
(232, '30000000227', 'Ensino Médio', 'aluno227@sjc.com', 227, 'Aluno SJC 227'),
(233, '30000000228', 'Ensino Médio', 'aluno228@sjc.com', 228, 'Aluno SJC 228'),
(234, '30000000229', 'Ensino Médio', 'aluno229@sjc.com', 229, 'Aluno SJC 229'),
(235, '30000000230', 'Ensino Médio', 'aluno230@sjc.com', 230, 'Aluno SJC 230'),
(236, '30000000231', 'Ensino Médio', 'aluno231@sjc.com', 231, 'Aluno SJC 231'),
(237, '30000000232', 'Ensino Médio', 'aluno232@sjc.com', 232, 'Aluno SJC 232'),
(238, '30000000233', 'Ensino Médio', 'aluno233@sjc.com', 233, 'Aluno SJC 233'),
(239, '30000000234', 'Ensino Médio', 'aluno234@sjc.com', 234, 'Aluno SJC 234'),
(240, '30000000235', 'Ensino Médio', 'aluno235@sjc.com', 235, 'Aluno SJC 235'),
(241, '30000000236', 'Ensino Médio', 'aluno236@sjc.com', 236, 'Aluno SJC 236'),
(242, '30000000237', 'Ensino Médio', 'aluno237@sjc.com', 237, 'Aluno SJC 237'),
(243, '30000000238', 'Ensino Médio', 'aluno238@sjc.com', 238, 'Aluno SJC 238'),
(244, '30000000239', 'Ensino Médio', 'aluno239@sjc.com', 239, 'Aluno SJC 239'),
(245, '30000000240', 'Ensino Médio', 'aluno240@sjc.com', 240, 'Aluno SJC 240'),
(246, '30000000241', 'Ensino Médio', 'aluno241@sjc.com', 241, 'Aluno SJC 241'),
(247, '30000000242', 'Ensino Médio', 'aluno242@sjc.com', 242, 'Aluno SJC 242'),
(248, '30000000243', 'Ensino Médio', 'aluno243@sjc.com', 243, 'Aluno SJC 243'),
(249, '30000000244', 'Ensino Médio', 'aluno244@sjc.com', 244, 'Aluno SJC 244'),
(250, '30000000245', 'Ensino Médio', 'aluno245@sjc.com', 245, 'Aluno SJC 245'),
(251, '30000000246', 'Ensino Médio', 'aluno246@sjc.com', 246, 'Aluno SJC 246'),
(252, '30000000247', 'Ensino Médio', 'aluno247@sjc.com', 247, 'Aluno SJC 247'),
(253, '30000000248', 'Ensino Médio', 'aluno248@sjc.com', 248, 'Aluno SJC 248'),
(254, '30000000249', 'Ensino Médio', 'aluno249@sjc.com', 249, 'Aluno SJC 249'),
(255, '30000000250', 'Ensino Médio', 'aluno250@sjc.com', 250, 'Aluno SJC 250');

-- --------------------------------------------------------

--
-- Estrutura para tabela `disciplinas`
--

DROP TABLE IF EXISTS `disciplinas`;
CREATE TABLE `disciplinas` (
  `id_disciplinas` int(11) NOT NULL,
  `nome_da_disciplina` varchar(100) NOT NULL,
  `id_cursos` int(11) NOT NULL,
  `id_professores` int(11) NOT NULL,
  `carga_horaria` int(11) NOT NULL
) ENGINE=InnoDB DEFAULT CHARSET=utf8mb4 COLLATE=utf8mb4_general_ci;

--
-- Despejando dados para a tabela `disciplinas`
--

INSERT INTO `disciplinas` (`id_disciplinas`, `nome_da_disciplina`, `id_cursos`, `id_professores`, `carga_horaria`) VALUES
(1, 'Algoritmos e Lógica de Programação', 1, 1, 80),
(2, 'Estruturas de Dados', 1, 2, 80),
(3, 'Modelagem de Banco de Dados', 1, 3, 80),
(4, 'Programação Orientada a Objetos', 1, 4, 80),
(5, 'Engenharia de Software', 1, 5, 80),
(6, 'Desenvolvimento Web Front-End', 1, 6, 80),
(7, 'Desenvolvimento Web Back-End', 1, 7, 80),
(8, 'Redes de Computadores', 1, 8, 80),
(9, 'Sistemas Operacionais', 1, 9, 80),
(10, 'Interface Homem-Computador', 1, 10, 80),
(11, 'Desenho Técnico Mecânico', 2, 11, 80),
(12, 'Metrologia Industrial', 2, 12, 80),
(13, 'Resistência dos Materiais', 2, 13, 80),
(14, 'Processos de Fabricação e Usinagem', 2, 14, 80),
(15, 'Elementos de Máquinas', 2, 15, 80),
(16, 'Sistemas Hidráulicos e Pneumáticos', 2, 16, 80),
(17, 'Manutenção Mecânica Industrial', 2, 17, 80),
(18, 'Termodinâmica Aplicada', 2, 18, 80),
(19, 'Controle de Qualidade', 2, 19, 80),
(20, 'Segurança do Trabalho na Indústria', 2, 20, 80),
(21, 'Eletricidade Geral', 3, 1, 80),
(22, 'Análise de Circuitos CA', 3, 2, 80),
(23, 'Dispositivos Analógicos', 3, 3, 80),
(24, 'Sistemas Digitais', 3, 4, 80),
(25, 'Microcontroladores', 3, 5, 80),
(26, 'Eletrônica de Potência', 3, 6, 80),
(27, 'Instrumentação Eletrônica', 3, 7, 80),
(28, 'Confecção de PCI', 3, 8, 80),
(29, 'Sistemas de Telecomunicações', 3, 9, 80),
(30, 'Manutenção de Equipamentos', 3, 10, 80),
(31, 'Teorias da Administração', 4, 11, 80),
(32, 'Gestão de RH', 4, 12, 80),
(33, 'Contabilidade Geral', 4, 13, 80),
(34, 'Administração Financeira', 4, 14, 80),
(35, 'Fundamentos do Marketing', 4, 15, 80),
(36, 'Logística de Suprimentos', 4, 16, 80),
(37, 'Planejamento Estratégico', 4, 17, 80),
(38, 'Direito Empresarial', 4, 18, 80),
(39, 'Empreendedorismo', 4, 19, 80),
(40, 'Ética Corporativa', 4, 20, 80),
(41, 'Controladores Lógicos (CLP)', 5, 1, 80),
(42, 'Sensores Industriais', 5, 2, 80),
(43, 'Sistemas de Supervisão SCADA', 5, 3, 80),
(44, 'Robótica Industrial', 5, 4, 80),
(45, 'Redes Industriais', 5, 5, 80),
(46, 'Controle de Processos', 5, 6, 80),
(47, 'Instalações Elétricas', 5, 7, 80),
(48, 'Acionamentos Elétricos', 5, 8, 80),
(49, 'Sistemas Embarcados', 5, 9, 80),
(50, 'Projetos de Automação', 5, 10, 80);

-- --------------------------------------------------------

--
-- Estrutura para tabela `estados`
--

DROP TABLE IF EXISTS `estados`;
CREATE TABLE `estados` (
  `id_estados` int(11) NOT NULL,
  `nome_do_estado` varchar(100) NOT NULL,
  `sigla` char(2) NOT NULL
) ENGINE=InnoDB DEFAULT CHARSET=utf8mb4 COLLATE=utf8mb4_general_ci;

--
-- Despejando dados para a tabela `estados`
--

INSERT INTO `estados` (`id_estados`, `nome_do_estado`, `sigla`) VALUES
(1, 'São Paulo', 'SP');

-- --------------------------------------------------------

--
-- Estrutura para tabela `frequencia`
--

DROP TABLE IF EXISTS `frequencia`;
CREATE TABLE `frequencia` (
  `id_frequencia` int(11) NOT NULL,
  `id_matricula` int(11) NOT NULL,
  `id_disciplinas` int(11) NOT NULL,
  `data_aula` date NOT NULL,
  `presenca` tinyint(1) NOT NULL
) ENGINE=InnoDB DEFAULT CHARSET=utf8mb4 COLLATE=utf8mb4_general_ci;

--
-- Despejando dados para a tabela `frequencia`
--

INSERT INTO `frequencia` (`id_frequencia`, `id_matricula`, `id_disciplinas`, `data_aula`, `presenca`) VALUES
(3006, 1001, 1, '2026-03-02', 1),
(3007, 1001, 1, '2026-03-09', 1),
(3008, 1001, 1, '2026-03-16', 0),
(3009, 1001, 1, '2026-03-23', 1),
(3010, 1001, 2, '2026-03-02', 1),
(3011, 1001, 2, '2026-03-09', 1),
(3012, 1001, 2, '2026-03-16', 0),
(3013, 1001, 2, '2026-03-23', 1),
(3014, 1001, 3, '2026-03-02', 1),
(3015, 1001, 3, '2026-03-09', 1),
(3016, 1001, 3, '2026-03-16', 0),
(3017, 1001, 3, '2026-03-23', 1),
(3018, 1001, 4, '2026-03-02', 1),
(3019, 1001, 4, '2026-03-09', 1),
(3020, 1001, 4, '2026-03-16', 0),
(3021, 1001, 4, '2026-03-23', 1),
(3022, 1001, 5, '2026-03-02', 1),
(3023, 1001, 5, '2026-03-09', 1),
(3024, 1001, 5, '2026-03-16', 0),
(3025, 1001, 5, '2026-03-23', 1),
(3026, 1001, 6, '2026-03-02', 1),
(3027, 1001, 6, '2026-03-09', 1),
(3028, 1001, 6, '2026-03-16', 0),
(3029, 1001, 6, '2026-03-23', 1),
(3030, 1001, 7, '2026-03-02', 1),
(3031, 1001, 7, '2026-03-09', 1),
(3032, 1001, 7, '2026-03-16', 0),
(3033, 1001, 7, '2026-03-23', 1),
(3034, 1001, 8, '2026-03-02', 1),
(3035, 1001, 8, '2026-03-09', 1),
(3036, 1001, 8, '2026-03-16', 0),
(3037, 1001, 8, '2026-03-23', 1),
(3038, 1001, 9, '2026-03-02', 1),
(3039, 1001, 9, '2026-03-09', 1),
(3040, 1001, 9, '2026-03-16', 0),
(3041, 1001, 9, '2026-03-23', 1),
(3042, 1001, 10, '2026-03-02', 1),
(3043, 1001, 10, '2026-03-09', 1),
(3044, 1001, 10, '2026-03-16', 0),
(3045, 1001, 10, '2026-03-23', 1),
(3046, 1002, 1, '2026-03-02', 1),
(3047, 1002, 1, '2026-03-09', 1),
(3048, 1002, 1, '2026-03-16', 0),
(3049, 1002, 1, '2026-03-23', 1),
(3050, 1002, 2, '2026-03-02', 1),
(3051, 1002, 2, '2026-03-09', 1),
(3052, 1002, 2, '2026-03-16', 0),
(3053, 1002, 2, '2026-03-23', 1),
(3054, 1002, 3, '2026-03-02', 1),
(3055, 1002, 3, '2026-03-09', 1),
(3056, 1002, 3, '2026-03-16', 0),
(3057, 1002, 3, '2026-03-23', 1),
(3058, 1002, 4, '2026-03-02', 1),
(3059, 1002, 4, '2026-03-09', 1),
(3060, 1002, 4, '2026-03-16', 0),
(3061, 1002, 4, '2026-03-23', 1),
(3062, 1002, 5, '2026-03-02', 1),
(3063, 1002, 5, '2026-03-09', 1),
(3064, 1002, 5, '2026-03-16', 0),
(3065, 1002, 5, '2026-03-23', 1),
(3066, 1002, 6, '2026-03-02', 1),
(3067, 1002, 6, '2026-03-09', 1),
(3068, 1002, 6, '2026-03-16', 0),
(3069, 1002, 6, '2026-03-23', 1),
(3070, 1002, 7, '2026-03-02', 1),
(3071, 1002, 7, '2026-03-09', 1),
(3072, 1002, 7, '2026-03-16', 0),
(3073, 1002, 7, '2026-03-23', 1),
(3074, 1002, 8, '2026-03-02', 1),
(3075, 1002, 8, '2026-03-09', 1),
(3076, 1002, 8, '2026-03-16', 0),
(3077, 1002, 8, '2026-03-23', 1),
(3078, 1002, 9, '2026-03-02', 1),
(3079, 1002, 9, '2026-03-09', 1),
(3080, 1002, 9, '2026-03-16', 0),
(3081, 1002, 9, '2026-03-23', 1),
(3082, 1002, 10, '2026-03-02', 1),
(3083, 1002, 10, '2026-03-09', 1),
(3084, 1002, 10, '2026-03-16', 0),
(3085, 1002, 10, '2026-03-23', 1),
(3086, 1003, 1, '2026-03-02', 1),
(3087, 1003, 1, '2026-03-09', 1),
(3088, 1003, 1, '2026-03-16', 0),
(3089, 1003, 1, '2026-03-23', 1),
(3090, 1003, 2, '2026-03-02', 1),
(3091, 1003, 2, '2026-03-09', 1),
(3092, 1003, 2, '2026-03-16', 0),
(3093, 1003, 2, '2026-03-23', 1),
(3094, 1003, 3, '2026-03-02', 1),
(3095, 1003, 3, '2026-03-09', 1),
(3096, 1003, 3, '2026-03-16', 0),
(3097, 1003, 3, '2026-03-23', 1),
(3098, 1003, 4, '2026-03-02', 1),
(3099, 1003, 4, '2026-03-09', 1),
(3100, 1003, 4, '2026-03-16', 0),
(3101, 1003, 4, '2026-03-23', 1),
(3102, 1003, 5, '2026-03-02', 1),
(3103, 1003, 5, '2026-03-09', 1),
(3104, 1003, 5, '2026-03-16', 0),
(3105, 1003, 5, '2026-03-23', 1),
(3106, 1003, 6, '2026-03-02', 1),
(3107, 1003, 6, '2026-03-09', 1),
(3108, 1003, 6, '2026-03-16', 0),
(3109, 1003, 6, '2026-03-23', 1),
(3110, 1003, 7, '2026-03-02', 1),
(3111, 1003, 7, '2026-03-09', 1),
(3112, 1003, 7, '2026-03-16', 0),
(3113, 1003, 7, '2026-03-23', 1),
(3114, 1003, 8, '2026-03-02', 1),
(3115, 1003, 8, '2026-03-09', 1),
(3116, 1003, 8, '2026-03-16', 0),
(3117, 1003, 8, '2026-03-23', 1),
(3118, 1003, 9, '2026-03-02', 1),
(3119, 1003, 9, '2026-03-09', 1),
(3120, 1003, 9, '2026-03-16', 0),
(3121, 1003, 9, '2026-03-23', 1),
(3122, 1003, 10, '2026-03-02', 1),
(3123, 1003, 10, '2026-03-09', 1),
(3124, 1003, 10, '2026-03-16', 0),
(3125, 1003, 10, '2026-03-23', 1),
(3126, 1004, 1, '2026-03-02', 1),
(3127, 1004, 1, '2026-03-09', 1),
(3128, 1004, 1, '2026-03-16', 0),
(3129, 1004, 1, '2026-03-23', 1),
(3130, 1004, 2, '2026-03-02', 1),
(3131, 1004, 2, '2026-03-09', 1),
(3132, 1004, 2, '2026-03-16', 0),
(3133, 1004, 2, '2026-03-23', 1),
(3134, 1004, 3, '2026-03-02', 1),
(3135, 1004, 3, '2026-03-09', 1),
(3136, 1004, 3, '2026-03-16', 0),
(3137, 1004, 3, '2026-03-23', 1),
(3138, 1004, 4, '2026-03-02', 1),
(3139, 1004, 4, '2026-03-09', 1),
(3140, 1004, 4, '2026-03-16', 0),
(3141, 1004, 4, '2026-03-23', 1),
(3142, 1004, 5, '2026-03-02', 1),
(3143, 1004, 5, '2026-03-09', 1),
(3144, 1004, 5, '2026-03-16', 0),
(3145, 1004, 5, '2026-03-23', 1),
(3146, 1004, 6, '2026-03-02', 1),
(3147, 1004, 6, '2026-03-09', 1),
(3148, 1004, 6, '2026-03-16', 0),
(3149, 1004, 6, '2026-03-23', 1),
(3150, 1004, 7, '2026-03-02', 1),
(3151, 1004, 7, '2026-03-09', 1),
(3152, 1004, 7, '2026-03-16', 0),
(3153, 1004, 7, '2026-03-23', 1),
(3154, 1004, 8, '2026-03-02', 1),
(3155, 1004, 8, '2026-03-09', 1),
(3156, 1004, 8, '2026-03-16', 0),
(3157, 1004, 8, '2026-03-23', 1),
(3158, 1004, 9, '2026-03-02', 1),
(3159, 1004, 9, '2026-03-09', 1),
(3160, 1004, 9, '2026-03-16', 0),
(3161, 1004, 9, '2026-03-23', 1),
(3162, 1004, 10, '2026-03-02', 1),
(3163, 1004, 10, '2026-03-09', 1),
(3164, 1004, 10, '2026-03-16', 0),
(3165, 1004, 10, '2026-03-23', 1),
(3166, 1005, 1, '2026-03-02', 1),
(3167, 1005, 1, '2026-03-09', 1),
(3168, 1005, 1, '2026-03-16', 0),
(3169, 1005, 1, '2026-03-23', 1),
(3170, 1005, 2, '2026-03-02', 1),
(3171, 1005, 2, '2026-03-09', 1),
(3172, 1005, 2, '2026-03-16', 0),
(3173, 1005, 2, '2026-03-23', 1),
(3174, 1005, 3, '2026-03-02', 1),
(3175, 1005, 3, '2026-03-09', 1),
(3176, 1005, 3, '2026-03-16', 0),
(3177, 1005, 3, '2026-03-23', 1),
(3178, 1005, 4, '2026-03-02', 1),
(3179, 1005, 4, '2026-03-09', 1),
(3180, 1005, 4, '2026-03-16', 0),
(3181, 1005, 4, '2026-03-23', 1),
(3182, 1005, 5, '2026-03-02', 1),
(3183, 1005, 5, '2026-03-09', 1),
(3184, 1005, 5, '2026-03-16', 0),
(3185, 1005, 5, '2026-03-23', 1),
(3186, 1005, 6, '2026-03-02', 1),
(3187, 1005, 6, '2026-03-09', 1),
(3188, 1005, 6, '2026-03-16', 0),
(3189, 1005, 6, '2026-03-23', 1),
(3190, 1005, 7, '2026-03-02', 1),
(3191, 1005, 7, '2026-03-09', 1),
(3192, 1005, 7, '2026-03-16', 0),
(3193, 1005, 7, '2026-03-23', 1),
(3194, 1005, 8, '2026-03-02', 1),
(3195, 1005, 8, '2026-03-09', 1),
(3196, 1005, 8, '2026-03-16', 0),
(3197, 1005, 8, '2026-03-23', 1),
(3198, 1005, 9, '2026-03-02', 1),
(3199, 1005, 9, '2026-03-09', 1),
(3200, 1005, 9, '2026-03-16', 0),
(3201, 1005, 9, '2026-03-23', 1),
(3202, 1005, 10, '2026-03-02', 1),
(3203, 1005, 10, '2026-03-09', 1),
(3204, 1005, 10, '2026-03-16', 0),
(3205, 1005, 10, '2026-03-23', 1),
(3206, 1006, 1, '2026-03-02', 1),
(3207, 1006, 1, '2026-03-09', 1),
(3208, 1006, 1, '2026-03-16', 0),
(3209, 1006, 1, '2026-03-23', 1),
(3210, 1006, 2, '2026-03-02', 1),
(3211, 1006, 2, '2026-03-09', 1),
(3212, 1006, 2, '2026-03-16', 0),
(3213, 1006, 2, '2026-03-23', 1),
(3214, 1006, 3, '2026-03-02', 1),
(3215, 1006, 3, '2026-03-09', 1),
(3216, 1006, 3, '2026-03-16', 0),
(3217, 1006, 3, '2026-03-23', 1),
(3218, 1006, 4, '2026-03-02', 1),
(3219, 1006, 4, '2026-03-09', 1),
(3220, 1006, 4, '2026-03-16', 0),
(3221, 1006, 4, '2026-03-23', 1),
(3222, 1006, 5, '2026-03-02', 1),
(3223, 1006, 5, '2026-03-09', 1),
(3224, 1006, 5, '2026-03-16', 0),
(3225, 1006, 5, '2026-03-23', 1),
(3226, 1006, 6, '2026-03-02', 1),
(3227, 1006, 6, '2026-03-09', 1),
(3228, 1006, 6, '2026-03-16', 0),
(3229, 1006, 6, '2026-03-23', 1),
(3230, 1006, 7, '2026-03-02', 1),
(3231, 1006, 7, '2026-03-09', 1),
(3232, 1006, 7, '2026-03-16', 0),
(3233, 1006, 7, '2026-03-23', 1),
(3234, 1006, 8, '2026-03-02', 1),
(3235, 1006, 8, '2026-03-09', 1),
(3236, 1006, 8, '2026-03-16', 0),
(3237, 1006, 8, '2026-03-23', 1),
(3238, 1006, 9, '2026-03-02', 1),
(3239, 1006, 9, '2026-03-09', 1),
(3240, 1006, 9, '2026-03-16', 0),
(3241, 1006, 9, '2026-03-23', 1),
(3242, 1006, 10, '2026-03-02', 1),
(3243, 1006, 10, '2026-03-09', 1),
(3244, 1006, 10, '2026-03-16', 0),
(3245, 1006, 10, '2026-03-23', 1),
(3246, 1007, 1, '2026-03-02', 1),
(3247, 1007, 1, '2026-03-09', 1),
(3248, 1007, 1, '2026-03-16', 0),
(3249, 1007, 1, '2026-03-23', 1),
(3250, 1007, 2, '2026-03-02', 1),
(3251, 1007, 2, '2026-03-09', 1),
(3252, 1007, 2, '2026-03-16', 0),
(3253, 1007, 2, '2026-03-23', 1),
(3254, 1007, 3, '2026-03-02', 1),
(3255, 1007, 3, '2026-03-09', 1),
(3256, 1007, 3, '2026-03-16', 0),
(3257, 1007, 3, '2026-03-23', 1),
(3258, 1007, 4, '2026-03-02', 1),
(3259, 1007, 4, '2026-03-09', 1),
(3260, 1007, 4, '2026-03-16', 0),
(3261, 1007, 4, '2026-03-23', 1),
(3262, 1007, 5, '2026-03-02', 1),
(3263, 1007, 5, '2026-03-09', 1),
(3264, 1007, 5, '2026-03-16', 0),
(3265, 1007, 5, '2026-03-23', 1),
(3266, 1007, 6, '2026-03-02', 1),
(3267, 1007, 6, '2026-03-09', 1),
(3268, 1007, 6, '2026-03-16', 0),
(3269, 1007, 6, '2026-03-23', 1),
(3270, 1007, 7, '2026-03-02', 1),
(3271, 1007, 7, '2026-03-09', 1),
(3272, 1007, 7, '2026-03-16', 0),
(3273, 1007, 7, '2026-03-23', 1),
(3274, 1007, 8, '2026-03-02', 1),
(3275, 1007, 8, '2026-03-09', 1),
(3276, 1007, 8, '2026-03-16', 0),
(3277, 1007, 8, '2026-03-23', 1),
(3278, 1007, 9, '2026-03-02', 1),
(3279, 1007, 9, '2026-03-09', 1),
(3280, 1007, 9, '2026-03-16', 0),
(3281, 1007, 9, '2026-03-23', 1),
(3282, 1007, 10, '2026-03-02', 1),
(3283, 1007, 10, '2026-03-09', 1),
(3284, 1007, 10, '2026-03-16', 0),
(3285, 1007, 10, '2026-03-23', 1),
(3286, 1008, 1, '2026-03-02', 1),
(3287, 1008, 1, '2026-03-09', 1),
(3288, 1008, 1, '2026-03-16', 0),
(3289, 1008, 1, '2026-03-23', 1),
(3290, 1008, 2, '2026-03-02', 1),
(3291, 1008, 2, '2026-03-09', 1),
(3292, 1008, 2, '2026-03-16', 0),
(3293, 1008, 2, '2026-03-23', 1),
(3294, 1008, 3, '2026-03-02', 1),
(3295, 1008, 3, '2026-03-09', 1),
(3296, 1008, 3, '2026-03-16', 0),
(3297, 1008, 3, '2026-03-23', 1),
(3298, 1008, 4, '2026-03-02', 1),
(3299, 1008, 4, '2026-03-09', 1),
(3300, 1008, 4, '2026-03-16', 0),
(3301, 1008, 4, '2026-03-23', 1),
(3302, 1008, 5, '2026-03-02', 1),
(3303, 1008, 5, '2026-03-09', 1),
(3304, 1008, 5, '2026-03-16', 0),
(3305, 1008, 5, '2026-03-23', 1),
(3306, 1008, 6, '2026-03-02', 1),
(3307, 1008, 6, '2026-03-09', 1),
(3308, 1008, 6, '2026-03-16', 0),
(3309, 1008, 6, '2026-03-23', 1),
(3310, 1008, 7, '2026-03-02', 1),
(3311, 1008, 7, '2026-03-09', 1),
(3312, 1008, 7, '2026-03-16', 0),
(3313, 1008, 7, '2026-03-23', 1),
(3314, 1008, 8, '2026-03-02', 1),
(3315, 1008, 8, '2026-03-09', 1),
(3316, 1008, 8, '2026-03-16', 0),
(3317, 1008, 8, '2026-03-23', 1),
(3318, 1008, 9, '2026-03-02', 1),
(3319, 1008, 9, '2026-03-09', 1),
(3320, 1008, 9, '2026-03-16', 0),
(3321, 1008, 9, '2026-03-23', 1),
(3322, 1008, 10, '2026-03-02', 1),
(3323, 1008, 10, '2026-03-09', 1),
(3324, 1008, 10, '2026-03-16', 0),
(3325, 1008, 10, '2026-03-23', 1),
(3326, 1009, 1, '2026-03-02', 1),
(3327, 1009, 1, '2026-03-09', 1),
(3328, 1009, 1, '2026-03-16', 0),
(3329, 1009, 1, '2026-03-23', 1),
(3330, 1009, 2, '2026-03-02', 1),
(3331, 1009, 2, '2026-03-09', 1),
(3332, 1009, 2, '2026-03-16', 0),
(3333, 1009, 2, '2026-03-23', 1),
(3334, 1009, 3, '2026-03-02', 1),
(3335, 1009, 3, '2026-03-09', 1),
(3336, 1009, 3, '2026-03-16', 0),
(3337, 1009, 3, '2026-03-23', 1),
(3338, 1009, 4, '2026-03-02', 1),
(3339, 1009, 4, '2026-03-09', 1),
(3340, 1009, 4, '2026-03-16', 0),
(3341, 1009, 4, '2026-03-23', 1),
(3342, 1009, 5, '2026-03-02', 1),
(3343, 1009, 5, '2026-03-09', 1),
(3344, 1009, 5, '2026-03-16', 0),
(3345, 1009, 5, '2026-03-23', 1),
(3346, 1009, 6, '2026-03-02', 1),
(3347, 1009, 6, '2026-03-09', 1),
(3348, 1009, 6, '2026-03-16', 0),
(3349, 1009, 6, '2026-03-23', 1),
(3350, 1009, 7, '2026-03-02', 1),
(3351, 1009, 7, '2026-03-09', 1),
(3352, 1009, 7, '2026-03-16', 0),
(3353, 1009, 7, '2026-03-23', 1),
(3354, 1009, 8, '2026-03-02', 1),
(3355, 1009, 8, '2026-03-09', 1),
(3356, 1009, 8, '2026-03-16', 0),
(3357, 1009, 8, '2026-03-23', 1),
(3358, 1009, 9, '2026-03-02', 1),
(3359, 1009, 9, '2026-03-09', 1),
(3360, 1009, 9, '2026-03-16', 0),
(3361, 1009, 9, '2026-03-23', 1),
(3362, 1009, 10, '2026-03-02', 1),
(3363, 1009, 10, '2026-03-09', 1),
(3364, 1009, 10, '2026-03-16', 0),
(3365, 1009, 10, '2026-03-23', 1),
(3366, 1010, 1, '2026-03-02', 1),
(3367, 1010, 1, '2026-03-09', 1),
(3368, 1010, 1, '2026-03-16', 0),
(3369, 1010, 1, '2026-03-23', 1),
(3370, 1010, 2, '2026-03-02', 1),
(3371, 1010, 2, '2026-03-09', 1),
(3372, 1010, 2, '2026-03-16', 0),
(3373, 1010, 2, '2026-03-23', 1),
(3374, 1010, 3, '2026-03-02', 1),
(3375, 1010, 3, '2026-03-09', 1),
(3376, 1010, 3, '2026-03-16', 0),
(3377, 1010, 3, '2026-03-23', 1),
(3378, 1010, 4, '2026-03-02', 1),
(3379, 1010, 4, '2026-03-09', 1),
(3380, 1010, 4, '2026-03-16', 0),
(3381, 1010, 4, '2026-03-23', 1),
(3382, 1010, 5, '2026-03-02', 1),
(3383, 1010, 5, '2026-03-09', 1),
(3384, 1010, 5, '2026-03-16', 0),
(3385, 1010, 5, '2026-03-23', 1),
(3386, 1010, 6, '2026-03-02', 1),
(3387, 1010, 6, '2026-03-09', 1),
(3388, 1010, 6, '2026-03-16', 0),
(3389, 1010, 6, '2026-03-23', 1),
(3390, 1010, 7, '2026-03-02', 1),
(3391, 1010, 7, '2026-03-09', 1),
(3392, 1010, 7, '2026-03-16', 0),
(3393, 1010, 7, '2026-03-23', 1),
(3394, 1010, 8, '2026-03-02', 1),
(3395, 1010, 8, '2026-03-09', 1),
(3396, 1010, 8, '2026-03-16', 0),
(3397, 1010, 8, '2026-03-23', 1),
(3398, 1010, 9, '2026-03-02', 1),
(3399, 1010, 9, '2026-03-09', 1),
(3400, 1010, 9, '2026-03-16', 0),
(3401, 1010, 9, '2026-03-23', 1),
(3402, 1010, 10, '2026-03-02', 1),
(3403, 1010, 10, '2026-03-09', 1),
(3404, 1010, 10, '2026-03-16', 0),
(3405, 1010, 10, '2026-03-23', 1),
(3406, 1011, 1, '2026-03-02', 1),
(3407, 1011, 1, '2026-03-09', 1),
(3408, 1011, 1, '2026-03-16', 0),
(3409, 1011, 1, '2026-03-23', 1),
(3410, 1011, 2, '2026-03-02', 1),
(3411, 1011, 2, '2026-03-09', 1),
(3412, 1011, 2, '2026-03-16', 0),
(3413, 1011, 2, '2026-03-23', 1),
(3414, 1011, 3, '2026-03-02', 1),
(3415, 1011, 3, '2026-03-09', 1),
(3416, 1011, 3, '2026-03-16', 0),
(3417, 1011, 3, '2026-03-23', 1),
(3418, 1011, 4, '2026-03-02', 1),
(3419, 1011, 4, '2026-03-09', 1),
(3420, 1011, 4, '2026-03-16', 0),
(3421, 1011, 4, '2026-03-23', 1),
(3422, 1011, 5, '2026-03-02', 1),
(3423, 1011, 5, '2026-03-09', 1),
(3424, 1011, 5, '2026-03-16', 0),
(3425, 1011, 5, '2026-03-23', 1),
(3426, 1011, 6, '2026-03-02', 1),
(3427, 1011, 6, '2026-03-09', 1),
(3428, 1011, 6, '2026-03-16', 0),
(3429, 1011, 6, '2026-03-23', 1),
(3430, 1011, 7, '2026-03-02', 1),
(3431, 1011, 7, '2026-03-09', 1),
(3432, 1011, 7, '2026-03-16', 0),
(3433, 1011, 7, '2026-03-23', 1),
(3434, 1011, 8, '2026-03-02', 1),
(3435, 1011, 8, '2026-03-09', 1),
(3436, 1011, 8, '2026-03-16', 0),
(3437, 1011, 8, '2026-03-23', 1),
(3438, 1011, 9, '2026-03-02', 1),
(3439, 1011, 9, '2026-03-09', 1),
(3440, 1011, 9, '2026-03-16', 0),
(3441, 1011, 9, '2026-03-23', 1),
(3442, 1011, 10, '2026-03-02', 1),
(3443, 1011, 10, '2026-03-09', 1),
(3444, 1011, 10, '2026-03-16', 0),
(3445, 1011, 10, '2026-03-23', 1),
(3446, 1012, 1, '2026-03-02', 1),
(3447, 1012, 1, '2026-03-09', 1),
(3448, 1012, 1, '2026-03-16', 0),
(3449, 1012, 1, '2026-03-23', 1),
(3450, 1012, 2, '2026-03-02', 1),
(3451, 1012, 2, '2026-03-09', 1),
(3452, 1012, 2, '2026-03-16', 0),
(3453, 1012, 2, '2026-03-23', 1),
(3454, 1012, 3, '2026-03-02', 1),
(3455, 1012, 3, '2026-03-09', 1),
(3456, 1012, 3, '2026-03-16', 0),
(3457, 1012, 3, '2026-03-23', 1),
(3458, 1012, 4, '2026-03-02', 1),
(3459, 1012, 4, '2026-03-09', 1),
(3460, 1012, 4, '2026-03-16', 0),
(3461, 1012, 4, '2026-03-23', 1),
(3462, 1012, 5, '2026-03-02', 1),
(3463, 1012, 5, '2026-03-09', 1),
(3464, 1012, 5, '2026-03-16', 0),
(3465, 1012, 5, '2026-03-23', 1),
(3466, 1012, 6, '2026-03-02', 1),
(3467, 1012, 6, '2026-03-09', 1),
(3468, 1012, 6, '2026-03-16', 0),
(3469, 1012, 6, '2026-03-23', 1),
(3470, 1012, 7, '2026-03-02', 1),
(3471, 1012, 7, '2026-03-09', 1),
(3472, 1012, 7, '2026-03-16', 0),
(3473, 1012, 7, '2026-03-23', 1),
(3474, 1012, 8, '2026-03-02', 1),
(3475, 1012, 8, '2026-03-09', 1),
(3476, 1012, 8, '2026-03-16', 0),
(3477, 1012, 8, '2026-03-23', 1),
(3478, 1012, 9, '2026-03-02', 1),
(3479, 1012, 9, '2026-03-09', 1),
(3480, 1012, 9, '2026-03-16', 0),
(3481, 1012, 9, '2026-03-23', 1),
(3482, 1012, 10, '2026-03-02', 1),
(3483, 1012, 10, '2026-03-09', 1),
(3484, 1012, 10, '2026-03-16', 0),
(3485, 1012, 10, '2026-03-23', 1),
(3486, 1013, 1, '2026-03-02', 1),
(3487, 1013, 1, '2026-03-09', 1),
(3488, 1013, 1, '2026-03-16', 0),
(3489, 1013, 1, '2026-03-23', 1),
(3490, 1013, 2, '2026-03-02', 1),
(3491, 1013, 2, '2026-03-09', 1),
(3492, 1013, 2, '2026-03-16', 0),
(3493, 1013, 2, '2026-03-23', 1),
(3494, 1013, 3, '2026-03-02', 1),
(3495, 1013, 3, '2026-03-09', 1),
(3496, 1013, 3, '2026-03-16', 0),
(3497, 1013, 3, '2026-03-23', 1),
(3498, 1013, 4, '2026-03-02', 1),
(3499, 1013, 4, '2026-03-09', 1),
(3500, 1013, 4, '2026-03-16', 0),
(3501, 1013, 4, '2026-03-23', 1),
(3502, 1013, 5, '2026-03-02', 1),
(3503, 1013, 5, '2026-03-09', 1),
(3504, 1013, 5, '2026-03-16', 0),
(3505, 1013, 5, '2026-03-23', 1),
(3506, 1013, 6, '2026-03-02', 1),
(3507, 1013, 6, '2026-03-09', 1),
(3508, 1013, 6, '2026-03-16', 0),
(3509, 1013, 6, '2026-03-23', 1),
(3510, 1013, 7, '2026-03-02', 1),
(3511, 1013, 7, '2026-03-09', 1),
(3512, 1013, 7, '2026-03-16', 0),
(3513, 1013, 7, '2026-03-23', 1),
(3514, 1013, 8, '2026-03-02', 1),
(3515, 1013, 8, '2026-03-09', 1),
(3516, 1013, 8, '2026-03-16', 0),
(3517, 1013, 8, '2026-03-23', 1),
(3518, 1013, 9, '2026-03-02', 1),
(3519, 1013, 9, '2026-03-09', 1),
(3520, 1013, 9, '2026-03-16', 0),
(3521, 1013, 9, '2026-03-23', 1),
(3522, 1013, 10, '2026-03-02', 1),
(3523, 1013, 10, '2026-03-09', 1),
(3524, 1013, 10, '2026-03-16', 0),
(3525, 1013, 10, '2026-03-23', 1),
(3526, 1014, 1, '2026-03-02', 1),
(3527, 1014, 1, '2026-03-09', 1),
(3528, 1014, 1, '2026-03-16', 0),
(3529, 1014, 1, '2026-03-23', 1),
(3530, 1014, 2, '2026-03-02', 1),
(3531, 1014, 2, '2026-03-09', 1),
(3532, 1014, 2, '2026-03-16', 0),
(3533, 1014, 2, '2026-03-23', 1),
(3534, 1014, 3, '2026-03-02', 1),
(3535, 1014, 3, '2026-03-09', 1),
(3536, 1014, 3, '2026-03-16', 0),
(3537, 1014, 3, '2026-03-23', 1),
(3538, 1014, 4, '2026-03-02', 1),
(3539, 1014, 4, '2026-03-09', 1),
(3540, 1014, 4, '2026-03-16', 0),
(3541, 1014, 4, '2026-03-23', 1),
(3542, 1014, 5, '2026-03-02', 1),
(3543, 1014, 5, '2026-03-09', 1),
(3544, 1014, 5, '2026-03-16', 0),
(3545, 1014, 5, '2026-03-23', 1),
(3546, 1014, 6, '2026-03-02', 1),
(3547, 1014, 6, '2026-03-09', 1),
(3548, 1014, 6, '2026-03-16', 0),
(3549, 1014, 6, '2026-03-23', 1),
(3550, 1014, 7, '2026-03-02', 1),
(3551, 1014, 7, '2026-03-09', 1),
(3552, 1014, 7, '2026-03-16', 0),
(3553, 1014, 7, '2026-03-23', 1),
(3554, 1014, 8, '2026-03-02', 1),
(3555, 1014, 8, '2026-03-09', 1),
(3556, 1014, 8, '2026-03-16', 0),
(3557, 1014, 8, '2026-03-23', 1),
(3558, 1014, 9, '2026-03-02', 1),
(3559, 1014, 9, '2026-03-09', 1),
(3560, 1014, 9, '2026-03-16', 0),
(3561, 1014, 9, '2026-03-23', 1),
(3562, 1014, 10, '2026-03-02', 1),
(3563, 1014, 10, '2026-03-09', 1),
(3564, 1014, 10, '2026-03-16', 0),
(3565, 1014, 10, '2026-03-23', 1),
(3566, 1015, 1, '2026-03-02', 1),
(3567, 1015, 1, '2026-03-09', 1),
(3568, 1015, 1, '2026-03-16', 0),
(3569, 1015, 1, '2026-03-23', 1),
(3570, 1015, 2, '2026-03-02', 1),
(3571, 1015, 2, '2026-03-09', 1),
(3572, 1015, 2, '2026-03-16', 0),
(3573, 1015, 2, '2026-03-23', 1),
(3574, 1015, 3, '2026-03-02', 1),
(3575, 1015, 3, '2026-03-09', 1),
(3576, 1015, 3, '2026-03-16', 0),
(3577, 1015, 3, '2026-03-23', 1),
(3578, 1015, 4, '2026-03-02', 1),
(3579, 1015, 4, '2026-03-09', 1),
(3580, 1015, 4, '2026-03-16', 0),
(3581, 1015, 4, '2026-03-23', 1),
(3582, 1015, 5, '2026-03-02', 1),
(3583, 1015, 5, '2026-03-09', 1),
(3584, 1015, 5, '2026-03-16', 0),
(3585, 1015, 5, '2026-03-23', 1),
(3586, 1015, 6, '2026-03-02', 1),
(3587, 1015, 6, '2026-03-09', 1),
(3588, 1015, 6, '2026-03-16', 0),
(3589, 1015, 6, '2026-03-23', 1),
(3590, 1015, 7, '2026-03-02', 1),
(3591, 1015, 7, '2026-03-09', 1),
(3592, 1015, 7, '2026-03-16', 0),
(3593, 1015, 7, '2026-03-23', 1),
(3594, 1015, 8, '2026-03-02', 1),
(3595, 1015, 8, '2026-03-09', 1),
(3596, 1015, 8, '2026-03-16', 0),
(3597, 1015, 8, '2026-03-23', 1),
(3598, 1015, 9, '2026-03-02', 1),
(3599, 1015, 9, '2026-03-09', 1),
(3600, 1015, 9, '2026-03-16', 0),
(3601, 1015, 9, '2026-03-23', 1),
(3602, 1015, 10, '2026-03-02', 1),
(3603, 1015, 10, '2026-03-09', 1),
(3604, 1015, 10, '2026-03-16', 0),
(3605, 1015, 10, '2026-03-23', 1),
(3606, 1016, 1, '2026-03-02', 1),
(3607, 1016, 1, '2026-03-09', 1),
(3608, 1016, 1, '2026-03-16', 0),
(3609, 1016, 1, '2026-03-23', 1),
(3610, 1016, 2, '2026-03-02', 1),
(3611, 1016, 2, '2026-03-09', 1),
(3612, 1016, 2, '2026-03-16', 0),
(3613, 1016, 2, '2026-03-23', 1),
(3614, 1016, 3, '2026-03-02', 1),
(3615, 1016, 3, '2026-03-09', 1),
(3616, 1016, 3, '2026-03-16', 0),
(3617, 1016, 3, '2026-03-23', 1),
(3618, 1016, 4, '2026-03-02', 1),
(3619, 1016, 4, '2026-03-09', 1),
(3620, 1016, 4, '2026-03-16', 0),
(3621, 1016, 4, '2026-03-23', 1),
(3622, 1016, 5, '2026-03-02', 1),
(3623, 1016, 5, '2026-03-09', 1),
(3624, 1016, 5, '2026-03-16', 0),
(3625, 1016, 5, '2026-03-23', 1),
(3626, 1016, 6, '2026-03-02', 1),
(3627, 1016, 6, '2026-03-09', 1),
(3628, 1016, 6, '2026-03-16', 0),
(3629, 1016, 6, '2026-03-23', 1),
(3630, 1016, 7, '2026-03-02', 1),
(3631, 1016, 7, '2026-03-09', 1),
(3632, 1016, 7, '2026-03-16', 0),
(3633, 1016, 7, '2026-03-23', 1),
(3634, 1016, 8, '2026-03-02', 1),
(3635, 1016, 8, '2026-03-09', 1),
(3636, 1016, 8, '2026-03-16', 0),
(3637, 1016, 8, '2026-03-23', 1),
(3638, 1016, 9, '2026-03-02', 1),
(3639, 1016, 9, '2026-03-09', 1),
(3640, 1016, 9, '2026-03-16', 0),
(3641, 1016, 9, '2026-03-23', 1),
(3642, 1016, 10, '2026-03-02', 1),
(3643, 1016, 10, '2026-03-09', 1),
(3644, 1016, 10, '2026-03-16', 0),
(3645, 1016, 10, '2026-03-23', 1),
(3646, 1017, 1, '2026-03-02', 1),
(3647, 1017, 1, '2026-03-09', 1),
(3648, 1017, 1, '2026-03-16', 0),
(3649, 1017, 1, '2026-03-23', 1),
(3650, 1017, 2, '2026-03-02', 1),
(3651, 1017, 2, '2026-03-09', 1),
(3652, 1017, 2, '2026-03-16', 0),
(3653, 1017, 2, '2026-03-23', 1),
(3654, 1017, 3, '2026-03-02', 1),
(3655, 1017, 3, '2026-03-09', 1),
(3656, 1017, 3, '2026-03-16', 0),
(3657, 1017, 3, '2026-03-23', 1),
(3658, 1017, 4, '2026-03-02', 1),
(3659, 1017, 4, '2026-03-09', 1),
(3660, 1017, 4, '2026-03-16', 0),
(3661, 1017, 4, '2026-03-23', 1),
(3662, 1017, 5, '2026-03-02', 1),
(3663, 1017, 5, '2026-03-09', 1),
(3664, 1017, 5, '2026-03-16', 0),
(3665, 1017, 5, '2026-03-23', 1),
(3666, 1017, 6, '2026-03-02', 1),
(3667, 1017, 6, '2026-03-09', 1),
(3668, 1017, 6, '2026-03-16', 0),
(3669, 1017, 6, '2026-03-23', 1),
(3670, 1017, 7, '2026-03-02', 1),
(3671, 1017, 7, '2026-03-09', 1),
(3672, 1017, 7, '2026-03-16', 0),
(3673, 1017, 7, '2026-03-23', 1),
(3674, 1017, 8, '2026-03-02', 1),
(3675, 1017, 8, '2026-03-09', 1),
(3676, 1017, 8, '2026-03-16', 0),
(3677, 1017, 8, '2026-03-23', 1),
(3678, 1017, 9, '2026-03-02', 1),
(3679, 1017, 9, '2026-03-09', 1),
(3680, 1017, 9, '2026-03-16', 0),
(3681, 1017, 9, '2026-03-23', 1),
(3682, 1017, 10, '2026-03-02', 1),
(3683, 1017, 10, '2026-03-09', 1),
(3684, 1017, 10, '2026-03-16', 0),
(3685, 1017, 10, '2026-03-23', 1),
(3686, 1018, 1, '2026-03-02', 1),
(3687, 1018, 1, '2026-03-09', 1),
(3688, 1018, 1, '2026-03-16', 0),
(3689, 1018, 1, '2026-03-23', 1),
(3690, 1018, 2, '2026-03-02', 1),
(3691, 1018, 2, '2026-03-09', 1),
(3692, 1018, 2, '2026-03-16', 0),
(3693, 1018, 2, '2026-03-23', 1),
(3694, 1018, 3, '2026-03-02', 1),
(3695, 1018, 3, '2026-03-09', 1),
(3696, 1018, 3, '2026-03-16', 0),
(3697, 1018, 3, '2026-03-23', 1),
(3698, 1018, 4, '2026-03-02', 1),
(3699, 1018, 4, '2026-03-09', 1),
(3700, 1018, 4, '2026-03-16', 0),
(3701, 1018, 4, '2026-03-23', 1),
(3702, 1018, 5, '2026-03-02', 1),
(3703, 1018, 5, '2026-03-09', 1),
(3704, 1018, 5, '2026-03-16', 0),
(3705, 1018, 5, '2026-03-23', 1),
(3706, 1018, 6, '2026-03-02', 1),
(3707, 1018, 6, '2026-03-09', 1),
(3708, 1018, 6, '2026-03-16', 0),
(3709, 1018, 6, '2026-03-23', 1),
(3710, 1018, 7, '2026-03-02', 1),
(3711, 1018, 7, '2026-03-09', 1),
(3712, 1018, 7, '2026-03-16', 0),
(3713, 1018, 7, '2026-03-23', 1),
(3714, 1018, 8, '2026-03-02', 1),
(3715, 1018, 8, '2026-03-09', 1),
(3716, 1018, 8, '2026-03-16', 0),
(3717, 1018, 8, '2026-03-23', 1),
(3718, 1018, 9, '2026-03-02', 1),
(3719, 1018, 9, '2026-03-09', 1),
(3720, 1018, 9, '2026-03-16', 0),
(3721, 1018, 9, '2026-03-23', 1),
(3722, 1018, 10, '2026-03-02', 1),
(3723, 1018, 10, '2026-03-09', 1),
(3724, 1018, 10, '2026-03-16', 0),
(3725, 1018, 10, '2026-03-23', 1),
(3726, 1019, 1, '2026-03-02', 1),
(3727, 1019, 1, '2026-03-09', 1),
(3728, 1019, 1, '2026-03-16', 0),
(3729, 1019, 1, '2026-03-23', 1),
(3730, 1019, 2, '2026-03-02', 1),
(3731, 1019, 2, '2026-03-09', 1),
(3732, 1019, 2, '2026-03-16', 0),
(3733, 1019, 2, '2026-03-23', 1),
(3734, 1019, 3, '2026-03-02', 1),
(3735, 1019, 3, '2026-03-09', 1),
(3736, 1019, 3, '2026-03-16', 0),
(3737, 1019, 3, '2026-03-23', 1),
(3738, 1019, 4, '2026-03-02', 1),
(3739, 1019, 4, '2026-03-09', 1),
(3740, 1019, 4, '2026-03-16', 0),
(3741, 1019, 4, '2026-03-23', 1),
(3742, 1019, 5, '2026-03-02', 1),
(3743, 1019, 5, '2026-03-09', 1),
(3744, 1019, 5, '2026-03-16', 0),
(3745, 1019, 5, '2026-03-23', 1),
(3746, 1019, 6, '2026-03-02', 1),
(3747, 1019, 6, '2026-03-09', 1),
(3748, 1019, 6, '2026-03-16', 0),
(3749, 1019, 6, '2026-03-23', 1),
(3750, 1019, 7, '2026-03-02', 1),
(3751, 1019, 7, '2026-03-09', 1),
(3752, 1019, 7, '2026-03-16', 0),
(3753, 1019, 7, '2026-03-23', 1),
(3754, 1019, 8, '2026-03-02', 1),
(3755, 1019, 8, '2026-03-09', 1),
(3756, 1019, 8, '2026-03-16', 0),
(3757, 1019, 8, '2026-03-23', 1),
(3758, 1019, 9, '2026-03-02', 1),
(3759, 1019, 9, '2026-03-09', 1),
(3760, 1019, 9, '2026-03-16', 0),
(3761, 1019, 9, '2026-03-23', 1),
(3762, 1019, 10, '2026-03-02', 1),
(3763, 1019, 10, '2026-03-09', 1),
(3764, 1019, 10, '2026-03-16', 0),
(3765, 1019, 10, '2026-03-23', 1),
(3766, 1020, 1, '2026-03-02', 1),
(3767, 1020, 1, '2026-03-09', 1),
(3768, 1020, 1, '2026-03-16', 0),
(3769, 1020, 1, '2026-03-23', 1),
(3770, 1020, 2, '2026-03-02', 1),
(3771, 1020, 2, '2026-03-09', 1),
(3772, 1020, 2, '2026-03-16', 0),
(3773, 1020, 2, '2026-03-23', 1),
(3774, 1020, 3, '2026-03-02', 1),
(3775, 1020, 3, '2026-03-09', 1),
(3776, 1020, 3, '2026-03-16', 0),
(3777, 1020, 3, '2026-03-23', 1),
(3778, 1020, 4, '2026-03-02', 1),
(3779, 1020, 4, '2026-03-09', 1),
(3780, 1020, 4, '2026-03-16', 0),
(3781, 1020, 4, '2026-03-23', 1),
(3782, 1020, 5, '2026-03-02', 1),
(3783, 1020, 5, '2026-03-09', 1),
(3784, 1020, 5, '2026-03-16', 0),
(3785, 1020, 5, '2026-03-23', 1),
(3786, 1020, 6, '2026-03-02', 1),
(3787, 1020, 6, '2026-03-09', 1),
(3788, 1020, 6, '2026-03-16', 0),
(3789, 1020, 6, '2026-03-23', 1),
(3790, 1020, 7, '2026-03-02', 1),
(3791, 1020, 7, '2026-03-09', 1),
(3792, 1020, 7, '2026-03-16', 0),
(3793, 1020, 7, '2026-03-23', 1),
(3794, 1020, 8, '2026-03-02', 1),
(3795, 1020, 8, '2026-03-09', 1),
(3796, 1020, 8, '2026-03-16', 0),
(3797, 1020, 8, '2026-03-23', 1),
(3798, 1020, 9, '2026-03-02', 1),
(3799, 1020, 9, '2026-03-09', 1),
(3800, 1020, 9, '2026-03-16', 0),
(3801, 1020, 9, '2026-03-23', 1),
(3802, 1020, 10, '2026-03-02', 1),
(3803, 1020, 10, '2026-03-09', 1),
(3804, 1020, 10, '2026-03-16', 0),
(3805, 1020, 10, '2026-03-23', 1),
(3806, 1021, 1, '2026-03-02', 1),
(3807, 1021, 1, '2026-03-09', 1),
(3808, 1021, 1, '2026-03-16', 0),
(3809, 1021, 1, '2026-03-23', 1),
(3810, 1021, 2, '2026-03-02', 1),
(3811, 1021, 2, '2026-03-09', 1),
(3812, 1021, 2, '2026-03-16', 0),
(3813, 1021, 2, '2026-03-23', 1),
(3814, 1021, 3, '2026-03-02', 1),
(3815, 1021, 3, '2026-03-09', 1),
(3816, 1021, 3, '2026-03-16', 0),
(3817, 1021, 3, '2026-03-23', 1),
(3818, 1021, 4, '2026-03-02', 1),
(3819, 1021, 4, '2026-03-09', 1),
(3820, 1021, 4, '2026-03-16', 0),
(3821, 1021, 4, '2026-03-23', 1),
(3822, 1021, 5, '2026-03-02', 1),
(3823, 1021, 5, '2026-03-09', 1),
(3824, 1021, 5, '2026-03-16', 0),
(3825, 1021, 5, '2026-03-23', 1),
(3826, 1021, 6, '2026-03-02', 1),
(3827, 1021, 6, '2026-03-09', 1),
(3828, 1021, 6, '2026-03-16', 0),
(3829, 1021, 6, '2026-03-23', 1),
(3830, 1021, 7, '2026-03-02', 1),
(3831, 1021, 7, '2026-03-09', 1),
(3832, 1021, 7, '2026-03-16', 0),
(3833, 1021, 7, '2026-03-23', 1),
(3834, 1021, 8, '2026-03-02', 1),
(3835, 1021, 8, '2026-03-09', 1),
(3836, 1021, 8, '2026-03-16', 0),
(3837, 1021, 8, '2026-03-23', 1),
(3838, 1021, 9, '2026-03-02', 1),
(3839, 1021, 9, '2026-03-09', 1),
(3840, 1021, 9, '2026-03-16', 0),
(3841, 1021, 9, '2026-03-23', 1),
(3842, 1021, 10, '2026-03-02', 1),
(3843, 1021, 10, '2026-03-09', 1),
(3844, 1021, 10, '2026-03-16', 0),
(3845, 1021, 10, '2026-03-23', 1),
(3846, 1022, 1, '2026-03-02', 1),
(3847, 1022, 1, '2026-03-09', 1),
(3848, 1022, 1, '2026-03-16', 0),
(3849, 1022, 1, '2026-03-23', 1),
(3850, 1022, 2, '2026-03-02', 1),
(3851, 1022, 2, '2026-03-09', 1),
(3852, 1022, 2, '2026-03-16', 0),
(3853, 1022, 2, '2026-03-23', 1),
(3854, 1022, 3, '2026-03-02', 1),
(3855, 1022, 3, '2026-03-09', 1),
(3856, 1022, 3, '2026-03-16', 0),
(3857, 1022, 3, '2026-03-23', 1),
(3858, 1022, 4, '2026-03-02', 1),
(3859, 1022, 4, '2026-03-09', 1),
(3860, 1022, 4, '2026-03-16', 0),
(3861, 1022, 4, '2026-03-23', 1),
(3862, 1022, 5, '2026-03-02', 1),
(3863, 1022, 5, '2026-03-09', 1),
(3864, 1022, 5, '2026-03-16', 0),
(3865, 1022, 5, '2026-03-23', 1),
(3866, 1022, 6, '2026-03-02', 1),
(3867, 1022, 6, '2026-03-09', 1),
(3868, 1022, 6, '2026-03-16', 0),
(3869, 1022, 6, '2026-03-23', 1),
(3870, 1022, 7, '2026-03-02', 1),
(3871, 1022, 7, '2026-03-09', 1),
(3872, 1022, 7, '2026-03-16', 0),
(3873, 1022, 7, '2026-03-23', 1),
(3874, 1022, 8, '2026-03-02', 1),
(3875, 1022, 8, '2026-03-09', 1),
(3876, 1022, 8, '2026-03-16', 0),
(3877, 1022, 8, '2026-03-23', 1),
(3878, 1022, 9, '2026-03-02', 1),
(3879, 1022, 9, '2026-03-09', 1),
(3880, 1022, 9, '2026-03-16', 0),
(3881, 1022, 9, '2026-03-23', 1),
(3882, 1022, 10, '2026-03-02', 1),
(3883, 1022, 10, '2026-03-09', 1),
(3884, 1022, 10, '2026-03-16', 0),
(3885, 1022, 10, '2026-03-23', 1),
(3886, 1023, 1, '2026-03-02', 1),
(3887, 1023, 1, '2026-03-09', 1),
(3888, 1023, 1, '2026-03-16', 0),
(3889, 1023, 1, '2026-03-23', 1),
(3890, 1023, 2, '2026-03-02', 1),
(3891, 1023, 2, '2026-03-09', 1),
(3892, 1023, 2, '2026-03-16', 0),
(3893, 1023, 2, '2026-03-23', 1),
(3894, 1023, 3, '2026-03-02', 1),
(3895, 1023, 3, '2026-03-09', 1),
(3896, 1023, 3, '2026-03-16', 0),
(3897, 1023, 3, '2026-03-23', 1),
(3898, 1023, 4, '2026-03-02', 1),
(3899, 1023, 4, '2026-03-09', 1),
(3900, 1023, 4, '2026-03-16', 0),
(3901, 1023, 4, '2026-03-23', 1),
(3902, 1023, 5, '2026-03-02', 1),
(3903, 1023, 5, '2026-03-09', 1),
(3904, 1023, 5, '2026-03-16', 0),
(3905, 1023, 5, '2026-03-23', 1),
(3906, 1023, 6, '2026-03-02', 1),
(3907, 1023, 6, '2026-03-09', 1),
(3908, 1023, 6, '2026-03-16', 0),
(3909, 1023, 6, '2026-03-23', 1),
(3910, 1023, 7, '2026-03-02', 1),
(3911, 1023, 7, '2026-03-09', 1),
(3912, 1023, 7, '2026-03-16', 0),
(3913, 1023, 7, '2026-03-23', 1),
(3914, 1023, 8, '2026-03-02', 1),
(3915, 1023, 8, '2026-03-09', 1),
(3916, 1023, 8, '2026-03-16', 0),
(3917, 1023, 8, '2026-03-23', 1),
(3918, 1023, 9, '2026-03-02', 1),
(3919, 1023, 9, '2026-03-09', 1),
(3920, 1023, 9, '2026-03-16', 0),
(3921, 1023, 9, '2026-03-23', 1),
(3922, 1023, 10, '2026-03-02', 1),
(3923, 1023, 10, '2026-03-09', 1),
(3924, 1023, 10, '2026-03-16', 0),
(3925, 1023, 10, '2026-03-23', 1),
(3926, 1024, 1, '2026-03-02', 1),
(3927, 1024, 1, '2026-03-09', 1),
(3928, 1024, 1, '2026-03-16', 0),
(3929, 1024, 1, '2026-03-23', 1),
(3930, 1024, 2, '2026-03-02', 1),
(3931, 1024, 2, '2026-03-09', 1),
(3932, 1024, 2, '2026-03-16', 0),
(3933, 1024, 2, '2026-03-23', 1),
(3934, 1024, 3, '2026-03-02', 1),
(3935, 1024, 3, '2026-03-09', 1),
(3936, 1024, 3, '2026-03-16', 0),
(3937, 1024, 3, '2026-03-23', 1),
(3938, 1024, 4, '2026-03-02', 1),
(3939, 1024, 4, '2026-03-09', 1),
(3940, 1024, 4, '2026-03-16', 0),
(3941, 1024, 4, '2026-03-23', 1),
(3942, 1024, 5, '2026-03-02', 1),
(3943, 1024, 5, '2026-03-09', 1),
(3944, 1024, 5, '2026-03-16', 0),
(3945, 1024, 5, '2026-03-23', 1),
(3946, 1024, 6, '2026-03-02', 1),
(3947, 1024, 6, '2026-03-09', 1),
(3948, 1024, 6, '2026-03-16', 0),
(3949, 1024, 6, '2026-03-23', 1),
(3950, 1024, 7, '2026-03-02', 1),
(3951, 1024, 7, '2026-03-09', 1),
(3952, 1024, 7, '2026-03-16', 0),
(3953, 1024, 7, '2026-03-23', 1),
(3954, 1024, 8, '2026-03-02', 1),
(3955, 1024, 8, '2026-03-09', 1),
(3956, 1024, 8, '2026-03-16', 0),
(3957, 1024, 8, '2026-03-23', 1),
(3958, 1024, 9, '2026-03-02', 1),
(3959, 1024, 9, '2026-03-09', 1),
(3960, 1024, 9, '2026-03-16', 0),
(3961, 1024, 9, '2026-03-23', 1),
(3962, 1024, 10, '2026-03-02', 1),
(3963, 1024, 10, '2026-03-09', 1),
(3964, 1024, 10, '2026-03-16', 0),
(3965, 1024, 10, '2026-03-23', 1),
(3966, 1025, 1, '2026-03-02', 1),
(3967, 1025, 1, '2026-03-09', 1),
(3968, 1025, 1, '2026-03-16', 0),
(3969, 1025, 1, '2026-03-23', 1),
(3970, 1025, 2, '2026-03-02', 1),
(3971, 1025, 2, '2026-03-09', 1),
(3972, 1025, 2, '2026-03-16', 0),
(3973, 1025, 2, '2026-03-23', 1),
(3974, 1025, 3, '2026-03-02', 1),
(3975, 1025, 3, '2026-03-09', 1),
(3976, 1025, 3, '2026-03-16', 0),
(3977, 1025, 3, '2026-03-23', 1),
(3978, 1025, 4, '2026-03-02', 1),
(3979, 1025, 4, '2026-03-09', 1),
(3980, 1025, 4, '2026-03-16', 0),
(3981, 1025, 4, '2026-03-23', 1),
(3982, 1025, 5, '2026-03-02', 1),
(3983, 1025, 5, '2026-03-09', 1),
(3984, 1025, 5, '2026-03-16', 0),
(3985, 1025, 5, '2026-03-23', 1),
(3986, 1025, 6, '2026-03-02', 1),
(3987, 1025, 6, '2026-03-09', 1),
(3988, 1025, 6, '2026-03-16', 0),
(3989, 1025, 6, '2026-03-23', 1),
(3990, 1025, 7, '2026-03-02', 1),
(3991, 1025, 7, '2026-03-09', 1),
(3992, 1025, 7, '2026-03-16', 0),
(3993, 1025, 7, '2026-03-23', 1),
(3994, 1025, 8, '2026-03-02', 1),
(3995, 1025, 8, '2026-03-09', 1),
(3996, 1025, 8, '2026-03-16', 0),
(3997, 1025, 8, '2026-03-23', 1),
(3998, 1025, 9, '2026-03-02', 1),
(3999, 1025, 9, '2026-03-09', 1),
(4000, 1025, 9, '2026-03-16', 0),
(4001, 1025, 9, '2026-03-23', 1),
(4002, 1025, 10, '2026-03-02', 1),
(4003, 1025, 10, '2026-03-09', 1),
(4004, 1025, 10, '2026-03-16', 0),
(4005, 1025, 10, '2026-03-23', 1),
(4006, 1026, 1, '2026-03-02', 1),
(4007, 1026, 1, '2026-03-09', 1),
(4008, 1026, 1, '2026-03-16', 0),
(4009, 1026, 1, '2026-03-23', 1),
(4010, 1026, 2, '2026-03-02', 1),
(4011, 1026, 2, '2026-03-09', 1),
(4012, 1026, 2, '2026-03-16', 0),
(4013, 1026, 2, '2026-03-23', 1),
(4014, 1026, 3, '2026-03-02', 1),
(4015, 1026, 3, '2026-03-09', 1),
(4016, 1026, 3, '2026-03-16', 0),
(4017, 1026, 3, '2026-03-23', 1),
(4018, 1026, 4, '2026-03-02', 1),
(4019, 1026, 4, '2026-03-09', 1),
(4020, 1026, 4, '2026-03-16', 0),
(4021, 1026, 4, '2026-03-23', 1),
(4022, 1026, 5, '2026-03-02', 1),
(4023, 1026, 5, '2026-03-09', 1),
(4024, 1026, 5, '2026-03-16', 0),
(4025, 1026, 5, '2026-03-23', 1),
(4026, 1026, 6, '2026-03-02', 1),
(4027, 1026, 6, '2026-03-09', 1),
(4028, 1026, 6, '2026-03-16', 0),
(4029, 1026, 6, '2026-03-23', 1),
(4030, 1026, 7, '2026-03-02', 1),
(4031, 1026, 7, '2026-03-09', 1),
(4032, 1026, 7, '2026-03-16', 0),
(4033, 1026, 7, '2026-03-23', 1),
(4034, 1026, 8, '2026-03-02', 1),
(4035, 1026, 8, '2026-03-09', 1),
(4036, 1026, 8, '2026-03-16', 0),
(4037, 1026, 8, '2026-03-23', 1),
(4038, 1026, 9, '2026-03-02', 1),
(4039, 1026, 9, '2026-03-09', 1),
(4040, 1026, 9, '2026-03-16', 0),
(4041, 1026, 9, '2026-03-23', 1),
(4042, 1026, 10, '2026-03-02', 1),
(4043, 1026, 10, '2026-03-09', 1),
(4044, 1026, 10, '2026-03-16', 0),
(4045, 1026, 10, '2026-03-23', 1),
(4046, 1027, 1, '2026-03-02', 1),
(4047, 1027, 1, '2026-03-09', 1),
(4048, 1027, 1, '2026-03-16', 0),
(4049, 1027, 1, '2026-03-23', 1),
(4050, 1027, 2, '2026-03-02', 1),
(4051, 1027, 2, '2026-03-09', 1),
(4052, 1027, 2, '2026-03-16', 0),
(4053, 1027, 2, '2026-03-23', 1),
(4054, 1027, 3, '2026-03-02', 1),
(4055, 1027, 3, '2026-03-09', 1),
(4056, 1027, 3, '2026-03-16', 0),
(4057, 1027, 3, '2026-03-23', 1),
(4058, 1027, 4, '2026-03-02', 1),
(4059, 1027, 4, '2026-03-09', 1),
(4060, 1027, 4, '2026-03-16', 0),
(4061, 1027, 4, '2026-03-23', 1),
(4062, 1027, 5, '2026-03-02', 1),
(4063, 1027, 5, '2026-03-09', 1),
(4064, 1027, 5, '2026-03-16', 0),
(4065, 1027, 5, '2026-03-23', 1),
(4066, 1027, 6, '2026-03-02', 1),
(4067, 1027, 6, '2026-03-09', 1),
(4068, 1027, 6, '2026-03-16', 0),
(4069, 1027, 6, '2026-03-23', 1),
(4070, 1027, 7, '2026-03-02', 1),
(4071, 1027, 7, '2026-03-09', 1),
(4072, 1027, 7, '2026-03-16', 0),
(4073, 1027, 7, '2026-03-23', 1),
(4074, 1027, 8, '2026-03-02', 1),
(4075, 1027, 8, '2026-03-09', 1),
(4076, 1027, 8, '2026-03-16', 0),
(4077, 1027, 8, '2026-03-23', 1),
(4078, 1027, 9, '2026-03-02', 1),
(4079, 1027, 9, '2026-03-09', 1),
(4080, 1027, 9, '2026-03-16', 0),
(4081, 1027, 9, '2026-03-23', 1),
(4082, 1027, 10, '2026-03-02', 1),
(4083, 1027, 10, '2026-03-09', 1),
(4084, 1027, 10, '2026-03-16', 0),
(4085, 1027, 10, '2026-03-23', 1),
(4086, 1028, 1, '2026-03-02', 1),
(4087, 1028, 1, '2026-03-09', 1),
(4088, 1028, 1, '2026-03-16', 0),
(4089, 1028, 1, '2026-03-23', 1),
(4090, 1028, 2, '2026-03-02', 1),
(4091, 1028, 2, '2026-03-09', 1),
(4092, 1028, 2, '2026-03-16', 0),
(4093, 1028, 2, '2026-03-23', 1),
(4094, 1028, 3, '2026-03-02', 1),
(4095, 1028, 3, '2026-03-09', 1),
(4096, 1028, 3, '2026-03-16', 0),
(4097, 1028, 3, '2026-03-23', 1),
(4098, 1028, 4, '2026-03-02', 1),
(4099, 1028, 4, '2026-03-09', 1),
(4100, 1028, 4, '2026-03-16', 0),
(4101, 1028, 4, '2026-03-23', 1),
(4102, 1028, 5, '2026-03-02', 1),
(4103, 1028, 5, '2026-03-09', 1),
(4104, 1028, 5, '2026-03-16', 0),
(4105, 1028, 5, '2026-03-23', 1),
(4106, 1028, 6, '2026-03-02', 1),
(4107, 1028, 6, '2026-03-09', 1),
(4108, 1028, 6, '2026-03-16', 0),
(4109, 1028, 6, '2026-03-23', 1),
(4110, 1028, 7, '2026-03-02', 1),
(4111, 1028, 7, '2026-03-09', 1),
(4112, 1028, 7, '2026-03-16', 0),
(4113, 1028, 7, '2026-03-23', 1),
(4114, 1028, 8, '2026-03-02', 1),
(4115, 1028, 8, '2026-03-09', 1),
(4116, 1028, 8, '2026-03-16', 0),
(4117, 1028, 8, '2026-03-23', 1),
(4118, 1028, 9, '2026-03-02', 1),
(4119, 1028, 9, '2026-03-09', 1),
(4120, 1028, 9, '2026-03-16', 0),
(4121, 1028, 9, '2026-03-23', 1),
(4122, 1028, 10, '2026-03-02', 1),
(4123, 1028, 10, '2026-03-09', 1),
(4124, 1028, 10, '2026-03-16', 0),
(4125, 1028, 10, '2026-03-23', 1),
(4126, 1029, 1, '2026-03-02', 1),
(4127, 1029, 1, '2026-03-09', 1),
(4128, 1029, 1, '2026-03-16', 0),
(4129, 1029, 1, '2026-03-23', 1),
(4130, 1029, 2, '2026-03-02', 1),
(4131, 1029, 2, '2026-03-09', 1),
(4132, 1029, 2, '2026-03-16', 0),
(4133, 1029, 2, '2026-03-23', 1),
(4134, 1029, 3, '2026-03-02', 1),
(4135, 1029, 3, '2026-03-09', 1),
(4136, 1029, 3, '2026-03-16', 0),
(4137, 1029, 3, '2026-03-23', 1),
(4138, 1029, 4, '2026-03-02', 1),
(4139, 1029, 4, '2026-03-09', 1),
(4140, 1029, 4, '2026-03-16', 0),
(4141, 1029, 4, '2026-03-23', 1),
(4142, 1029, 5, '2026-03-02', 1),
(4143, 1029, 5, '2026-03-09', 1),
(4144, 1029, 5, '2026-03-16', 0),
(4145, 1029, 5, '2026-03-23', 1),
(4146, 1029, 6, '2026-03-02', 1),
(4147, 1029, 6, '2026-03-09', 1),
(4148, 1029, 6, '2026-03-16', 0),
(4149, 1029, 6, '2026-03-23', 1),
(4150, 1029, 7, '2026-03-02', 1),
(4151, 1029, 7, '2026-03-09', 1),
(4152, 1029, 7, '2026-03-16', 0),
(4153, 1029, 7, '2026-03-23', 1),
(4154, 1029, 8, '2026-03-02', 1),
(4155, 1029, 8, '2026-03-09', 1),
(4156, 1029, 8, '2026-03-16', 0),
(4157, 1029, 8, '2026-03-23', 1),
(4158, 1029, 9, '2026-03-02', 1),
(4159, 1029, 9, '2026-03-09', 1),
(4160, 1029, 9, '2026-03-16', 0),
(4161, 1029, 9, '2026-03-23', 1),
(4162, 1029, 10, '2026-03-02', 1),
(4163, 1029, 10, '2026-03-09', 1),
(4164, 1029, 10, '2026-03-16', 0),
(4165, 1029, 10, '2026-03-23', 1),
(4166, 1030, 1, '2026-03-02', 1),
(4167, 1030, 1, '2026-03-09', 1),
(4168, 1030, 1, '2026-03-16', 0),
(4169, 1030, 1, '2026-03-23', 1),
(4170, 1030, 2, '2026-03-02', 1),
(4171, 1030, 2, '2026-03-09', 1),
(4172, 1030, 2, '2026-03-16', 0),
(4173, 1030, 2, '2026-03-23', 1),
(4174, 1030, 3, '2026-03-02', 1),
(4175, 1030, 3, '2026-03-09', 1),
(4176, 1030, 3, '2026-03-16', 0),
(4177, 1030, 3, '2026-03-23', 1),
(4178, 1030, 4, '2026-03-02', 1),
(4179, 1030, 4, '2026-03-09', 1),
(4180, 1030, 4, '2026-03-16', 0),
(4181, 1030, 4, '2026-03-23', 1),
(4182, 1030, 5, '2026-03-02', 1),
(4183, 1030, 5, '2026-03-09', 1),
(4184, 1030, 5, '2026-03-16', 0),
(4185, 1030, 5, '2026-03-23', 1),
(4186, 1030, 6, '2026-03-02', 1),
(4187, 1030, 6, '2026-03-09', 1),
(4188, 1030, 6, '2026-03-16', 0),
(4189, 1030, 6, '2026-03-23', 1),
(4190, 1030, 7, '2026-03-02', 1),
(4191, 1030, 7, '2026-03-09', 1),
(4192, 1030, 7, '2026-03-16', 0),
(4193, 1030, 7, '2026-03-23', 1),
(4194, 1030, 8, '2026-03-02', 1),
(4195, 1030, 8, '2026-03-09', 1),
(4196, 1030, 8, '2026-03-16', 0),
(4197, 1030, 8, '2026-03-23', 1),
(4198, 1030, 9, '2026-03-02', 1),
(4199, 1030, 9, '2026-03-09', 1),
(4200, 1030, 9, '2026-03-16', 0),
(4201, 1030, 9, '2026-03-23', 1),
(4202, 1030, 10, '2026-03-02', 1),
(4203, 1030, 10, '2026-03-09', 1),
(4204, 1030, 10, '2026-03-16', 0),
(4205, 1030, 10, '2026-03-23', 1),
(4206, 1031, 1, '2026-03-02', 1),
(4207, 1031, 1, '2026-03-09', 1),
(4208, 1031, 1, '2026-03-16', 0),
(4209, 1031, 1, '2026-03-23', 1),
(4210, 1031, 2, '2026-03-02', 1),
(4211, 1031, 2, '2026-03-09', 1),
(4212, 1031, 2, '2026-03-16', 0),
(4213, 1031, 2, '2026-03-23', 1),
(4214, 1031, 3, '2026-03-02', 1),
(4215, 1031, 3, '2026-03-09', 1),
(4216, 1031, 3, '2026-03-16', 0),
(4217, 1031, 3, '2026-03-23', 1),
(4218, 1031, 4, '2026-03-02', 1),
(4219, 1031, 4, '2026-03-09', 1),
(4220, 1031, 4, '2026-03-16', 0),
(4221, 1031, 4, '2026-03-23', 1),
(4222, 1031, 5, '2026-03-02', 1),
(4223, 1031, 5, '2026-03-09', 1),
(4224, 1031, 5, '2026-03-16', 0),
(4225, 1031, 5, '2026-03-23', 1),
(4226, 1031, 6, '2026-03-02', 1),
(4227, 1031, 6, '2026-03-09', 1),
(4228, 1031, 6, '2026-03-16', 0),
(4229, 1031, 6, '2026-03-23', 1),
(4230, 1031, 7, '2026-03-02', 1),
(4231, 1031, 7, '2026-03-09', 1),
(4232, 1031, 7, '2026-03-16', 0),
(4233, 1031, 7, '2026-03-23', 1),
(4234, 1031, 8, '2026-03-02', 1),
(4235, 1031, 8, '2026-03-09', 1),
(4236, 1031, 8, '2026-03-16', 0),
(4237, 1031, 8, '2026-03-23', 1),
(4238, 1031, 9, '2026-03-02', 1),
(4239, 1031, 9, '2026-03-09', 1),
(4240, 1031, 9, '2026-03-16', 0),
(4241, 1031, 9, '2026-03-23', 1),
(4242, 1031, 10, '2026-03-02', 1),
(4243, 1031, 10, '2026-03-09', 1),
(4244, 1031, 10, '2026-03-16', 0),
(4245, 1031, 10, '2026-03-23', 1),
(4246, 1032, 1, '2026-03-02', 1),
(4247, 1032, 1, '2026-03-09', 1),
(4248, 1032, 1, '2026-03-16', 0),
(4249, 1032, 1, '2026-03-23', 1),
(4250, 1032, 2, '2026-03-02', 1),
(4251, 1032, 2, '2026-03-09', 1),
(4252, 1032, 2, '2026-03-16', 0),
(4253, 1032, 2, '2026-03-23', 1),
(4254, 1032, 3, '2026-03-02', 1),
(4255, 1032, 3, '2026-03-09', 1),
(4256, 1032, 3, '2026-03-16', 0),
(4257, 1032, 3, '2026-03-23', 1),
(4258, 1032, 4, '2026-03-02', 1),
(4259, 1032, 4, '2026-03-09', 1),
(4260, 1032, 4, '2026-03-16', 0),
(4261, 1032, 4, '2026-03-23', 1),
(4262, 1032, 5, '2026-03-02', 1),
(4263, 1032, 5, '2026-03-09', 1),
(4264, 1032, 5, '2026-03-16', 0),
(4265, 1032, 5, '2026-03-23', 1),
(4266, 1032, 6, '2026-03-02', 1),
(4267, 1032, 6, '2026-03-09', 1),
(4268, 1032, 6, '2026-03-16', 0),
(4269, 1032, 6, '2026-03-23', 1),
(4270, 1032, 7, '2026-03-02', 1),
(4271, 1032, 7, '2026-03-09', 1),
(4272, 1032, 7, '2026-03-16', 0),
(4273, 1032, 7, '2026-03-23', 1),
(4274, 1032, 8, '2026-03-02', 1),
(4275, 1032, 8, '2026-03-09', 1),
(4276, 1032, 8, '2026-03-16', 0),
(4277, 1032, 8, '2026-03-23', 1),
(4278, 1032, 9, '2026-03-02', 1),
(4279, 1032, 9, '2026-03-09', 1),
(4280, 1032, 9, '2026-03-16', 0),
(4281, 1032, 9, '2026-03-23', 1),
(4282, 1032, 10, '2026-03-02', 1),
(4283, 1032, 10, '2026-03-09', 1),
(4284, 1032, 10, '2026-03-16', 0),
(4285, 1032, 10, '2026-03-23', 1),
(4286, 1033, 1, '2026-03-02', 1),
(4287, 1033, 1, '2026-03-09', 1),
(4288, 1033, 1, '2026-03-16', 0),
(4289, 1033, 1, '2026-03-23', 1),
(4290, 1033, 2, '2026-03-02', 1),
(4291, 1033, 2, '2026-03-09', 1),
(4292, 1033, 2, '2026-03-16', 0),
(4293, 1033, 2, '2026-03-23', 1),
(4294, 1033, 3, '2026-03-02', 1),
(4295, 1033, 3, '2026-03-09', 1),
(4296, 1033, 3, '2026-03-16', 0),
(4297, 1033, 3, '2026-03-23', 1),
(4298, 1033, 4, '2026-03-02', 1),
(4299, 1033, 4, '2026-03-09', 1),
(4300, 1033, 4, '2026-03-16', 0),
(4301, 1033, 4, '2026-03-23', 1),
(4302, 1033, 5, '2026-03-02', 1),
(4303, 1033, 5, '2026-03-09', 1),
(4304, 1033, 5, '2026-03-16', 0),
(4305, 1033, 5, '2026-03-23', 1),
(4306, 1033, 6, '2026-03-02', 1),
(4307, 1033, 6, '2026-03-09', 1),
(4308, 1033, 6, '2026-03-16', 0),
(4309, 1033, 6, '2026-03-23', 1),
(4310, 1033, 7, '2026-03-02', 1),
(4311, 1033, 7, '2026-03-09', 1),
(4312, 1033, 7, '2026-03-16', 0),
(4313, 1033, 7, '2026-03-23', 1),
(4314, 1033, 8, '2026-03-02', 1),
(4315, 1033, 8, '2026-03-09', 1),
(4316, 1033, 8, '2026-03-16', 0),
(4317, 1033, 8, '2026-03-23', 1),
(4318, 1033, 9, '2026-03-02', 1),
(4319, 1033, 9, '2026-03-09', 1),
(4320, 1033, 9, '2026-03-16', 0),
(4321, 1033, 9, '2026-03-23', 1),
(4322, 1033, 10, '2026-03-02', 1),
(4323, 1033, 10, '2026-03-09', 1),
(4324, 1033, 10, '2026-03-16', 0),
(4325, 1033, 10, '2026-03-23', 1),
(4326, 1034, 1, '2026-03-02', 1),
(4327, 1034, 1, '2026-03-09', 1),
(4328, 1034, 1, '2026-03-16', 0),
(4329, 1034, 1, '2026-03-23', 1),
(4330, 1034, 2, '2026-03-02', 1),
(4331, 1034, 2, '2026-03-09', 1),
(4332, 1034, 2, '2026-03-16', 0),
(4333, 1034, 2, '2026-03-23', 1),
(4334, 1034, 3, '2026-03-02', 1),
(4335, 1034, 3, '2026-03-09', 1),
(4336, 1034, 3, '2026-03-16', 0),
(4337, 1034, 3, '2026-03-23', 1),
(4338, 1034, 4, '2026-03-02', 1),
(4339, 1034, 4, '2026-03-09', 1),
(4340, 1034, 4, '2026-03-16', 0),
(4341, 1034, 4, '2026-03-23', 1),
(4342, 1034, 5, '2026-03-02', 1),
(4343, 1034, 5, '2026-03-09', 1),
(4344, 1034, 5, '2026-03-16', 0),
(4345, 1034, 5, '2026-03-23', 1),
(4346, 1034, 6, '2026-03-02', 1),
(4347, 1034, 6, '2026-03-09', 1),
(4348, 1034, 6, '2026-03-16', 0),
(4349, 1034, 6, '2026-03-23', 1),
(4350, 1034, 7, '2026-03-02', 1),
(4351, 1034, 7, '2026-03-09', 1),
(4352, 1034, 7, '2026-03-16', 0),
(4353, 1034, 7, '2026-03-23', 1),
(4354, 1034, 8, '2026-03-02', 1),
(4355, 1034, 8, '2026-03-09', 1),
(4356, 1034, 8, '2026-03-16', 0),
(4357, 1034, 8, '2026-03-23', 1),
(4358, 1034, 9, '2026-03-02', 1),
(4359, 1034, 9, '2026-03-09', 1),
(4360, 1034, 9, '2026-03-16', 0),
(4361, 1034, 9, '2026-03-23', 1),
(4362, 1034, 10, '2026-03-02', 1),
(4363, 1034, 10, '2026-03-09', 1),
(4364, 1034, 10, '2026-03-16', 0),
(4365, 1034, 10, '2026-03-23', 1),
(4366, 1035, 1, '2026-03-02', 1),
(4367, 1035, 1, '2026-03-09', 1),
(4368, 1035, 1, '2026-03-16', 0),
(4369, 1035, 1, '2026-03-23', 1),
(4370, 1035, 2, '2026-03-02', 1),
(4371, 1035, 2, '2026-03-09', 1),
(4372, 1035, 2, '2026-03-16', 0),
(4373, 1035, 2, '2026-03-23', 1),
(4374, 1035, 3, '2026-03-02', 1),
(4375, 1035, 3, '2026-03-09', 1),
(4376, 1035, 3, '2026-03-16', 0),
(4377, 1035, 3, '2026-03-23', 1),
(4378, 1035, 4, '2026-03-02', 1),
(4379, 1035, 4, '2026-03-09', 1),
(4380, 1035, 4, '2026-03-16', 0),
(4381, 1035, 4, '2026-03-23', 1),
(4382, 1035, 5, '2026-03-02', 1),
(4383, 1035, 5, '2026-03-09', 1),
(4384, 1035, 5, '2026-03-16', 0),
(4385, 1035, 5, '2026-03-23', 1),
(4386, 1035, 6, '2026-03-02', 1),
(4387, 1035, 6, '2026-03-09', 1),
(4388, 1035, 6, '2026-03-16', 0),
(4389, 1035, 6, '2026-03-23', 1),
(4390, 1035, 7, '2026-03-02', 1),
(4391, 1035, 7, '2026-03-09', 1),
(4392, 1035, 7, '2026-03-16', 0),
(4393, 1035, 7, '2026-03-23', 1),
(4394, 1035, 8, '2026-03-02', 1),
(4395, 1035, 8, '2026-03-09', 1),
(4396, 1035, 8, '2026-03-16', 0),
(4397, 1035, 8, '2026-03-23', 1),
(4398, 1035, 9, '2026-03-02', 1),
(4399, 1035, 9, '2026-03-09', 1),
(4400, 1035, 9, '2026-03-16', 0),
(4401, 1035, 9, '2026-03-23', 1),
(4402, 1035, 10, '2026-03-02', 1),
(4403, 1035, 10, '2026-03-09', 1),
(4404, 1035, 10, '2026-03-16', 0),
(4405, 1035, 10, '2026-03-23', 1),
(4406, 1036, 1, '2026-03-02', 1),
(4407, 1036, 1, '2026-03-09', 1),
(4408, 1036, 1, '2026-03-16', 0),
(4409, 1036, 1, '2026-03-23', 1),
(4410, 1036, 2, '2026-03-02', 1),
(4411, 1036, 2, '2026-03-09', 1),
(4412, 1036, 2, '2026-03-16', 0),
(4413, 1036, 2, '2026-03-23', 1),
(4414, 1036, 3, '2026-03-02', 1),
(4415, 1036, 3, '2026-03-09', 1),
(4416, 1036, 3, '2026-03-16', 0),
(4417, 1036, 3, '2026-03-23', 1),
(4418, 1036, 4, '2026-03-02', 1),
(4419, 1036, 4, '2026-03-09', 1),
(4420, 1036, 4, '2026-03-16', 0),
(4421, 1036, 4, '2026-03-23', 1),
(4422, 1036, 5, '2026-03-02', 1),
(4423, 1036, 5, '2026-03-09', 1),
(4424, 1036, 5, '2026-03-16', 0),
(4425, 1036, 5, '2026-03-23', 1),
(4426, 1036, 6, '2026-03-02', 1),
(4427, 1036, 6, '2026-03-09', 1),
(4428, 1036, 6, '2026-03-16', 0),
(4429, 1036, 6, '2026-03-23', 1),
(4430, 1036, 7, '2026-03-02', 1),
(4431, 1036, 7, '2026-03-09', 1),
(4432, 1036, 7, '2026-03-16', 0),
(4433, 1036, 7, '2026-03-23', 1),
(4434, 1036, 8, '2026-03-02', 1),
(4435, 1036, 8, '2026-03-09', 1),
(4436, 1036, 8, '2026-03-16', 0),
(4437, 1036, 8, '2026-03-23', 1),
(4438, 1036, 9, '2026-03-02', 1),
(4439, 1036, 9, '2026-03-09', 1),
(4440, 1036, 9, '2026-03-16', 0),
(4441, 1036, 9, '2026-03-23', 1),
(4442, 1036, 10, '2026-03-02', 1),
(4443, 1036, 10, '2026-03-09', 1),
(4444, 1036, 10, '2026-03-16', 0),
(4445, 1036, 10, '2026-03-23', 1),
(4446, 1037, 1, '2026-03-02', 1),
(4447, 1037, 1, '2026-03-09', 1),
(4448, 1037, 1, '2026-03-16', 0),
(4449, 1037, 1, '2026-03-23', 1),
(4450, 1037, 2, '2026-03-02', 1),
(4451, 1037, 2, '2026-03-09', 1),
(4452, 1037, 2, '2026-03-16', 0),
(4453, 1037, 2, '2026-03-23', 1),
(4454, 1037, 3, '2026-03-02', 1),
(4455, 1037, 3, '2026-03-09', 1),
(4456, 1037, 3, '2026-03-16', 0),
(4457, 1037, 3, '2026-03-23', 1),
(4458, 1037, 4, '2026-03-02', 1),
(4459, 1037, 4, '2026-03-09', 1),
(4460, 1037, 4, '2026-03-16', 0),
(4461, 1037, 4, '2026-03-23', 1),
(4462, 1037, 5, '2026-03-02', 1),
(4463, 1037, 5, '2026-03-09', 1),
(4464, 1037, 5, '2026-03-16', 0),
(4465, 1037, 5, '2026-03-23', 1),
(4466, 1037, 6, '2026-03-02', 1),
(4467, 1037, 6, '2026-03-09', 1),
(4468, 1037, 6, '2026-03-16', 0),
(4469, 1037, 6, '2026-03-23', 1),
(4470, 1037, 7, '2026-03-02', 1),
(4471, 1037, 7, '2026-03-09', 1),
(4472, 1037, 7, '2026-03-16', 0),
(4473, 1037, 7, '2026-03-23', 1),
(4474, 1037, 8, '2026-03-02', 1),
(4475, 1037, 8, '2026-03-09', 1),
(4476, 1037, 8, '2026-03-16', 0),
(4477, 1037, 8, '2026-03-23', 1),
(4478, 1037, 9, '2026-03-02', 1),
(4479, 1037, 9, '2026-03-09', 1),
(4480, 1037, 9, '2026-03-16', 0),
(4481, 1037, 9, '2026-03-23', 1),
(4482, 1037, 10, '2026-03-02', 1),
(4483, 1037, 10, '2026-03-09', 1),
(4484, 1037, 10, '2026-03-16', 0),
(4485, 1037, 10, '2026-03-23', 1),
(4486, 1038, 1, '2026-03-02', 1),
(4487, 1038, 1, '2026-03-09', 1),
(4488, 1038, 1, '2026-03-16', 0),
(4489, 1038, 1, '2026-03-23', 1),
(4490, 1038, 2, '2026-03-02', 1),
(4491, 1038, 2, '2026-03-09', 1),
(4492, 1038, 2, '2026-03-16', 0),
(4493, 1038, 2, '2026-03-23', 1),
(4494, 1038, 3, '2026-03-02', 1),
(4495, 1038, 3, '2026-03-09', 1),
(4496, 1038, 3, '2026-03-16', 0),
(4497, 1038, 3, '2026-03-23', 1),
(4498, 1038, 4, '2026-03-02', 1),
(4499, 1038, 4, '2026-03-09', 1),
(4500, 1038, 4, '2026-03-16', 0),
(4501, 1038, 4, '2026-03-23', 1),
(4502, 1038, 5, '2026-03-02', 1),
(4503, 1038, 5, '2026-03-09', 1),
(4504, 1038, 5, '2026-03-16', 0),
(4505, 1038, 5, '2026-03-23', 1),
(4506, 1038, 6, '2026-03-02', 1),
(4507, 1038, 6, '2026-03-09', 1),
(4508, 1038, 6, '2026-03-16', 0),
(4509, 1038, 6, '2026-03-23', 1),
(4510, 1038, 7, '2026-03-02', 1),
(4511, 1038, 7, '2026-03-09', 1),
(4512, 1038, 7, '2026-03-16', 0),
(4513, 1038, 7, '2026-03-23', 1),
(4514, 1038, 8, '2026-03-02', 1),
(4515, 1038, 8, '2026-03-09', 1),
(4516, 1038, 8, '2026-03-16', 0),
(4517, 1038, 8, '2026-03-23', 1),
(4518, 1038, 9, '2026-03-02', 1),
(4519, 1038, 9, '2026-03-09', 1),
(4520, 1038, 9, '2026-03-16', 0),
(4521, 1038, 9, '2026-03-23', 1),
(4522, 1038, 10, '2026-03-02', 1),
(4523, 1038, 10, '2026-03-09', 1),
(4524, 1038, 10, '2026-03-16', 0),
(4525, 1038, 10, '2026-03-23', 1),
(4526, 1039, 1, '2026-03-02', 1),
(4527, 1039, 1, '2026-03-09', 1),
(4528, 1039, 1, '2026-03-16', 0),
(4529, 1039, 1, '2026-03-23', 1),
(4530, 1039, 2, '2026-03-02', 1),
(4531, 1039, 2, '2026-03-09', 1),
(4532, 1039, 2, '2026-03-16', 0),
(4533, 1039, 2, '2026-03-23', 1),
(4534, 1039, 3, '2026-03-02', 1),
(4535, 1039, 3, '2026-03-09', 1),
(4536, 1039, 3, '2026-03-16', 0),
(4537, 1039, 3, '2026-03-23', 1),
(4538, 1039, 4, '2026-03-02', 1),
(4539, 1039, 4, '2026-03-09', 1),
(4540, 1039, 4, '2026-03-16', 0),
(4541, 1039, 4, '2026-03-23', 1),
(4542, 1039, 5, '2026-03-02', 1),
(4543, 1039, 5, '2026-03-09', 1),
(4544, 1039, 5, '2026-03-16', 0),
(4545, 1039, 5, '2026-03-23', 1),
(4546, 1039, 6, '2026-03-02', 1),
(4547, 1039, 6, '2026-03-09', 1),
(4548, 1039, 6, '2026-03-16', 0),
(4549, 1039, 6, '2026-03-23', 1),
(4550, 1039, 7, '2026-03-02', 1),
(4551, 1039, 7, '2026-03-09', 1),
(4552, 1039, 7, '2026-03-16', 0),
(4553, 1039, 7, '2026-03-23', 1),
(4554, 1039, 8, '2026-03-02', 1),
(4555, 1039, 8, '2026-03-09', 1),
(4556, 1039, 8, '2026-03-16', 0),
(4557, 1039, 8, '2026-03-23', 1),
(4558, 1039, 9, '2026-03-02', 1),
(4559, 1039, 9, '2026-03-09', 1);
INSERT INTO `frequencia` (`id_frequencia`, `id_matricula`, `id_disciplinas`, `data_aula`, `presenca`) VALUES
(4560, 1039, 9, '2026-03-16', 0),
(4561, 1039, 9, '2026-03-23', 1),
(4562, 1039, 10, '2026-03-02', 1),
(4563, 1039, 10, '2026-03-09', 1),
(4564, 1039, 10, '2026-03-16', 0),
(4565, 1039, 10, '2026-03-23', 1),
(4566, 1040, 1, '2026-03-02', 1),
(4567, 1040, 1, '2026-03-09', 1),
(4568, 1040, 1, '2026-03-16', 0),
(4569, 1040, 1, '2026-03-23', 1),
(4570, 1040, 2, '2026-03-02', 1),
(4571, 1040, 2, '2026-03-09', 1),
(4572, 1040, 2, '2026-03-16', 0),
(4573, 1040, 2, '2026-03-23', 1),
(4574, 1040, 3, '2026-03-02', 1),
(4575, 1040, 3, '2026-03-09', 1),
(4576, 1040, 3, '2026-03-16', 0),
(4577, 1040, 3, '2026-03-23', 1),
(4578, 1040, 4, '2026-03-02', 1),
(4579, 1040, 4, '2026-03-09', 1),
(4580, 1040, 4, '2026-03-16', 0),
(4581, 1040, 4, '2026-03-23', 1),
(4582, 1040, 5, '2026-03-02', 1),
(4583, 1040, 5, '2026-03-09', 1),
(4584, 1040, 5, '2026-03-16', 0),
(4585, 1040, 5, '2026-03-23', 1),
(4586, 1040, 6, '2026-03-02', 1),
(4587, 1040, 6, '2026-03-09', 1),
(4588, 1040, 6, '2026-03-16', 0),
(4589, 1040, 6, '2026-03-23', 1),
(4590, 1040, 7, '2026-03-02', 1),
(4591, 1040, 7, '2026-03-09', 1),
(4592, 1040, 7, '2026-03-16', 0),
(4593, 1040, 7, '2026-03-23', 1),
(4594, 1040, 8, '2026-03-02', 1),
(4595, 1040, 8, '2026-03-09', 1),
(4596, 1040, 8, '2026-03-16', 0),
(4597, 1040, 8, '2026-03-23', 1),
(4598, 1040, 9, '2026-03-02', 1),
(4599, 1040, 9, '2026-03-09', 1),
(4600, 1040, 9, '2026-03-16', 0),
(4601, 1040, 9, '2026-03-23', 1),
(4602, 1040, 10, '2026-03-02', 1),
(4603, 1040, 10, '2026-03-09', 1),
(4604, 1040, 10, '2026-03-16', 0),
(4605, 1040, 10, '2026-03-23', 1),
(4606, 1041, 1, '2026-03-02', 1),
(4607, 1041, 1, '2026-03-09', 1),
(4608, 1041, 1, '2026-03-16', 0),
(4609, 1041, 1, '2026-03-23', 1),
(4610, 1041, 2, '2026-03-02', 1),
(4611, 1041, 2, '2026-03-09', 1),
(4612, 1041, 2, '2026-03-16', 0),
(4613, 1041, 2, '2026-03-23', 1),
(4614, 1041, 3, '2026-03-02', 1),
(4615, 1041, 3, '2026-03-09', 1),
(4616, 1041, 3, '2026-03-16', 0),
(4617, 1041, 3, '2026-03-23', 1),
(4618, 1041, 4, '2026-03-02', 1),
(4619, 1041, 4, '2026-03-09', 1),
(4620, 1041, 4, '2026-03-16', 0),
(4621, 1041, 4, '2026-03-23', 1),
(4622, 1041, 5, '2026-03-02', 1),
(4623, 1041, 5, '2026-03-09', 1),
(4624, 1041, 5, '2026-03-16', 0),
(4625, 1041, 5, '2026-03-23', 1),
(4626, 1041, 6, '2026-03-02', 1),
(4627, 1041, 6, '2026-03-09', 1),
(4628, 1041, 6, '2026-03-16', 0),
(4629, 1041, 6, '2026-03-23', 1),
(4630, 1041, 7, '2026-03-02', 1),
(4631, 1041, 7, '2026-03-09', 1),
(4632, 1041, 7, '2026-03-16', 0),
(4633, 1041, 7, '2026-03-23', 1),
(4634, 1041, 8, '2026-03-02', 1),
(4635, 1041, 8, '2026-03-09', 1),
(4636, 1041, 8, '2026-03-16', 0),
(4637, 1041, 8, '2026-03-23', 1),
(4638, 1041, 9, '2026-03-02', 1),
(4639, 1041, 9, '2026-03-09', 1),
(4640, 1041, 9, '2026-03-16', 0),
(4641, 1041, 9, '2026-03-23', 1),
(4642, 1041, 10, '2026-03-02', 1),
(4643, 1041, 10, '2026-03-09', 1),
(4644, 1041, 10, '2026-03-16', 0),
(4645, 1041, 10, '2026-03-23', 1),
(4646, 1042, 1, '2026-03-02', 1),
(4647, 1042, 1, '2026-03-09', 1),
(4648, 1042, 1, '2026-03-16', 0),
(4649, 1042, 1, '2026-03-23', 1),
(4650, 1042, 2, '2026-03-02', 1),
(4651, 1042, 2, '2026-03-09', 1),
(4652, 1042, 2, '2026-03-16', 0),
(4653, 1042, 2, '2026-03-23', 1),
(4654, 1042, 3, '2026-03-02', 1),
(4655, 1042, 3, '2026-03-09', 1),
(4656, 1042, 3, '2026-03-16', 0),
(4657, 1042, 3, '2026-03-23', 1),
(4658, 1042, 4, '2026-03-02', 1),
(4659, 1042, 4, '2026-03-09', 1),
(4660, 1042, 4, '2026-03-16', 0),
(4661, 1042, 4, '2026-03-23', 1),
(4662, 1042, 5, '2026-03-02', 1),
(4663, 1042, 5, '2026-03-09', 1),
(4664, 1042, 5, '2026-03-16', 0),
(4665, 1042, 5, '2026-03-23', 1),
(4666, 1042, 6, '2026-03-02', 1),
(4667, 1042, 6, '2026-03-09', 1),
(4668, 1042, 6, '2026-03-16', 0),
(4669, 1042, 6, '2026-03-23', 1),
(4670, 1042, 7, '2026-03-02', 1),
(4671, 1042, 7, '2026-03-09', 1),
(4672, 1042, 7, '2026-03-16', 0),
(4673, 1042, 7, '2026-03-23', 1),
(4674, 1042, 8, '2026-03-02', 1),
(4675, 1042, 8, '2026-03-09', 1),
(4676, 1042, 8, '2026-03-16', 0),
(4677, 1042, 8, '2026-03-23', 1),
(4678, 1042, 9, '2026-03-02', 1),
(4679, 1042, 9, '2026-03-09', 1),
(4680, 1042, 9, '2026-03-16', 0),
(4681, 1042, 9, '2026-03-23', 1),
(4682, 1042, 10, '2026-03-02', 1),
(4683, 1042, 10, '2026-03-09', 1),
(4684, 1042, 10, '2026-03-16', 0),
(4685, 1042, 10, '2026-03-23', 1),
(4686, 1043, 1, '2026-03-02', 1),
(4687, 1043, 1, '2026-03-09', 1),
(4688, 1043, 1, '2026-03-16', 0),
(4689, 1043, 1, '2026-03-23', 1),
(4690, 1043, 2, '2026-03-02', 1),
(4691, 1043, 2, '2026-03-09', 1),
(4692, 1043, 2, '2026-03-16', 0),
(4693, 1043, 2, '2026-03-23', 1),
(4694, 1043, 3, '2026-03-02', 1),
(4695, 1043, 3, '2026-03-09', 1),
(4696, 1043, 3, '2026-03-16', 0),
(4697, 1043, 3, '2026-03-23', 1),
(4698, 1043, 4, '2026-03-02', 1),
(4699, 1043, 4, '2026-03-09', 1),
(4700, 1043, 4, '2026-03-16', 0),
(4701, 1043, 4, '2026-03-23', 1),
(4702, 1043, 5, '2026-03-02', 1),
(4703, 1043, 5, '2026-03-09', 1),
(4704, 1043, 5, '2026-03-16', 0),
(4705, 1043, 5, '2026-03-23', 1),
(4706, 1043, 6, '2026-03-02', 1),
(4707, 1043, 6, '2026-03-09', 1),
(4708, 1043, 6, '2026-03-16', 0),
(4709, 1043, 6, '2026-03-23', 1),
(4710, 1043, 7, '2026-03-02', 1),
(4711, 1043, 7, '2026-03-09', 1),
(4712, 1043, 7, '2026-03-16', 0),
(4713, 1043, 7, '2026-03-23', 1),
(4714, 1043, 8, '2026-03-02', 1),
(4715, 1043, 8, '2026-03-09', 1),
(4716, 1043, 8, '2026-03-16', 0),
(4717, 1043, 8, '2026-03-23', 1),
(4718, 1043, 9, '2026-03-02', 1),
(4719, 1043, 9, '2026-03-09', 1),
(4720, 1043, 9, '2026-03-16', 0),
(4721, 1043, 9, '2026-03-23', 1),
(4722, 1043, 10, '2026-03-02', 1),
(4723, 1043, 10, '2026-03-09', 1),
(4724, 1043, 10, '2026-03-16', 0),
(4725, 1043, 10, '2026-03-23', 1),
(4726, 1044, 1, '2026-03-02', 1),
(4727, 1044, 1, '2026-03-09', 1),
(4728, 1044, 1, '2026-03-16', 0),
(4729, 1044, 1, '2026-03-23', 1),
(4730, 1044, 2, '2026-03-02', 1),
(4731, 1044, 2, '2026-03-09', 1),
(4732, 1044, 2, '2026-03-16', 0),
(4733, 1044, 2, '2026-03-23', 1),
(4734, 1044, 3, '2026-03-02', 1),
(4735, 1044, 3, '2026-03-09', 1),
(4736, 1044, 3, '2026-03-16', 0),
(4737, 1044, 3, '2026-03-23', 1),
(4738, 1044, 4, '2026-03-02', 1),
(4739, 1044, 4, '2026-03-09', 1),
(4740, 1044, 4, '2026-03-16', 0),
(4741, 1044, 4, '2026-03-23', 1),
(4742, 1044, 5, '2026-03-02', 1),
(4743, 1044, 5, '2026-03-09', 1),
(4744, 1044, 5, '2026-03-16', 0),
(4745, 1044, 5, '2026-03-23', 1),
(4746, 1044, 6, '2026-03-02', 1),
(4747, 1044, 6, '2026-03-09', 1),
(4748, 1044, 6, '2026-03-16', 0),
(4749, 1044, 6, '2026-03-23', 1),
(4750, 1044, 7, '2026-03-02', 1),
(4751, 1044, 7, '2026-03-09', 1),
(4752, 1044, 7, '2026-03-16', 0),
(4753, 1044, 7, '2026-03-23', 1),
(4754, 1044, 8, '2026-03-02', 1),
(4755, 1044, 8, '2026-03-09', 1),
(4756, 1044, 8, '2026-03-16', 0),
(4757, 1044, 8, '2026-03-23', 1),
(4758, 1044, 9, '2026-03-02', 1),
(4759, 1044, 9, '2026-03-09', 1),
(4760, 1044, 9, '2026-03-16', 0),
(4761, 1044, 9, '2026-03-23', 1),
(4762, 1044, 10, '2026-03-02', 1),
(4763, 1044, 10, '2026-03-09', 1),
(4764, 1044, 10, '2026-03-16', 0),
(4765, 1044, 10, '2026-03-23', 1),
(4766, 1045, 1, '2026-03-02', 1),
(4767, 1045, 1, '2026-03-09', 1),
(4768, 1045, 1, '2026-03-16', 0),
(4769, 1045, 1, '2026-03-23', 1),
(4770, 1045, 2, '2026-03-02', 1),
(4771, 1045, 2, '2026-03-09', 1),
(4772, 1045, 2, '2026-03-16', 0),
(4773, 1045, 2, '2026-03-23', 1),
(4774, 1045, 3, '2026-03-02', 1),
(4775, 1045, 3, '2026-03-09', 1),
(4776, 1045, 3, '2026-03-16', 0),
(4777, 1045, 3, '2026-03-23', 1),
(4778, 1045, 4, '2026-03-02', 1),
(4779, 1045, 4, '2026-03-09', 1),
(4780, 1045, 4, '2026-03-16', 0),
(4781, 1045, 4, '2026-03-23', 1),
(4782, 1045, 5, '2026-03-02', 1),
(4783, 1045, 5, '2026-03-09', 1),
(4784, 1045, 5, '2026-03-16', 0),
(4785, 1045, 5, '2026-03-23', 1),
(4786, 1045, 6, '2026-03-02', 1),
(4787, 1045, 6, '2026-03-09', 1),
(4788, 1045, 6, '2026-03-16', 0),
(4789, 1045, 6, '2026-03-23', 1),
(4790, 1045, 7, '2026-03-02', 1),
(4791, 1045, 7, '2026-03-09', 1),
(4792, 1045, 7, '2026-03-16', 0),
(4793, 1045, 7, '2026-03-23', 1),
(4794, 1045, 8, '2026-03-02', 1),
(4795, 1045, 8, '2026-03-09', 1),
(4796, 1045, 8, '2026-03-16', 0),
(4797, 1045, 8, '2026-03-23', 1),
(4798, 1045, 9, '2026-03-02', 1),
(4799, 1045, 9, '2026-03-09', 1),
(4800, 1045, 9, '2026-03-16', 0),
(4801, 1045, 9, '2026-03-23', 1),
(4802, 1045, 10, '2026-03-02', 1),
(4803, 1045, 10, '2026-03-09', 1),
(4804, 1045, 10, '2026-03-16', 0),
(4805, 1045, 10, '2026-03-23', 1),
(4806, 1046, 1, '2026-03-02', 1),
(4807, 1046, 1, '2026-03-09', 1),
(4808, 1046, 1, '2026-03-16', 0),
(4809, 1046, 1, '2026-03-23', 1),
(4810, 1046, 2, '2026-03-02', 1),
(4811, 1046, 2, '2026-03-09', 1),
(4812, 1046, 2, '2026-03-16', 0),
(4813, 1046, 2, '2026-03-23', 1),
(4814, 1046, 3, '2026-03-02', 1),
(4815, 1046, 3, '2026-03-09', 1),
(4816, 1046, 3, '2026-03-16', 0),
(4817, 1046, 3, '2026-03-23', 1),
(4818, 1046, 4, '2026-03-02', 1),
(4819, 1046, 4, '2026-03-09', 1),
(4820, 1046, 4, '2026-03-16', 0),
(4821, 1046, 4, '2026-03-23', 1),
(4822, 1046, 5, '2026-03-02', 1),
(4823, 1046, 5, '2026-03-09', 1),
(4824, 1046, 5, '2026-03-16', 0),
(4825, 1046, 5, '2026-03-23', 1),
(4826, 1046, 6, '2026-03-02', 1),
(4827, 1046, 6, '2026-03-09', 1),
(4828, 1046, 6, '2026-03-16', 0),
(4829, 1046, 6, '2026-03-23', 1),
(4830, 1046, 7, '2026-03-02', 1),
(4831, 1046, 7, '2026-03-09', 1),
(4832, 1046, 7, '2026-03-16', 0),
(4833, 1046, 7, '2026-03-23', 1),
(4834, 1046, 8, '2026-03-02', 1),
(4835, 1046, 8, '2026-03-09', 1),
(4836, 1046, 8, '2026-03-16', 0),
(4837, 1046, 8, '2026-03-23', 1),
(4838, 1046, 9, '2026-03-02', 1),
(4839, 1046, 9, '2026-03-09', 1),
(4840, 1046, 9, '2026-03-16', 0),
(4841, 1046, 9, '2026-03-23', 1),
(4842, 1046, 10, '2026-03-02', 1),
(4843, 1046, 10, '2026-03-09', 1),
(4844, 1046, 10, '2026-03-16', 0),
(4845, 1046, 10, '2026-03-23', 1),
(4846, 1047, 1, '2026-03-02', 1),
(4847, 1047, 1, '2026-03-09', 1),
(4848, 1047, 1, '2026-03-16', 0),
(4849, 1047, 1, '2026-03-23', 1),
(4850, 1047, 2, '2026-03-02', 1),
(4851, 1047, 2, '2026-03-09', 1),
(4852, 1047, 2, '2026-03-16', 0),
(4853, 1047, 2, '2026-03-23', 1),
(4854, 1047, 3, '2026-03-02', 1),
(4855, 1047, 3, '2026-03-09', 1),
(4856, 1047, 3, '2026-03-16', 0),
(4857, 1047, 3, '2026-03-23', 1),
(4858, 1047, 4, '2026-03-02', 1),
(4859, 1047, 4, '2026-03-09', 1),
(4860, 1047, 4, '2026-03-16', 0),
(4861, 1047, 4, '2026-03-23', 1),
(4862, 1047, 5, '2026-03-02', 1),
(4863, 1047, 5, '2026-03-09', 1),
(4864, 1047, 5, '2026-03-16', 0),
(4865, 1047, 5, '2026-03-23', 1),
(4866, 1047, 6, '2026-03-02', 1),
(4867, 1047, 6, '2026-03-09', 1),
(4868, 1047, 6, '2026-03-16', 0),
(4869, 1047, 6, '2026-03-23', 1),
(4870, 1047, 7, '2026-03-02', 1),
(4871, 1047, 7, '2026-03-09', 1),
(4872, 1047, 7, '2026-03-16', 0),
(4873, 1047, 7, '2026-03-23', 1),
(4874, 1047, 8, '2026-03-02', 1),
(4875, 1047, 8, '2026-03-09', 1),
(4876, 1047, 8, '2026-03-16', 0),
(4877, 1047, 8, '2026-03-23', 1),
(4878, 1047, 9, '2026-03-02', 1),
(4879, 1047, 9, '2026-03-09', 1),
(4880, 1047, 9, '2026-03-16', 0),
(4881, 1047, 9, '2026-03-23', 1),
(4882, 1047, 10, '2026-03-02', 1),
(4883, 1047, 10, '2026-03-09', 1),
(4884, 1047, 10, '2026-03-16', 0),
(4885, 1047, 10, '2026-03-23', 1),
(4886, 1048, 1, '2026-03-02', 1),
(4887, 1048, 1, '2026-03-09', 1),
(4888, 1048, 1, '2026-03-16', 0),
(4889, 1048, 1, '2026-03-23', 1),
(4890, 1048, 2, '2026-03-02', 1),
(4891, 1048, 2, '2026-03-09', 1),
(4892, 1048, 2, '2026-03-16', 0),
(4893, 1048, 2, '2026-03-23', 1),
(4894, 1048, 3, '2026-03-02', 1),
(4895, 1048, 3, '2026-03-09', 1),
(4896, 1048, 3, '2026-03-16', 0),
(4897, 1048, 3, '2026-03-23', 1),
(4898, 1048, 4, '2026-03-02', 1),
(4899, 1048, 4, '2026-03-09', 1),
(4900, 1048, 4, '2026-03-16', 0),
(4901, 1048, 4, '2026-03-23', 1),
(4902, 1048, 5, '2026-03-02', 1),
(4903, 1048, 5, '2026-03-09', 1),
(4904, 1048, 5, '2026-03-16', 0),
(4905, 1048, 5, '2026-03-23', 1),
(4906, 1048, 6, '2026-03-02', 1),
(4907, 1048, 6, '2026-03-09', 1),
(4908, 1048, 6, '2026-03-16', 0),
(4909, 1048, 6, '2026-03-23', 1),
(4910, 1048, 7, '2026-03-02', 1),
(4911, 1048, 7, '2026-03-09', 1),
(4912, 1048, 7, '2026-03-16', 0),
(4913, 1048, 7, '2026-03-23', 1),
(4914, 1048, 8, '2026-03-02', 1),
(4915, 1048, 8, '2026-03-09', 1),
(4916, 1048, 8, '2026-03-16', 0),
(4917, 1048, 8, '2026-03-23', 1),
(4918, 1048, 9, '2026-03-02', 1),
(4919, 1048, 9, '2026-03-09', 1),
(4920, 1048, 9, '2026-03-16', 0),
(4921, 1048, 9, '2026-03-23', 1),
(4922, 1048, 10, '2026-03-02', 1),
(4923, 1048, 10, '2026-03-09', 1),
(4924, 1048, 10, '2026-03-16', 0),
(4925, 1048, 10, '2026-03-23', 1),
(4926, 1049, 1, '2026-03-02', 1),
(4927, 1049, 1, '2026-03-09', 1),
(4928, 1049, 1, '2026-03-16', 0),
(4929, 1049, 1, '2026-03-23', 1),
(4930, 1049, 2, '2026-03-02', 1),
(4931, 1049, 2, '2026-03-09', 1),
(4932, 1049, 2, '2026-03-16', 0),
(4933, 1049, 2, '2026-03-23', 1),
(4934, 1049, 3, '2026-03-02', 1),
(4935, 1049, 3, '2026-03-09', 1),
(4936, 1049, 3, '2026-03-16', 0),
(4937, 1049, 3, '2026-03-23', 1),
(4938, 1049, 4, '2026-03-02', 1),
(4939, 1049, 4, '2026-03-09', 1),
(4940, 1049, 4, '2026-03-16', 0),
(4941, 1049, 4, '2026-03-23', 1),
(4942, 1049, 5, '2026-03-02', 1),
(4943, 1049, 5, '2026-03-09', 1),
(4944, 1049, 5, '2026-03-16', 0),
(4945, 1049, 5, '2026-03-23', 1),
(4946, 1049, 6, '2026-03-02', 1),
(4947, 1049, 6, '2026-03-09', 1),
(4948, 1049, 6, '2026-03-16', 0),
(4949, 1049, 6, '2026-03-23', 1),
(4950, 1049, 7, '2026-03-02', 1),
(4951, 1049, 7, '2026-03-09', 1),
(4952, 1049, 7, '2026-03-16', 0),
(4953, 1049, 7, '2026-03-23', 1),
(4954, 1049, 8, '2026-03-02', 1),
(4955, 1049, 8, '2026-03-09', 1),
(4956, 1049, 8, '2026-03-16', 0),
(4957, 1049, 8, '2026-03-23', 1),
(4958, 1049, 9, '2026-03-02', 1),
(4959, 1049, 9, '2026-03-09', 1),
(4960, 1049, 9, '2026-03-16', 0),
(4961, 1049, 9, '2026-03-23', 1),
(4962, 1049, 10, '2026-03-02', 1),
(4963, 1049, 10, '2026-03-09', 1),
(4964, 1049, 10, '2026-03-16', 0),
(4965, 1049, 10, '2026-03-23', 1),
(4966, 1050, 1, '2026-03-02', 1),
(4967, 1050, 1, '2026-03-09', 1),
(4968, 1050, 1, '2026-03-16', 0),
(4969, 1050, 1, '2026-03-23', 1),
(4970, 1050, 2, '2026-03-02', 1),
(4971, 1050, 2, '2026-03-09', 1),
(4972, 1050, 2, '2026-03-16', 0),
(4973, 1050, 2, '2026-03-23', 1),
(4974, 1050, 3, '2026-03-02', 1),
(4975, 1050, 3, '2026-03-09', 1),
(4976, 1050, 3, '2026-03-16', 0),
(4977, 1050, 3, '2026-03-23', 1),
(4978, 1050, 4, '2026-03-02', 1),
(4979, 1050, 4, '2026-03-09', 1),
(4980, 1050, 4, '2026-03-16', 0),
(4981, 1050, 4, '2026-03-23', 1),
(4982, 1050, 5, '2026-03-02', 1),
(4983, 1050, 5, '2026-03-09', 1),
(4984, 1050, 5, '2026-03-16', 0),
(4985, 1050, 5, '2026-03-23', 1),
(4986, 1050, 6, '2026-03-02', 1),
(4987, 1050, 6, '2026-03-09', 1),
(4988, 1050, 6, '2026-03-16', 0),
(4989, 1050, 6, '2026-03-23', 1),
(4990, 1050, 7, '2026-03-02', 1),
(4991, 1050, 7, '2026-03-09', 1),
(4992, 1050, 7, '2026-03-16', 0),
(4993, 1050, 7, '2026-03-23', 1),
(4994, 1050, 8, '2026-03-02', 1),
(4995, 1050, 8, '2026-03-09', 1),
(4996, 1050, 8, '2026-03-16', 0),
(4997, 1050, 8, '2026-03-23', 1),
(4998, 1050, 9, '2026-03-02', 1),
(4999, 1050, 9, '2026-03-09', 1),
(5000, 1050, 9, '2026-03-16', 0),
(5001, 1050, 9, '2026-03-23', 1),
(5002, 1050, 10, '2026-03-02', 1),
(5003, 1050, 10, '2026-03-09', 1),
(5004, 1050, 10, '2026-03-16', 0),
(5005, 1050, 10, '2026-03-23', 1),
(5006, 1051, 11, '2026-03-02', 1),
(5007, 1051, 11, '2026-03-09', 1),
(5008, 1051, 11, '2026-03-16', 0),
(5009, 1051, 11, '2026-03-23', 1),
(5010, 1051, 12, '2026-03-02', 1),
(5011, 1051, 12, '2026-03-09', 1),
(5012, 1051, 12, '2026-03-16', 0),
(5013, 1051, 12, '2026-03-23', 1),
(5014, 1051, 13, '2026-03-02', 1),
(5015, 1051, 13, '2026-03-09', 1),
(5016, 1051, 13, '2026-03-16', 0),
(5017, 1051, 13, '2026-03-23', 1),
(5018, 1051, 14, '2026-03-02', 1),
(5019, 1051, 14, '2026-03-09', 1),
(5020, 1051, 14, '2026-03-16', 0),
(5021, 1051, 14, '2026-03-23', 1),
(5022, 1051, 15, '2026-03-02', 1),
(5023, 1051, 15, '2026-03-09', 1),
(5024, 1051, 15, '2026-03-16', 0),
(5025, 1051, 15, '2026-03-23', 1),
(5026, 1051, 16, '2026-03-02', 1),
(5027, 1051, 16, '2026-03-09', 1),
(5028, 1051, 16, '2026-03-16', 0),
(5029, 1051, 16, '2026-03-23', 1),
(5030, 1051, 17, '2026-03-02', 1),
(5031, 1051, 17, '2026-03-09', 1),
(5032, 1051, 17, '2026-03-16', 0),
(5033, 1051, 17, '2026-03-23', 1),
(5034, 1051, 18, '2026-03-02', 1),
(5035, 1051, 18, '2026-03-09', 1),
(5036, 1051, 18, '2026-03-16', 0),
(5037, 1051, 18, '2026-03-23', 1),
(5038, 1051, 19, '2026-03-02', 1),
(5039, 1051, 19, '2026-03-09', 1),
(5040, 1051, 19, '2026-03-16', 0),
(5041, 1051, 19, '2026-03-23', 1),
(5042, 1051, 20, '2026-03-02', 1),
(5043, 1051, 20, '2026-03-09', 1),
(5044, 1051, 20, '2026-03-16', 0),
(5045, 1051, 20, '2026-03-23', 1),
(5046, 1052, 11, '2026-03-02', 1),
(5047, 1052, 11, '2026-03-09', 1),
(5048, 1052, 11, '2026-03-16', 0),
(5049, 1052, 11, '2026-03-23', 1),
(5050, 1052, 12, '2026-03-02', 1),
(5051, 1052, 12, '2026-03-09', 1),
(5052, 1052, 12, '2026-03-16', 0),
(5053, 1052, 12, '2026-03-23', 1),
(5054, 1052, 13, '2026-03-02', 1),
(5055, 1052, 13, '2026-03-09', 1),
(5056, 1052, 13, '2026-03-16', 0),
(5057, 1052, 13, '2026-03-23', 1),
(5058, 1052, 14, '2026-03-02', 1),
(5059, 1052, 14, '2026-03-09', 1),
(5060, 1052, 14, '2026-03-16', 0),
(5061, 1052, 14, '2026-03-23', 1),
(5062, 1052, 15, '2026-03-02', 1),
(5063, 1052, 15, '2026-03-09', 1),
(5064, 1052, 15, '2026-03-16', 0),
(5065, 1052, 15, '2026-03-23', 1),
(5066, 1052, 16, '2026-03-02', 1),
(5067, 1052, 16, '2026-03-09', 1),
(5068, 1052, 16, '2026-03-16', 0),
(5069, 1052, 16, '2026-03-23', 1),
(5070, 1052, 17, '2026-03-02', 1),
(5071, 1052, 17, '2026-03-09', 1),
(5072, 1052, 17, '2026-03-16', 0),
(5073, 1052, 17, '2026-03-23', 1),
(5074, 1052, 18, '2026-03-02', 1),
(5075, 1052, 18, '2026-03-09', 1),
(5076, 1052, 18, '2026-03-16', 0),
(5077, 1052, 18, '2026-03-23', 1),
(5078, 1052, 19, '2026-03-02', 1),
(5079, 1052, 19, '2026-03-09', 1),
(5080, 1052, 19, '2026-03-16', 0),
(5081, 1052, 19, '2026-03-23', 1),
(5082, 1052, 20, '2026-03-02', 1),
(5083, 1052, 20, '2026-03-09', 1),
(5084, 1052, 20, '2026-03-16', 0),
(5085, 1052, 20, '2026-03-23', 1),
(5086, 1053, 11, '2026-03-02', 1),
(5087, 1053, 11, '2026-03-09', 1),
(5088, 1053, 11, '2026-03-16', 0),
(5089, 1053, 11, '2026-03-23', 1),
(5090, 1053, 12, '2026-03-02', 1),
(5091, 1053, 12, '2026-03-09', 1),
(5092, 1053, 12, '2026-03-16', 0),
(5093, 1053, 12, '2026-03-23', 1),
(5094, 1053, 13, '2026-03-02', 1),
(5095, 1053, 13, '2026-03-09', 1),
(5096, 1053, 13, '2026-03-16', 0),
(5097, 1053, 13, '2026-03-23', 1),
(5098, 1053, 14, '2026-03-02', 1),
(5099, 1053, 14, '2026-03-09', 1),
(5100, 1053, 14, '2026-03-16', 0),
(5101, 1053, 14, '2026-03-23', 1),
(5102, 1053, 15, '2026-03-02', 1),
(5103, 1053, 15, '2026-03-09', 1),
(5104, 1053, 15, '2026-03-16', 0),
(5105, 1053, 15, '2026-03-23', 1),
(5106, 1053, 16, '2026-03-02', 1),
(5107, 1053, 16, '2026-03-09', 1),
(5108, 1053, 16, '2026-03-16', 0),
(5109, 1053, 16, '2026-03-23', 1),
(5110, 1053, 17, '2026-03-02', 1),
(5111, 1053, 17, '2026-03-09', 1),
(5112, 1053, 17, '2026-03-16', 0),
(5113, 1053, 17, '2026-03-23', 1),
(5114, 1053, 18, '2026-03-02', 1),
(5115, 1053, 18, '2026-03-09', 1),
(5116, 1053, 18, '2026-03-16', 0),
(5117, 1053, 18, '2026-03-23', 1),
(5118, 1053, 19, '2026-03-02', 1),
(5119, 1053, 19, '2026-03-09', 1),
(5120, 1053, 19, '2026-03-16', 0),
(5121, 1053, 19, '2026-03-23', 1),
(5122, 1053, 20, '2026-03-02', 1),
(5123, 1053, 20, '2026-03-09', 1),
(5124, 1053, 20, '2026-03-16', 0),
(5125, 1053, 20, '2026-03-23', 1),
(5126, 1054, 11, '2026-03-02', 1),
(5127, 1054, 11, '2026-03-09', 1),
(5128, 1054, 11, '2026-03-16', 0),
(5129, 1054, 11, '2026-03-23', 1),
(5130, 1054, 12, '2026-03-02', 1),
(5131, 1054, 12, '2026-03-09', 1),
(5132, 1054, 12, '2026-03-16', 0),
(5133, 1054, 12, '2026-03-23', 1),
(5134, 1054, 13, '2026-03-02', 1),
(5135, 1054, 13, '2026-03-09', 1),
(5136, 1054, 13, '2026-03-16', 0),
(5137, 1054, 13, '2026-03-23', 1),
(5138, 1054, 14, '2026-03-02', 1),
(5139, 1054, 14, '2026-03-09', 1),
(5140, 1054, 14, '2026-03-16', 0),
(5141, 1054, 14, '2026-03-23', 1),
(5142, 1054, 15, '2026-03-02', 1),
(5143, 1054, 15, '2026-03-09', 1),
(5144, 1054, 15, '2026-03-16', 0),
(5145, 1054, 15, '2026-03-23', 1),
(5146, 1054, 16, '2026-03-02', 1),
(5147, 1054, 16, '2026-03-09', 1),
(5148, 1054, 16, '2026-03-16', 0),
(5149, 1054, 16, '2026-03-23', 1),
(5150, 1054, 17, '2026-03-02', 1),
(5151, 1054, 17, '2026-03-09', 1),
(5152, 1054, 17, '2026-03-16', 0),
(5153, 1054, 17, '2026-03-23', 1),
(5154, 1054, 18, '2026-03-02', 1),
(5155, 1054, 18, '2026-03-09', 1),
(5156, 1054, 18, '2026-03-16', 0),
(5157, 1054, 18, '2026-03-23', 1),
(5158, 1054, 19, '2026-03-02', 1),
(5159, 1054, 19, '2026-03-09', 1),
(5160, 1054, 19, '2026-03-16', 0),
(5161, 1054, 19, '2026-03-23', 1),
(5162, 1054, 20, '2026-03-02', 1),
(5163, 1054, 20, '2026-03-09', 1),
(5164, 1054, 20, '2026-03-16', 0),
(5165, 1054, 20, '2026-03-23', 1),
(5166, 1055, 11, '2026-03-02', 1),
(5167, 1055, 11, '2026-03-09', 1),
(5168, 1055, 11, '2026-03-16', 0),
(5169, 1055, 11, '2026-03-23', 1),
(5170, 1055, 12, '2026-03-02', 1),
(5171, 1055, 12, '2026-03-09', 1),
(5172, 1055, 12, '2026-03-16', 0),
(5173, 1055, 12, '2026-03-23', 1),
(5174, 1055, 13, '2026-03-02', 1),
(5175, 1055, 13, '2026-03-09', 1),
(5176, 1055, 13, '2026-03-16', 0),
(5177, 1055, 13, '2026-03-23', 1),
(5178, 1055, 14, '2026-03-02', 1),
(5179, 1055, 14, '2026-03-09', 1),
(5180, 1055, 14, '2026-03-16', 0),
(5181, 1055, 14, '2026-03-23', 1),
(5182, 1055, 15, '2026-03-02', 1),
(5183, 1055, 15, '2026-03-09', 1),
(5184, 1055, 15, '2026-03-16', 0),
(5185, 1055, 15, '2026-03-23', 1),
(5186, 1055, 16, '2026-03-02', 1),
(5187, 1055, 16, '2026-03-09', 1),
(5188, 1055, 16, '2026-03-16', 0),
(5189, 1055, 16, '2026-03-23', 1),
(5190, 1055, 17, '2026-03-02', 1),
(5191, 1055, 17, '2026-03-09', 1),
(5192, 1055, 17, '2026-03-16', 0),
(5193, 1055, 17, '2026-03-23', 1),
(5194, 1055, 18, '2026-03-02', 1),
(5195, 1055, 18, '2026-03-09', 1),
(5196, 1055, 18, '2026-03-16', 0),
(5197, 1055, 18, '2026-03-23', 1),
(5198, 1055, 19, '2026-03-02', 1),
(5199, 1055, 19, '2026-03-09', 1),
(5200, 1055, 19, '2026-03-16', 0),
(5201, 1055, 19, '2026-03-23', 1),
(5202, 1055, 20, '2026-03-02', 1),
(5203, 1055, 20, '2026-03-09', 1),
(5204, 1055, 20, '2026-03-16', 0),
(5205, 1055, 20, '2026-03-23', 1),
(5206, 1056, 11, '2026-03-02', 1),
(5207, 1056, 11, '2026-03-09', 1),
(5208, 1056, 11, '2026-03-16', 0),
(5209, 1056, 11, '2026-03-23', 1),
(5210, 1056, 12, '2026-03-02', 1),
(5211, 1056, 12, '2026-03-09', 1),
(5212, 1056, 12, '2026-03-16', 0),
(5213, 1056, 12, '2026-03-23', 1),
(5214, 1056, 13, '2026-03-02', 1),
(5215, 1056, 13, '2026-03-09', 1),
(5216, 1056, 13, '2026-03-16', 0),
(5217, 1056, 13, '2026-03-23', 1),
(5218, 1056, 14, '2026-03-02', 1),
(5219, 1056, 14, '2026-03-09', 1),
(5220, 1056, 14, '2026-03-16', 0),
(5221, 1056, 14, '2026-03-23', 1),
(5222, 1056, 15, '2026-03-02', 1),
(5223, 1056, 15, '2026-03-09', 1),
(5224, 1056, 15, '2026-03-16', 0),
(5225, 1056, 15, '2026-03-23', 1),
(5226, 1056, 16, '2026-03-02', 1),
(5227, 1056, 16, '2026-03-09', 1),
(5228, 1056, 16, '2026-03-16', 0),
(5229, 1056, 16, '2026-03-23', 1),
(5230, 1056, 17, '2026-03-02', 1),
(5231, 1056, 17, '2026-03-09', 1),
(5232, 1056, 17, '2026-03-16', 0),
(5233, 1056, 17, '2026-03-23', 1),
(5234, 1056, 18, '2026-03-02', 1),
(5235, 1056, 18, '2026-03-09', 1),
(5236, 1056, 18, '2026-03-16', 0),
(5237, 1056, 18, '2026-03-23', 1),
(5238, 1056, 19, '2026-03-02', 1),
(5239, 1056, 19, '2026-03-09', 1),
(5240, 1056, 19, '2026-03-16', 0),
(5241, 1056, 19, '2026-03-23', 1),
(5242, 1056, 20, '2026-03-02', 1),
(5243, 1056, 20, '2026-03-09', 1),
(5244, 1056, 20, '2026-03-16', 0),
(5245, 1056, 20, '2026-03-23', 1),
(5246, 1057, 11, '2026-03-02', 1),
(5247, 1057, 11, '2026-03-09', 1),
(5248, 1057, 11, '2026-03-16', 0),
(5249, 1057, 11, '2026-03-23', 1),
(5250, 1057, 12, '2026-03-02', 1),
(5251, 1057, 12, '2026-03-09', 1),
(5252, 1057, 12, '2026-03-16', 0),
(5253, 1057, 12, '2026-03-23', 1),
(5254, 1057, 13, '2026-03-02', 1),
(5255, 1057, 13, '2026-03-09', 1),
(5256, 1057, 13, '2026-03-16', 0),
(5257, 1057, 13, '2026-03-23', 1),
(5258, 1057, 14, '2026-03-02', 1),
(5259, 1057, 14, '2026-03-09', 1),
(5260, 1057, 14, '2026-03-16', 0),
(5261, 1057, 14, '2026-03-23', 1),
(5262, 1057, 15, '2026-03-02', 1),
(5263, 1057, 15, '2026-03-09', 1),
(5264, 1057, 15, '2026-03-16', 0),
(5265, 1057, 15, '2026-03-23', 1),
(5266, 1057, 16, '2026-03-02', 1),
(5267, 1057, 16, '2026-03-09', 1),
(5268, 1057, 16, '2026-03-16', 0),
(5269, 1057, 16, '2026-03-23', 1),
(5270, 1057, 17, '2026-03-02', 1),
(5271, 1057, 17, '2026-03-09', 1),
(5272, 1057, 17, '2026-03-16', 0),
(5273, 1057, 17, '2026-03-23', 1),
(5274, 1057, 18, '2026-03-02', 1),
(5275, 1057, 18, '2026-03-09', 1),
(5276, 1057, 18, '2026-03-16', 0),
(5277, 1057, 18, '2026-03-23', 1),
(5278, 1057, 19, '2026-03-02', 1),
(5279, 1057, 19, '2026-03-09', 1),
(5280, 1057, 19, '2026-03-16', 0),
(5281, 1057, 19, '2026-03-23', 1),
(5282, 1057, 20, '2026-03-02', 1),
(5283, 1057, 20, '2026-03-09', 1),
(5284, 1057, 20, '2026-03-16', 0),
(5285, 1057, 20, '2026-03-23', 1),
(5286, 1058, 11, '2026-03-02', 1),
(5287, 1058, 11, '2026-03-09', 1),
(5288, 1058, 11, '2026-03-16', 0),
(5289, 1058, 11, '2026-03-23', 1),
(5290, 1058, 12, '2026-03-02', 1),
(5291, 1058, 12, '2026-03-09', 1),
(5292, 1058, 12, '2026-03-16', 0),
(5293, 1058, 12, '2026-03-23', 1),
(5294, 1058, 13, '2026-03-02', 1),
(5295, 1058, 13, '2026-03-09', 1),
(5296, 1058, 13, '2026-03-16', 0),
(5297, 1058, 13, '2026-03-23', 1),
(5298, 1058, 14, '2026-03-02', 1),
(5299, 1058, 14, '2026-03-09', 1),
(5300, 1058, 14, '2026-03-16', 0),
(5301, 1058, 14, '2026-03-23', 1),
(5302, 1058, 15, '2026-03-02', 1),
(5303, 1058, 15, '2026-03-09', 1),
(5304, 1058, 15, '2026-03-16', 0),
(5305, 1058, 15, '2026-03-23', 1),
(5306, 1058, 16, '2026-03-02', 1),
(5307, 1058, 16, '2026-03-09', 1),
(5308, 1058, 16, '2026-03-16', 0),
(5309, 1058, 16, '2026-03-23', 1),
(5310, 1058, 17, '2026-03-02', 1),
(5311, 1058, 17, '2026-03-09', 1),
(5312, 1058, 17, '2026-03-16', 0),
(5313, 1058, 17, '2026-03-23', 1),
(5314, 1058, 18, '2026-03-02', 1),
(5315, 1058, 18, '2026-03-09', 1),
(5316, 1058, 18, '2026-03-16', 0),
(5317, 1058, 18, '2026-03-23', 1),
(5318, 1058, 19, '2026-03-02', 1),
(5319, 1058, 19, '2026-03-09', 1),
(5320, 1058, 19, '2026-03-16', 0),
(5321, 1058, 19, '2026-03-23', 1),
(5322, 1058, 20, '2026-03-02', 1),
(5323, 1058, 20, '2026-03-09', 1),
(5324, 1058, 20, '2026-03-16', 0),
(5325, 1058, 20, '2026-03-23', 1),
(5326, 1059, 11, '2026-03-02', 1),
(5327, 1059, 11, '2026-03-09', 1),
(5328, 1059, 11, '2026-03-16', 0),
(5329, 1059, 11, '2026-03-23', 1),
(5330, 1059, 12, '2026-03-02', 1),
(5331, 1059, 12, '2026-03-09', 1),
(5332, 1059, 12, '2026-03-16', 0),
(5333, 1059, 12, '2026-03-23', 1),
(5334, 1059, 13, '2026-03-02', 1),
(5335, 1059, 13, '2026-03-09', 1),
(5336, 1059, 13, '2026-03-16', 0),
(5337, 1059, 13, '2026-03-23', 1),
(5338, 1059, 14, '2026-03-02', 1),
(5339, 1059, 14, '2026-03-09', 1),
(5340, 1059, 14, '2026-03-16', 0),
(5341, 1059, 14, '2026-03-23', 1),
(5342, 1059, 15, '2026-03-02', 1),
(5343, 1059, 15, '2026-03-09', 1),
(5344, 1059, 15, '2026-03-16', 0),
(5345, 1059, 15, '2026-03-23', 1),
(5346, 1059, 16, '2026-03-02', 1),
(5347, 1059, 16, '2026-03-09', 1),
(5348, 1059, 16, '2026-03-16', 0),
(5349, 1059, 16, '2026-03-23', 1),
(5350, 1059, 17, '2026-03-02', 1),
(5351, 1059, 17, '2026-03-09', 1),
(5352, 1059, 17, '2026-03-16', 0),
(5353, 1059, 17, '2026-03-23', 1),
(5354, 1059, 18, '2026-03-02', 1),
(5355, 1059, 18, '2026-03-09', 1),
(5356, 1059, 18, '2026-03-16', 0),
(5357, 1059, 18, '2026-03-23', 1),
(5358, 1059, 19, '2026-03-02', 1),
(5359, 1059, 19, '2026-03-09', 1),
(5360, 1059, 19, '2026-03-16', 0),
(5361, 1059, 19, '2026-03-23', 1),
(5362, 1059, 20, '2026-03-02', 1),
(5363, 1059, 20, '2026-03-09', 1),
(5364, 1059, 20, '2026-03-16', 0),
(5365, 1059, 20, '2026-03-23', 1),
(5366, 1060, 11, '2026-03-02', 1),
(5367, 1060, 11, '2026-03-09', 1),
(5368, 1060, 11, '2026-03-16', 0),
(5369, 1060, 11, '2026-03-23', 1),
(5370, 1060, 12, '2026-03-02', 1),
(5371, 1060, 12, '2026-03-09', 1),
(5372, 1060, 12, '2026-03-16', 0),
(5373, 1060, 12, '2026-03-23', 1),
(5374, 1060, 13, '2026-03-02', 1),
(5375, 1060, 13, '2026-03-09', 1),
(5376, 1060, 13, '2026-03-16', 0),
(5377, 1060, 13, '2026-03-23', 1),
(5378, 1060, 14, '2026-03-02', 1),
(5379, 1060, 14, '2026-03-09', 1),
(5380, 1060, 14, '2026-03-16', 0),
(5381, 1060, 14, '2026-03-23', 1),
(5382, 1060, 15, '2026-03-02', 1),
(5383, 1060, 15, '2026-03-09', 1),
(5384, 1060, 15, '2026-03-16', 0),
(5385, 1060, 15, '2026-03-23', 1),
(5386, 1060, 16, '2026-03-02', 1),
(5387, 1060, 16, '2026-03-09', 1),
(5388, 1060, 16, '2026-03-16', 0),
(5389, 1060, 16, '2026-03-23', 1),
(5390, 1060, 17, '2026-03-02', 1),
(5391, 1060, 17, '2026-03-09', 1),
(5392, 1060, 17, '2026-03-16', 0),
(5393, 1060, 17, '2026-03-23', 1),
(5394, 1060, 18, '2026-03-02', 1),
(5395, 1060, 18, '2026-03-09', 1),
(5396, 1060, 18, '2026-03-16', 0),
(5397, 1060, 18, '2026-03-23', 1),
(5398, 1060, 19, '2026-03-02', 1),
(5399, 1060, 19, '2026-03-09', 1),
(5400, 1060, 19, '2026-03-16', 0),
(5401, 1060, 19, '2026-03-23', 1),
(5402, 1060, 20, '2026-03-02', 1),
(5403, 1060, 20, '2026-03-09', 1),
(5404, 1060, 20, '2026-03-16', 0),
(5405, 1060, 20, '2026-03-23', 1),
(5406, 1061, 11, '2026-03-02', 1),
(5407, 1061, 11, '2026-03-09', 1),
(5408, 1061, 11, '2026-03-16', 0),
(5409, 1061, 11, '2026-03-23', 1),
(5410, 1061, 12, '2026-03-02', 1),
(5411, 1061, 12, '2026-03-09', 1),
(5412, 1061, 12, '2026-03-16', 0),
(5413, 1061, 12, '2026-03-23', 1),
(5414, 1061, 13, '2026-03-02', 1),
(5415, 1061, 13, '2026-03-09', 1),
(5416, 1061, 13, '2026-03-16', 0),
(5417, 1061, 13, '2026-03-23', 1),
(5418, 1061, 14, '2026-03-02', 1),
(5419, 1061, 14, '2026-03-09', 1),
(5420, 1061, 14, '2026-03-16', 0),
(5421, 1061, 14, '2026-03-23', 1),
(5422, 1061, 15, '2026-03-02', 1),
(5423, 1061, 15, '2026-03-09', 1),
(5424, 1061, 15, '2026-03-16', 0),
(5425, 1061, 15, '2026-03-23', 1),
(5426, 1061, 16, '2026-03-02', 1),
(5427, 1061, 16, '2026-03-09', 1),
(5428, 1061, 16, '2026-03-16', 0),
(5429, 1061, 16, '2026-03-23', 1),
(5430, 1061, 17, '2026-03-02', 1),
(5431, 1061, 17, '2026-03-09', 1),
(5432, 1061, 17, '2026-03-16', 0),
(5433, 1061, 17, '2026-03-23', 1),
(5434, 1061, 18, '2026-03-02', 1),
(5435, 1061, 18, '2026-03-09', 1),
(5436, 1061, 18, '2026-03-16', 0),
(5437, 1061, 18, '2026-03-23', 1),
(5438, 1061, 19, '2026-03-02', 1),
(5439, 1061, 19, '2026-03-09', 1),
(5440, 1061, 19, '2026-03-16', 0),
(5441, 1061, 19, '2026-03-23', 1),
(5442, 1061, 20, '2026-03-02', 1),
(5443, 1061, 20, '2026-03-09', 1),
(5444, 1061, 20, '2026-03-16', 0),
(5445, 1061, 20, '2026-03-23', 1),
(5446, 1062, 11, '2026-03-02', 1),
(5447, 1062, 11, '2026-03-09', 1),
(5448, 1062, 11, '2026-03-16', 0),
(5449, 1062, 11, '2026-03-23', 1),
(5450, 1062, 12, '2026-03-02', 1),
(5451, 1062, 12, '2026-03-09', 1),
(5452, 1062, 12, '2026-03-16', 0),
(5453, 1062, 12, '2026-03-23', 1),
(5454, 1062, 13, '2026-03-02', 1),
(5455, 1062, 13, '2026-03-09', 1),
(5456, 1062, 13, '2026-03-16', 0),
(5457, 1062, 13, '2026-03-23', 1),
(5458, 1062, 14, '2026-03-02', 1),
(5459, 1062, 14, '2026-03-09', 1),
(5460, 1062, 14, '2026-03-16', 0),
(5461, 1062, 14, '2026-03-23', 1),
(5462, 1062, 15, '2026-03-02', 1),
(5463, 1062, 15, '2026-03-09', 1),
(5464, 1062, 15, '2026-03-16', 0),
(5465, 1062, 15, '2026-03-23', 1),
(5466, 1062, 16, '2026-03-02', 1),
(5467, 1062, 16, '2026-03-09', 1),
(5468, 1062, 16, '2026-03-16', 0),
(5469, 1062, 16, '2026-03-23', 1),
(5470, 1062, 17, '2026-03-02', 1),
(5471, 1062, 17, '2026-03-09', 1),
(5472, 1062, 17, '2026-03-16', 0),
(5473, 1062, 17, '2026-03-23', 1),
(5474, 1062, 18, '2026-03-02', 1),
(5475, 1062, 18, '2026-03-09', 1),
(5476, 1062, 18, '2026-03-16', 0),
(5477, 1062, 18, '2026-03-23', 1),
(5478, 1062, 19, '2026-03-02', 1),
(5479, 1062, 19, '2026-03-09', 1),
(5480, 1062, 19, '2026-03-16', 0),
(5481, 1062, 19, '2026-03-23', 1),
(5482, 1062, 20, '2026-03-02', 1),
(5483, 1062, 20, '2026-03-09', 1),
(5484, 1062, 20, '2026-03-16', 0),
(5485, 1062, 20, '2026-03-23', 1),
(5486, 1063, 11, '2026-03-02', 1),
(5487, 1063, 11, '2026-03-09', 1),
(5488, 1063, 11, '2026-03-16', 0),
(5489, 1063, 11, '2026-03-23', 1),
(5490, 1063, 12, '2026-03-02', 1),
(5491, 1063, 12, '2026-03-09', 1),
(5492, 1063, 12, '2026-03-16', 0),
(5493, 1063, 12, '2026-03-23', 1),
(5494, 1063, 13, '2026-03-02', 1),
(5495, 1063, 13, '2026-03-09', 1),
(5496, 1063, 13, '2026-03-16', 0),
(5497, 1063, 13, '2026-03-23', 1),
(5498, 1063, 14, '2026-03-02', 1),
(5499, 1063, 14, '2026-03-09', 1),
(5500, 1063, 14, '2026-03-16', 0),
(5501, 1063, 14, '2026-03-23', 1),
(5502, 1063, 15, '2026-03-02', 1),
(5503, 1063, 15, '2026-03-09', 1),
(5504, 1063, 15, '2026-03-16', 0),
(5505, 1063, 15, '2026-03-23', 1),
(5506, 1063, 16, '2026-03-02', 1),
(5507, 1063, 16, '2026-03-09', 1),
(5508, 1063, 16, '2026-03-16', 0),
(5509, 1063, 16, '2026-03-23', 1),
(5510, 1063, 17, '2026-03-02', 1),
(5511, 1063, 17, '2026-03-09', 1),
(5512, 1063, 17, '2026-03-16', 0),
(5513, 1063, 17, '2026-03-23', 1),
(5514, 1063, 18, '2026-03-02', 1),
(5515, 1063, 18, '2026-03-09', 1),
(5516, 1063, 18, '2026-03-16', 0),
(5517, 1063, 18, '2026-03-23', 1),
(5518, 1063, 19, '2026-03-02', 1),
(5519, 1063, 19, '2026-03-09', 1),
(5520, 1063, 19, '2026-03-16', 0),
(5521, 1063, 19, '2026-03-23', 1),
(5522, 1063, 20, '2026-03-02', 1),
(5523, 1063, 20, '2026-03-09', 1),
(5524, 1063, 20, '2026-03-16', 0),
(5525, 1063, 20, '2026-03-23', 1),
(5526, 1064, 11, '2026-03-02', 1),
(5527, 1064, 11, '2026-03-09', 1),
(5528, 1064, 11, '2026-03-16', 0),
(5529, 1064, 11, '2026-03-23', 1),
(5530, 1064, 12, '2026-03-02', 1),
(5531, 1064, 12, '2026-03-09', 1),
(5532, 1064, 12, '2026-03-16', 0),
(5533, 1064, 12, '2026-03-23', 1),
(5534, 1064, 13, '2026-03-02', 1),
(5535, 1064, 13, '2026-03-09', 1),
(5536, 1064, 13, '2026-03-16', 0),
(5537, 1064, 13, '2026-03-23', 1),
(5538, 1064, 14, '2026-03-02', 1),
(5539, 1064, 14, '2026-03-09', 1),
(5540, 1064, 14, '2026-03-16', 0),
(5541, 1064, 14, '2026-03-23', 1),
(5542, 1064, 15, '2026-03-02', 1),
(5543, 1064, 15, '2026-03-09', 1),
(5544, 1064, 15, '2026-03-16', 0),
(5545, 1064, 15, '2026-03-23', 1),
(5546, 1064, 16, '2026-03-02', 1),
(5547, 1064, 16, '2026-03-09', 1),
(5548, 1064, 16, '2026-03-16', 0),
(5549, 1064, 16, '2026-03-23', 1),
(5550, 1064, 17, '2026-03-02', 1),
(5551, 1064, 17, '2026-03-09', 1),
(5552, 1064, 17, '2026-03-16', 0),
(5553, 1064, 17, '2026-03-23', 1),
(5554, 1064, 18, '2026-03-02', 1),
(5555, 1064, 18, '2026-03-09', 1),
(5556, 1064, 18, '2026-03-16', 0),
(5557, 1064, 18, '2026-03-23', 1),
(5558, 1064, 19, '2026-03-02', 1),
(5559, 1064, 19, '2026-03-09', 1),
(5560, 1064, 19, '2026-03-16', 0),
(5561, 1064, 19, '2026-03-23', 1),
(5562, 1064, 20, '2026-03-02', 1),
(5563, 1064, 20, '2026-03-09', 1),
(5564, 1064, 20, '2026-03-16', 0),
(5565, 1064, 20, '2026-03-23', 1),
(5566, 1065, 11, '2026-03-02', 1),
(5567, 1065, 11, '2026-03-09', 1),
(5568, 1065, 11, '2026-03-16', 0),
(5569, 1065, 11, '2026-03-23', 1),
(5570, 1065, 12, '2026-03-02', 1),
(5571, 1065, 12, '2026-03-09', 1),
(5572, 1065, 12, '2026-03-16', 0),
(5573, 1065, 12, '2026-03-23', 1),
(5574, 1065, 13, '2026-03-02', 1),
(5575, 1065, 13, '2026-03-09', 1),
(5576, 1065, 13, '2026-03-16', 0),
(5577, 1065, 13, '2026-03-23', 1),
(5578, 1065, 14, '2026-03-02', 1),
(5579, 1065, 14, '2026-03-09', 1),
(5580, 1065, 14, '2026-03-16', 0),
(5581, 1065, 14, '2026-03-23', 1),
(5582, 1065, 15, '2026-03-02', 1),
(5583, 1065, 15, '2026-03-09', 1),
(5584, 1065, 15, '2026-03-16', 0),
(5585, 1065, 15, '2026-03-23', 1),
(5586, 1065, 16, '2026-03-02', 1),
(5587, 1065, 16, '2026-03-09', 1),
(5588, 1065, 16, '2026-03-16', 0),
(5589, 1065, 16, '2026-03-23', 1),
(5590, 1065, 17, '2026-03-02', 1),
(5591, 1065, 17, '2026-03-09', 1),
(5592, 1065, 17, '2026-03-16', 0),
(5593, 1065, 17, '2026-03-23', 1),
(5594, 1065, 18, '2026-03-02', 1),
(5595, 1065, 18, '2026-03-09', 1),
(5596, 1065, 18, '2026-03-16', 0),
(5597, 1065, 18, '2026-03-23', 1),
(5598, 1065, 19, '2026-03-02', 1),
(5599, 1065, 19, '2026-03-09', 1),
(5600, 1065, 19, '2026-03-16', 0),
(5601, 1065, 19, '2026-03-23', 1),
(5602, 1065, 20, '2026-03-02', 1),
(5603, 1065, 20, '2026-03-09', 1),
(5604, 1065, 20, '2026-03-16', 0),
(5605, 1065, 20, '2026-03-23', 1),
(5606, 1066, 11, '2026-03-02', 1),
(5607, 1066, 11, '2026-03-09', 1),
(5608, 1066, 11, '2026-03-16', 0),
(5609, 1066, 11, '2026-03-23', 1),
(5610, 1066, 12, '2026-03-02', 1),
(5611, 1066, 12, '2026-03-09', 1),
(5612, 1066, 12, '2026-03-16', 0),
(5613, 1066, 12, '2026-03-23', 1),
(5614, 1066, 13, '2026-03-02', 1),
(5615, 1066, 13, '2026-03-09', 1),
(5616, 1066, 13, '2026-03-16', 0),
(5617, 1066, 13, '2026-03-23', 1),
(5618, 1066, 14, '2026-03-02', 1),
(5619, 1066, 14, '2026-03-09', 1),
(5620, 1066, 14, '2026-03-16', 0),
(5621, 1066, 14, '2026-03-23', 1),
(5622, 1066, 15, '2026-03-02', 1),
(5623, 1066, 15, '2026-03-09', 1),
(5624, 1066, 15, '2026-03-16', 0),
(5625, 1066, 15, '2026-03-23', 1),
(5626, 1066, 16, '2026-03-02', 1),
(5627, 1066, 16, '2026-03-09', 1),
(5628, 1066, 16, '2026-03-16', 0),
(5629, 1066, 16, '2026-03-23', 1),
(5630, 1066, 17, '2026-03-02', 1),
(5631, 1066, 17, '2026-03-09', 1),
(5632, 1066, 17, '2026-03-16', 0),
(5633, 1066, 17, '2026-03-23', 1),
(5634, 1066, 18, '2026-03-02', 1),
(5635, 1066, 18, '2026-03-09', 1),
(5636, 1066, 18, '2026-03-16', 0),
(5637, 1066, 18, '2026-03-23', 1),
(5638, 1066, 19, '2026-03-02', 1),
(5639, 1066, 19, '2026-03-09', 1),
(5640, 1066, 19, '2026-03-16', 0),
(5641, 1066, 19, '2026-03-23', 1),
(5642, 1066, 20, '2026-03-02', 1),
(5643, 1066, 20, '2026-03-09', 1),
(5644, 1066, 20, '2026-03-16', 0),
(5645, 1066, 20, '2026-03-23', 1),
(5646, 1067, 11, '2026-03-02', 1),
(5647, 1067, 11, '2026-03-09', 1),
(5648, 1067, 11, '2026-03-16', 0),
(5649, 1067, 11, '2026-03-23', 1),
(5650, 1067, 12, '2026-03-02', 1),
(5651, 1067, 12, '2026-03-09', 1),
(5652, 1067, 12, '2026-03-16', 0),
(5653, 1067, 12, '2026-03-23', 1),
(5654, 1067, 13, '2026-03-02', 1),
(5655, 1067, 13, '2026-03-09', 1),
(5656, 1067, 13, '2026-03-16', 0),
(5657, 1067, 13, '2026-03-23', 1),
(5658, 1067, 14, '2026-03-02', 1),
(5659, 1067, 14, '2026-03-09', 1),
(5660, 1067, 14, '2026-03-16', 0),
(5661, 1067, 14, '2026-03-23', 1),
(5662, 1067, 15, '2026-03-02', 1),
(5663, 1067, 15, '2026-03-09', 1),
(5664, 1067, 15, '2026-03-16', 0),
(5665, 1067, 15, '2026-03-23', 1),
(5666, 1067, 16, '2026-03-02', 1),
(5667, 1067, 16, '2026-03-09', 1),
(5668, 1067, 16, '2026-03-16', 0),
(5669, 1067, 16, '2026-03-23', 1),
(5670, 1067, 17, '2026-03-02', 1),
(5671, 1067, 17, '2026-03-09', 1),
(5672, 1067, 17, '2026-03-16', 0),
(5673, 1067, 17, '2026-03-23', 1),
(5674, 1067, 18, '2026-03-02', 1),
(5675, 1067, 18, '2026-03-09', 1),
(5676, 1067, 18, '2026-03-16', 0),
(5677, 1067, 18, '2026-03-23', 1),
(5678, 1067, 19, '2026-03-02', 1),
(5679, 1067, 19, '2026-03-09', 1),
(5680, 1067, 19, '2026-03-16', 0),
(5681, 1067, 19, '2026-03-23', 1),
(5682, 1067, 20, '2026-03-02', 1),
(5683, 1067, 20, '2026-03-09', 1),
(5684, 1067, 20, '2026-03-16', 0),
(5685, 1067, 20, '2026-03-23', 1),
(5686, 1068, 11, '2026-03-02', 1),
(5687, 1068, 11, '2026-03-09', 1),
(5688, 1068, 11, '2026-03-16', 0),
(5689, 1068, 11, '2026-03-23', 1),
(5690, 1068, 12, '2026-03-02', 1),
(5691, 1068, 12, '2026-03-09', 1),
(5692, 1068, 12, '2026-03-16', 0),
(5693, 1068, 12, '2026-03-23', 1),
(5694, 1068, 13, '2026-03-02', 1),
(5695, 1068, 13, '2026-03-09', 1),
(5696, 1068, 13, '2026-03-16', 0),
(5697, 1068, 13, '2026-03-23', 1),
(5698, 1068, 14, '2026-03-02', 1),
(5699, 1068, 14, '2026-03-09', 1),
(5700, 1068, 14, '2026-03-16', 0),
(5701, 1068, 14, '2026-03-23', 1),
(5702, 1068, 15, '2026-03-02', 1),
(5703, 1068, 15, '2026-03-09', 1),
(5704, 1068, 15, '2026-03-16', 0),
(5705, 1068, 15, '2026-03-23', 1),
(5706, 1068, 16, '2026-03-02', 1),
(5707, 1068, 16, '2026-03-09', 1),
(5708, 1068, 16, '2026-03-16', 0),
(5709, 1068, 16, '2026-03-23', 1),
(5710, 1068, 17, '2026-03-02', 1),
(5711, 1068, 17, '2026-03-09', 1),
(5712, 1068, 17, '2026-03-16', 0),
(5713, 1068, 17, '2026-03-23', 1),
(5714, 1068, 18, '2026-03-02', 1),
(5715, 1068, 18, '2026-03-09', 1),
(5716, 1068, 18, '2026-03-16', 0),
(5717, 1068, 18, '2026-03-23', 1),
(5718, 1068, 19, '2026-03-02', 1),
(5719, 1068, 19, '2026-03-09', 1),
(5720, 1068, 19, '2026-03-16', 0),
(5721, 1068, 19, '2026-03-23', 1),
(5722, 1068, 20, '2026-03-02', 1),
(5723, 1068, 20, '2026-03-09', 1),
(5724, 1068, 20, '2026-03-16', 0),
(5725, 1068, 20, '2026-03-23', 1),
(5726, 1069, 11, '2026-03-02', 1),
(5727, 1069, 11, '2026-03-09', 1),
(5728, 1069, 11, '2026-03-16', 0),
(5729, 1069, 11, '2026-03-23', 1),
(5730, 1069, 12, '2026-03-02', 1),
(5731, 1069, 12, '2026-03-09', 1),
(5732, 1069, 12, '2026-03-16', 0),
(5733, 1069, 12, '2026-03-23', 1),
(5734, 1069, 13, '2026-03-02', 1),
(5735, 1069, 13, '2026-03-09', 1),
(5736, 1069, 13, '2026-03-16', 0),
(5737, 1069, 13, '2026-03-23', 1),
(5738, 1069, 14, '2026-03-02', 1),
(5739, 1069, 14, '2026-03-09', 1),
(5740, 1069, 14, '2026-03-16', 0),
(5741, 1069, 14, '2026-03-23', 1),
(5742, 1069, 15, '2026-03-02', 1),
(5743, 1069, 15, '2026-03-09', 1),
(5744, 1069, 15, '2026-03-16', 0),
(5745, 1069, 15, '2026-03-23', 1),
(5746, 1069, 16, '2026-03-02', 1),
(5747, 1069, 16, '2026-03-09', 1),
(5748, 1069, 16, '2026-03-16', 0),
(5749, 1069, 16, '2026-03-23', 1),
(5750, 1069, 17, '2026-03-02', 1),
(5751, 1069, 17, '2026-03-09', 1),
(5752, 1069, 17, '2026-03-16', 0),
(5753, 1069, 17, '2026-03-23', 1),
(5754, 1069, 18, '2026-03-02', 1),
(5755, 1069, 18, '2026-03-09', 1),
(5756, 1069, 18, '2026-03-16', 0),
(5757, 1069, 18, '2026-03-23', 1),
(5758, 1069, 19, '2026-03-02', 1),
(5759, 1069, 19, '2026-03-09', 1),
(5760, 1069, 19, '2026-03-16', 0),
(5761, 1069, 19, '2026-03-23', 1),
(5762, 1069, 20, '2026-03-02', 1),
(5763, 1069, 20, '2026-03-09', 1),
(5764, 1069, 20, '2026-03-16', 0),
(5765, 1069, 20, '2026-03-23', 1),
(5766, 1070, 11, '2026-03-02', 1),
(5767, 1070, 11, '2026-03-09', 1),
(5768, 1070, 11, '2026-03-16', 0),
(5769, 1070, 11, '2026-03-23', 1),
(5770, 1070, 12, '2026-03-02', 1),
(5771, 1070, 12, '2026-03-09', 1),
(5772, 1070, 12, '2026-03-16', 0),
(5773, 1070, 12, '2026-03-23', 1),
(5774, 1070, 13, '2026-03-02', 1),
(5775, 1070, 13, '2026-03-09', 1),
(5776, 1070, 13, '2026-03-16', 0),
(5777, 1070, 13, '2026-03-23', 1),
(5778, 1070, 14, '2026-03-02', 1),
(5779, 1070, 14, '2026-03-09', 1),
(5780, 1070, 14, '2026-03-16', 0),
(5781, 1070, 14, '2026-03-23', 1),
(5782, 1070, 15, '2026-03-02', 1),
(5783, 1070, 15, '2026-03-09', 1),
(5784, 1070, 15, '2026-03-16', 0),
(5785, 1070, 15, '2026-03-23', 1),
(5786, 1070, 16, '2026-03-02', 1),
(5787, 1070, 16, '2026-03-09', 1),
(5788, 1070, 16, '2026-03-16', 0),
(5789, 1070, 16, '2026-03-23', 1),
(5790, 1070, 17, '2026-03-02', 1),
(5791, 1070, 17, '2026-03-09', 1),
(5792, 1070, 17, '2026-03-16', 0),
(5793, 1070, 17, '2026-03-23', 1),
(5794, 1070, 18, '2026-03-02', 1),
(5795, 1070, 18, '2026-03-09', 1),
(5796, 1070, 18, '2026-03-16', 0),
(5797, 1070, 18, '2026-03-23', 1),
(5798, 1070, 19, '2026-03-02', 1),
(5799, 1070, 19, '2026-03-09', 1),
(5800, 1070, 19, '2026-03-16', 0),
(5801, 1070, 19, '2026-03-23', 1),
(5802, 1070, 20, '2026-03-02', 1),
(5803, 1070, 20, '2026-03-09', 1),
(5804, 1070, 20, '2026-03-16', 0),
(5805, 1070, 20, '2026-03-23', 1),
(5806, 1071, 11, '2026-03-02', 1),
(5807, 1071, 11, '2026-03-09', 1),
(5808, 1071, 11, '2026-03-16', 0),
(5809, 1071, 11, '2026-03-23', 1),
(5810, 1071, 12, '2026-03-02', 1),
(5811, 1071, 12, '2026-03-09', 1),
(5812, 1071, 12, '2026-03-16', 0),
(5813, 1071, 12, '2026-03-23', 1),
(5814, 1071, 13, '2026-03-02', 1),
(5815, 1071, 13, '2026-03-09', 1),
(5816, 1071, 13, '2026-03-16', 0),
(5817, 1071, 13, '2026-03-23', 1),
(5818, 1071, 14, '2026-03-02', 1),
(5819, 1071, 14, '2026-03-09', 1),
(5820, 1071, 14, '2026-03-16', 0),
(5821, 1071, 14, '2026-03-23', 1),
(5822, 1071, 15, '2026-03-02', 1),
(5823, 1071, 15, '2026-03-09', 1),
(5824, 1071, 15, '2026-03-16', 0),
(5825, 1071, 15, '2026-03-23', 1),
(5826, 1071, 16, '2026-03-02', 1),
(5827, 1071, 16, '2026-03-09', 1),
(5828, 1071, 16, '2026-03-16', 0),
(5829, 1071, 16, '2026-03-23', 1),
(5830, 1071, 17, '2026-03-02', 1),
(5831, 1071, 17, '2026-03-09', 1),
(5832, 1071, 17, '2026-03-16', 0),
(5833, 1071, 17, '2026-03-23', 1),
(5834, 1071, 18, '2026-03-02', 1),
(5835, 1071, 18, '2026-03-09', 1),
(5836, 1071, 18, '2026-03-16', 0),
(5837, 1071, 18, '2026-03-23', 1),
(5838, 1071, 19, '2026-03-02', 1),
(5839, 1071, 19, '2026-03-09', 1),
(5840, 1071, 19, '2026-03-16', 0),
(5841, 1071, 19, '2026-03-23', 1),
(5842, 1071, 20, '2026-03-02', 1),
(5843, 1071, 20, '2026-03-09', 1),
(5844, 1071, 20, '2026-03-16', 0),
(5845, 1071, 20, '2026-03-23', 1),
(5846, 1072, 11, '2026-03-02', 1),
(5847, 1072, 11, '2026-03-09', 1),
(5848, 1072, 11, '2026-03-16', 0),
(5849, 1072, 11, '2026-03-23', 1),
(5850, 1072, 12, '2026-03-02', 1),
(5851, 1072, 12, '2026-03-09', 1),
(5852, 1072, 12, '2026-03-16', 0),
(5853, 1072, 12, '2026-03-23', 1),
(5854, 1072, 13, '2026-03-02', 1),
(5855, 1072, 13, '2026-03-09', 1),
(5856, 1072, 13, '2026-03-16', 0),
(5857, 1072, 13, '2026-03-23', 1),
(5858, 1072, 14, '2026-03-02', 1),
(5859, 1072, 14, '2026-03-09', 1),
(5860, 1072, 14, '2026-03-16', 0),
(5861, 1072, 14, '2026-03-23', 1),
(5862, 1072, 15, '2026-03-02', 1),
(5863, 1072, 15, '2026-03-09', 1),
(5864, 1072, 15, '2026-03-16', 0),
(5865, 1072, 15, '2026-03-23', 1),
(5866, 1072, 16, '2026-03-02', 1),
(5867, 1072, 16, '2026-03-09', 1),
(5868, 1072, 16, '2026-03-16', 0),
(5869, 1072, 16, '2026-03-23', 1),
(5870, 1072, 17, '2026-03-02', 1),
(5871, 1072, 17, '2026-03-09', 1),
(5872, 1072, 17, '2026-03-16', 0),
(5873, 1072, 17, '2026-03-23', 1),
(5874, 1072, 18, '2026-03-02', 1),
(5875, 1072, 18, '2026-03-09', 1),
(5876, 1072, 18, '2026-03-16', 0),
(5877, 1072, 18, '2026-03-23', 1),
(5878, 1072, 19, '2026-03-02', 1),
(5879, 1072, 19, '2026-03-09', 1),
(5880, 1072, 19, '2026-03-16', 0),
(5881, 1072, 19, '2026-03-23', 1),
(5882, 1072, 20, '2026-03-02', 1),
(5883, 1072, 20, '2026-03-09', 1),
(5884, 1072, 20, '2026-03-16', 0),
(5885, 1072, 20, '2026-03-23', 1),
(5886, 1073, 11, '2026-03-02', 1),
(5887, 1073, 11, '2026-03-09', 1),
(5888, 1073, 11, '2026-03-16', 0),
(5889, 1073, 11, '2026-03-23', 1),
(5890, 1073, 12, '2026-03-02', 1),
(5891, 1073, 12, '2026-03-09', 1),
(5892, 1073, 12, '2026-03-16', 0),
(5893, 1073, 12, '2026-03-23', 1),
(5894, 1073, 13, '2026-03-02', 1),
(5895, 1073, 13, '2026-03-09', 1),
(5896, 1073, 13, '2026-03-16', 0),
(5897, 1073, 13, '2026-03-23', 1),
(5898, 1073, 14, '2026-03-02', 1),
(5899, 1073, 14, '2026-03-09', 1),
(5900, 1073, 14, '2026-03-16', 0),
(5901, 1073, 14, '2026-03-23', 1),
(5902, 1073, 15, '2026-03-02', 1),
(5903, 1073, 15, '2026-03-09', 1),
(5904, 1073, 15, '2026-03-16', 0),
(5905, 1073, 15, '2026-03-23', 1),
(5906, 1073, 16, '2026-03-02', 1),
(5907, 1073, 16, '2026-03-09', 1),
(5908, 1073, 16, '2026-03-16', 0),
(5909, 1073, 16, '2026-03-23', 1),
(5910, 1073, 17, '2026-03-02', 1),
(5911, 1073, 17, '2026-03-09', 1),
(5912, 1073, 17, '2026-03-16', 0),
(5913, 1073, 17, '2026-03-23', 1),
(5914, 1073, 18, '2026-03-02', 1),
(5915, 1073, 18, '2026-03-09', 1),
(5916, 1073, 18, '2026-03-16', 0),
(5917, 1073, 18, '2026-03-23', 1),
(5918, 1073, 19, '2026-03-02', 1),
(5919, 1073, 19, '2026-03-09', 1),
(5920, 1073, 19, '2026-03-16', 0),
(5921, 1073, 19, '2026-03-23', 1),
(5922, 1073, 20, '2026-03-02', 1),
(5923, 1073, 20, '2026-03-09', 1),
(5924, 1073, 20, '2026-03-16', 0),
(5925, 1073, 20, '2026-03-23', 1),
(5926, 1074, 11, '2026-03-02', 1),
(5927, 1074, 11, '2026-03-09', 1),
(5928, 1074, 11, '2026-03-16', 0),
(5929, 1074, 11, '2026-03-23', 1),
(5930, 1074, 12, '2026-03-02', 1),
(5931, 1074, 12, '2026-03-09', 1),
(5932, 1074, 12, '2026-03-16', 0),
(5933, 1074, 12, '2026-03-23', 1),
(5934, 1074, 13, '2026-03-02', 1),
(5935, 1074, 13, '2026-03-09', 1),
(5936, 1074, 13, '2026-03-16', 0),
(5937, 1074, 13, '2026-03-23', 1),
(5938, 1074, 14, '2026-03-02', 1),
(5939, 1074, 14, '2026-03-09', 1),
(5940, 1074, 14, '2026-03-16', 0),
(5941, 1074, 14, '2026-03-23', 1),
(5942, 1074, 15, '2026-03-02', 1),
(5943, 1074, 15, '2026-03-09', 1),
(5944, 1074, 15, '2026-03-16', 0),
(5945, 1074, 15, '2026-03-23', 1),
(5946, 1074, 16, '2026-03-02', 1),
(5947, 1074, 16, '2026-03-09', 1),
(5948, 1074, 16, '2026-03-16', 0),
(5949, 1074, 16, '2026-03-23', 1),
(5950, 1074, 17, '2026-03-02', 1),
(5951, 1074, 17, '2026-03-09', 1),
(5952, 1074, 17, '2026-03-16', 0),
(5953, 1074, 17, '2026-03-23', 1),
(5954, 1074, 18, '2026-03-02', 1),
(5955, 1074, 18, '2026-03-09', 1),
(5956, 1074, 18, '2026-03-16', 0),
(5957, 1074, 18, '2026-03-23', 1),
(5958, 1074, 19, '2026-03-02', 1),
(5959, 1074, 19, '2026-03-09', 1),
(5960, 1074, 19, '2026-03-16', 0),
(5961, 1074, 19, '2026-03-23', 1),
(5962, 1074, 20, '2026-03-02', 1),
(5963, 1074, 20, '2026-03-09', 1),
(5964, 1074, 20, '2026-03-16', 0),
(5965, 1074, 20, '2026-03-23', 1),
(5966, 1075, 11, '2026-03-02', 1),
(5967, 1075, 11, '2026-03-09', 1),
(5968, 1075, 11, '2026-03-16', 0),
(5969, 1075, 11, '2026-03-23', 1),
(5970, 1075, 12, '2026-03-02', 1),
(5971, 1075, 12, '2026-03-09', 1),
(5972, 1075, 12, '2026-03-16', 0),
(5973, 1075, 12, '2026-03-23', 1),
(5974, 1075, 13, '2026-03-02', 1),
(5975, 1075, 13, '2026-03-09', 1),
(5976, 1075, 13, '2026-03-16', 0),
(5977, 1075, 13, '2026-03-23', 1),
(5978, 1075, 14, '2026-03-02', 1),
(5979, 1075, 14, '2026-03-09', 1),
(5980, 1075, 14, '2026-03-16', 0),
(5981, 1075, 14, '2026-03-23', 1),
(5982, 1075, 15, '2026-03-02', 1),
(5983, 1075, 15, '2026-03-09', 1),
(5984, 1075, 15, '2026-03-16', 0),
(5985, 1075, 15, '2026-03-23', 1),
(5986, 1075, 16, '2026-03-02', 1),
(5987, 1075, 16, '2026-03-09', 1),
(5988, 1075, 16, '2026-03-16', 0),
(5989, 1075, 16, '2026-03-23', 1),
(5990, 1075, 17, '2026-03-02', 1),
(5991, 1075, 17, '2026-03-09', 1),
(5992, 1075, 17, '2026-03-16', 0),
(5993, 1075, 17, '2026-03-23', 1),
(5994, 1075, 18, '2026-03-02', 1),
(5995, 1075, 18, '2026-03-09', 1),
(5996, 1075, 18, '2026-03-16', 0),
(5997, 1075, 18, '2026-03-23', 1),
(5998, 1075, 19, '2026-03-02', 1),
(5999, 1075, 19, '2026-03-09', 1),
(6000, 1075, 19, '2026-03-16', 0),
(6001, 1075, 19, '2026-03-23', 1),
(6002, 1075, 20, '2026-03-02', 1),
(6003, 1075, 20, '2026-03-09', 1),
(6004, 1075, 20, '2026-03-16', 0),
(6005, 1075, 20, '2026-03-23', 1),
(6006, 1076, 11, '2026-03-02', 1),
(6007, 1076, 11, '2026-03-09', 1),
(6008, 1076, 11, '2026-03-16', 0),
(6009, 1076, 11, '2026-03-23', 1),
(6010, 1076, 12, '2026-03-02', 1),
(6011, 1076, 12, '2026-03-09', 1),
(6012, 1076, 12, '2026-03-16', 0),
(6013, 1076, 12, '2026-03-23', 1),
(6014, 1076, 13, '2026-03-02', 1),
(6015, 1076, 13, '2026-03-09', 1),
(6016, 1076, 13, '2026-03-16', 0),
(6017, 1076, 13, '2026-03-23', 1),
(6018, 1076, 14, '2026-03-02', 1),
(6019, 1076, 14, '2026-03-09', 1),
(6020, 1076, 14, '2026-03-16', 0),
(6021, 1076, 14, '2026-03-23', 1),
(6022, 1076, 15, '2026-03-02', 1),
(6023, 1076, 15, '2026-03-09', 1),
(6024, 1076, 15, '2026-03-16', 0),
(6025, 1076, 15, '2026-03-23', 1),
(6026, 1076, 16, '2026-03-02', 1),
(6027, 1076, 16, '2026-03-09', 1),
(6028, 1076, 16, '2026-03-16', 0),
(6029, 1076, 16, '2026-03-23', 1),
(6030, 1076, 17, '2026-03-02', 1),
(6031, 1076, 17, '2026-03-09', 1),
(6032, 1076, 17, '2026-03-16', 0),
(6033, 1076, 17, '2026-03-23', 1),
(6034, 1076, 18, '2026-03-02', 1),
(6035, 1076, 18, '2026-03-09', 1),
(6036, 1076, 18, '2026-03-16', 0),
(6037, 1076, 18, '2026-03-23', 1),
(6038, 1076, 19, '2026-03-02', 1),
(6039, 1076, 19, '2026-03-09', 1),
(6040, 1076, 19, '2026-03-16', 0),
(6041, 1076, 19, '2026-03-23', 1),
(6042, 1076, 20, '2026-03-02', 1),
(6043, 1076, 20, '2026-03-09', 1),
(6044, 1076, 20, '2026-03-16', 0),
(6045, 1076, 20, '2026-03-23', 1),
(6046, 1077, 11, '2026-03-02', 1),
(6047, 1077, 11, '2026-03-09', 1),
(6048, 1077, 11, '2026-03-16', 0),
(6049, 1077, 11, '2026-03-23', 1),
(6050, 1077, 12, '2026-03-02', 1),
(6051, 1077, 12, '2026-03-09', 1),
(6052, 1077, 12, '2026-03-16', 0),
(6053, 1077, 12, '2026-03-23', 1),
(6054, 1077, 13, '2026-03-02', 1),
(6055, 1077, 13, '2026-03-09', 1),
(6056, 1077, 13, '2026-03-16', 0),
(6057, 1077, 13, '2026-03-23', 1),
(6058, 1077, 14, '2026-03-02', 1),
(6059, 1077, 14, '2026-03-09', 1),
(6060, 1077, 14, '2026-03-16', 0),
(6061, 1077, 14, '2026-03-23', 1),
(6062, 1077, 15, '2026-03-02', 1),
(6063, 1077, 15, '2026-03-09', 1),
(6064, 1077, 15, '2026-03-16', 0),
(6065, 1077, 15, '2026-03-23', 1),
(6066, 1077, 16, '2026-03-02', 1),
(6067, 1077, 16, '2026-03-09', 1),
(6068, 1077, 16, '2026-03-16', 0),
(6069, 1077, 16, '2026-03-23', 1),
(6070, 1077, 17, '2026-03-02', 1),
(6071, 1077, 17, '2026-03-09', 1),
(6072, 1077, 17, '2026-03-16', 0),
(6073, 1077, 17, '2026-03-23', 1),
(6074, 1077, 18, '2026-03-02', 1),
(6075, 1077, 18, '2026-03-09', 1),
(6076, 1077, 18, '2026-03-16', 0),
(6077, 1077, 18, '2026-03-23', 1),
(6078, 1077, 19, '2026-03-02', 1),
(6079, 1077, 19, '2026-03-09', 1),
(6080, 1077, 19, '2026-03-16', 0),
(6081, 1077, 19, '2026-03-23', 1),
(6082, 1077, 20, '2026-03-02', 1);
INSERT INTO `frequencia` (`id_frequencia`, `id_matricula`, `id_disciplinas`, `data_aula`, `presenca`) VALUES
(6083, 1077, 20, '2026-03-09', 1),
(6084, 1077, 20, '2026-03-16', 0),
(6085, 1077, 20, '2026-03-23', 1),
(6086, 1078, 11, '2026-03-02', 1),
(6087, 1078, 11, '2026-03-09', 1),
(6088, 1078, 11, '2026-03-16', 0),
(6089, 1078, 11, '2026-03-23', 1),
(6090, 1078, 12, '2026-03-02', 1),
(6091, 1078, 12, '2026-03-09', 1),
(6092, 1078, 12, '2026-03-16', 0),
(6093, 1078, 12, '2026-03-23', 1),
(6094, 1078, 13, '2026-03-02', 1),
(6095, 1078, 13, '2026-03-09', 1),
(6096, 1078, 13, '2026-03-16', 0),
(6097, 1078, 13, '2026-03-23', 1),
(6098, 1078, 14, '2026-03-02', 1),
(6099, 1078, 14, '2026-03-09', 1),
(6100, 1078, 14, '2026-03-16', 0),
(6101, 1078, 14, '2026-03-23', 1),
(6102, 1078, 15, '2026-03-02', 1),
(6103, 1078, 15, '2026-03-09', 1),
(6104, 1078, 15, '2026-03-16', 0),
(6105, 1078, 15, '2026-03-23', 1),
(6106, 1078, 16, '2026-03-02', 1),
(6107, 1078, 16, '2026-03-09', 1),
(6108, 1078, 16, '2026-03-16', 0),
(6109, 1078, 16, '2026-03-23', 1),
(6110, 1078, 17, '2026-03-02', 1),
(6111, 1078, 17, '2026-03-09', 1),
(6112, 1078, 17, '2026-03-16', 0),
(6113, 1078, 17, '2026-03-23', 1),
(6114, 1078, 18, '2026-03-02', 1),
(6115, 1078, 18, '2026-03-09', 1),
(6116, 1078, 18, '2026-03-16', 0),
(6117, 1078, 18, '2026-03-23', 1),
(6118, 1078, 19, '2026-03-02', 1),
(6119, 1078, 19, '2026-03-09', 1),
(6120, 1078, 19, '2026-03-16', 0),
(6121, 1078, 19, '2026-03-23', 1),
(6122, 1078, 20, '2026-03-02', 1),
(6123, 1078, 20, '2026-03-09', 1),
(6124, 1078, 20, '2026-03-16', 0),
(6125, 1078, 20, '2026-03-23', 1),
(6126, 1079, 11, '2026-03-02', 1),
(6127, 1079, 11, '2026-03-09', 1),
(6128, 1079, 11, '2026-03-16', 0),
(6129, 1079, 11, '2026-03-23', 1),
(6130, 1079, 12, '2026-03-02', 1),
(6131, 1079, 12, '2026-03-09', 1),
(6132, 1079, 12, '2026-03-16', 0),
(6133, 1079, 12, '2026-03-23', 1),
(6134, 1079, 13, '2026-03-02', 1),
(6135, 1079, 13, '2026-03-09', 1),
(6136, 1079, 13, '2026-03-16', 0),
(6137, 1079, 13, '2026-03-23', 1),
(6138, 1079, 14, '2026-03-02', 1),
(6139, 1079, 14, '2026-03-09', 1),
(6140, 1079, 14, '2026-03-16', 0),
(6141, 1079, 14, '2026-03-23', 1),
(6142, 1079, 15, '2026-03-02', 1),
(6143, 1079, 15, '2026-03-09', 1),
(6144, 1079, 15, '2026-03-16', 0),
(6145, 1079, 15, '2026-03-23', 1),
(6146, 1079, 16, '2026-03-02', 1),
(6147, 1079, 16, '2026-03-09', 1),
(6148, 1079, 16, '2026-03-16', 0),
(6149, 1079, 16, '2026-03-23', 1),
(6150, 1079, 17, '2026-03-02', 1),
(6151, 1079, 17, '2026-03-09', 1),
(6152, 1079, 17, '2026-03-16', 0),
(6153, 1079, 17, '2026-03-23', 1),
(6154, 1079, 18, '2026-03-02', 1),
(6155, 1079, 18, '2026-03-09', 1),
(6156, 1079, 18, '2026-03-16', 0),
(6157, 1079, 18, '2026-03-23', 1),
(6158, 1079, 19, '2026-03-02', 1),
(6159, 1079, 19, '2026-03-09', 1),
(6160, 1079, 19, '2026-03-16', 0),
(6161, 1079, 19, '2026-03-23', 1),
(6162, 1079, 20, '2026-03-02', 1),
(6163, 1079, 20, '2026-03-09', 1),
(6164, 1079, 20, '2026-03-16', 0),
(6165, 1079, 20, '2026-03-23', 1),
(6166, 1080, 11, '2026-03-02', 1),
(6167, 1080, 11, '2026-03-09', 1),
(6168, 1080, 11, '2026-03-16', 0),
(6169, 1080, 11, '2026-03-23', 1),
(6170, 1080, 12, '2026-03-02', 1),
(6171, 1080, 12, '2026-03-09', 1),
(6172, 1080, 12, '2026-03-16', 0),
(6173, 1080, 12, '2026-03-23', 1),
(6174, 1080, 13, '2026-03-02', 1),
(6175, 1080, 13, '2026-03-09', 1),
(6176, 1080, 13, '2026-03-16', 0),
(6177, 1080, 13, '2026-03-23', 1),
(6178, 1080, 14, '2026-03-02', 1),
(6179, 1080, 14, '2026-03-09', 1),
(6180, 1080, 14, '2026-03-16', 0),
(6181, 1080, 14, '2026-03-23', 1),
(6182, 1080, 15, '2026-03-02', 1),
(6183, 1080, 15, '2026-03-09', 1),
(6184, 1080, 15, '2026-03-16', 0),
(6185, 1080, 15, '2026-03-23', 1),
(6186, 1080, 16, '2026-03-02', 1),
(6187, 1080, 16, '2026-03-09', 1),
(6188, 1080, 16, '2026-03-16', 0),
(6189, 1080, 16, '2026-03-23', 1),
(6190, 1080, 17, '2026-03-02', 1),
(6191, 1080, 17, '2026-03-09', 1),
(6192, 1080, 17, '2026-03-16', 0),
(6193, 1080, 17, '2026-03-23', 1),
(6194, 1080, 18, '2026-03-02', 1),
(6195, 1080, 18, '2026-03-09', 1),
(6196, 1080, 18, '2026-03-16', 0),
(6197, 1080, 18, '2026-03-23', 1),
(6198, 1080, 19, '2026-03-02', 1),
(6199, 1080, 19, '2026-03-09', 1),
(6200, 1080, 19, '2026-03-16', 0),
(6201, 1080, 19, '2026-03-23', 1),
(6202, 1080, 20, '2026-03-02', 1),
(6203, 1080, 20, '2026-03-09', 1),
(6204, 1080, 20, '2026-03-16', 0),
(6205, 1080, 20, '2026-03-23', 1),
(6206, 1081, 11, '2026-03-02', 1),
(6207, 1081, 11, '2026-03-09', 1),
(6208, 1081, 11, '2026-03-16', 0),
(6209, 1081, 11, '2026-03-23', 1),
(6210, 1081, 12, '2026-03-02', 1),
(6211, 1081, 12, '2026-03-09', 1),
(6212, 1081, 12, '2026-03-16', 0),
(6213, 1081, 12, '2026-03-23', 1),
(6214, 1081, 13, '2026-03-02', 1),
(6215, 1081, 13, '2026-03-09', 1),
(6216, 1081, 13, '2026-03-16', 0),
(6217, 1081, 13, '2026-03-23', 1),
(6218, 1081, 14, '2026-03-02', 1),
(6219, 1081, 14, '2026-03-09', 1),
(6220, 1081, 14, '2026-03-16', 0),
(6221, 1081, 14, '2026-03-23', 1),
(6222, 1081, 15, '2026-03-02', 1),
(6223, 1081, 15, '2026-03-09', 1),
(6224, 1081, 15, '2026-03-16', 0),
(6225, 1081, 15, '2026-03-23', 1),
(6226, 1081, 16, '2026-03-02', 1),
(6227, 1081, 16, '2026-03-09', 1),
(6228, 1081, 16, '2026-03-16', 0),
(6229, 1081, 16, '2026-03-23', 1),
(6230, 1081, 17, '2026-03-02', 1),
(6231, 1081, 17, '2026-03-09', 1),
(6232, 1081, 17, '2026-03-16', 0),
(6233, 1081, 17, '2026-03-23', 1),
(6234, 1081, 18, '2026-03-02', 1),
(6235, 1081, 18, '2026-03-09', 1),
(6236, 1081, 18, '2026-03-16', 0),
(6237, 1081, 18, '2026-03-23', 1),
(6238, 1081, 19, '2026-03-02', 1),
(6239, 1081, 19, '2026-03-09', 1),
(6240, 1081, 19, '2026-03-16', 0),
(6241, 1081, 19, '2026-03-23', 1),
(6242, 1081, 20, '2026-03-02', 1),
(6243, 1081, 20, '2026-03-09', 1),
(6244, 1081, 20, '2026-03-16', 0),
(6245, 1081, 20, '2026-03-23', 1),
(6246, 1082, 11, '2026-03-02', 1),
(6247, 1082, 11, '2026-03-09', 1),
(6248, 1082, 11, '2026-03-16', 0),
(6249, 1082, 11, '2026-03-23', 1),
(6250, 1082, 12, '2026-03-02', 1),
(6251, 1082, 12, '2026-03-09', 1),
(6252, 1082, 12, '2026-03-16', 0),
(6253, 1082, 12, '2026-03-23', 1),
(6254, 1082, 13, '2026-03-02', 1),
(6255, 1082, 13, '2026-03-09', 1),
(6256, 1082, 13, '2026-03-16', 0),
(6257, 1082, 13, '2026-03-23', 1),
(6258, 1082, 14, '2026-03-02', 1),
(6259, 1082, 14, '2026-03-09', 1),
(6260, 1082, 14, '2026-03-16', 0),
(6261, 1082, 14, '2026-03-23', 1),
(6262, 1082, 15, '2026-03-02', 1),
(6263, 1082, 15, '2026-03-09', 1),
(6264, 1082, 15, '2026-03-16', 0),
(6265, 1082, 15, '2026-03-23', 1),
(6266, 1082, 16, '2026-03-02', 1),
(6267, 1082, 16, '2026-03-09', 1),
(6268, 1082, 16, '2026-03-16', 0),
(6269, 1082, 16, '2026-03-23', 1),
(6270, 1082, 17, '2026-03-02', 1),
(6271, 1082, 17, '2026-03-09', 1),
(6272, 1082, 17, '2026-03-16', 0),
(6273, 1082, 17, '2026-03-23', 1),
(6274, 1082, 18, '2026-03-02', 1),
(6275, 1082, 18, '2026-03-09', 1),
(6276, 1082, 18, '2026-03-16', 0),
(6277, 1082, 18, '2026-03-23', 1),
(6278, 1082, 19, '2026-03-02', 1),
(6279, 1082, 19, '2026-03-09', 1),
(6280, 1082, 19, '2026-03-16', 0),
(6281, 1082, 19, '2026-03-23', 1),
(6282, 1082, 20, '2026-03-02', 1),
(6283, 1082, 20, '2026-03-09', 1),
(6284, 1082, 20, '2026-03-16', 0),
(6285, 1082, 20, '2026-03-23', 1),
(6286, 1083, 11, '2026-03-02', 1),
(6287, 1083, 11, '2026-03-09', 1),
(6288, 1083, 11, '2026-03-16', 0),
(6289, 1083, 11, '2026-03-23', 1),
(6290, 1083, 12, '2026-03-02', 1),
(6291, 1083, 12, '2026-03-09', 1),
(6292, 1083, 12, '2026-03-16', 0),
(6293, 1083, 12, '2026-03-23', 1),
(6294, 1083, 13, '2026-03-02', 1),
(6295, 1083, 13, '2026-03-09', 1),
(6296, 1083, 13, '2026-03-16', 0),
(6297, 1083, 13, '2026-03-23', 1),
(6298, 1083, 14, '2026-03-02', 1),
(6299, 1083, 14, '2026-03-09', 1),
(6300, 1083, 14, '2026-03-16', 0),
(6301, 1083, 14, '2026-03-23', 1),
(6302, 1083, 15, '2026-03-02', 1),
(6303, 1083, 15, '2026-03-09', 1),
(6304, 1083, 15, '2026-03-16', 0),
(6305, 1083, 15, '2026-03-23', 1),
(6306, 1083, 16, '2026-03-02', 1),
(6307, 1083, 16, '2026-03-09', 1),
(6308, 1083, 16, '2026-03-16', 0),
(6309, 1083, 16, '2026-03-23', 1),
(6310, 1083, 17, '2026-03-02', 1),
(6311, 1083, 17, '2026-03-09', 1),
(6312, 1083, 17, '2026-03-16', 0),
(6313, 1083, 17, '2026-03-23', 1),
(6314, 1083, 18, '2026-03-02', 1),
(6315, 1083, 18, '2026-03-09', 1),
(6316, 1083, 18, '2026-03-16', 0),
(6317, 1083, 18, '2026-03-23', 1),
(6318, 1083, 19, '2026-03-02', 1),
(6319, 1083, 19, '2026-03-09', 1),
(6320, 1083, 19, '2026-03-16', 0),
(6321, 1083, 19, '2026-03-23', 1),
(6322, 1083, 20, '2026-03-02', 1),
(6323, 1083, 20, '2026-03-09', 1),
(6324, 1083, 20, '2026-03-16', 0),
(6325, 1083, 20, '2026-03-23', 1),
(6326, 1084, 11, '2026-03-02', 1),
(6327, 1084, 11, '2026-03-09', 1),
(6328, 1084, 11, '2026-03-16', 0),
(6329, 1084, 11, '2026-03-23', 1),
(6330, 1084, 12, '2026-03-02', 1),
(6331, 1084, 12, '2026-03-09', 1),
(6332, 1084, 12, '2026-03-16', 0),
(6333, 1084, 12, '2026-03-23', 1),
(6334, 1084, 13, '2026-03-02', 1),
(6335, 1084, 13, '2026-03-09', 1),
(6336, 1084, 13, '2026-03-16', 0),
(6337, 1084, 13, '2026-03-23', 1),
(6338, 1084, 14, '2026-03-02', 1),
(6339, 1084, 14, '2026-03-09', 1),
(6340, 1084, 14, '2026-03-16', 0),
(6341, 1084, 14, '2026-03-23', 1),
(6342, 1084, 15, '2026-03-02', 1),
(6343, 1084, 15, '2026-03-09', 1),
(6344, 1084, 15, '2026-03-16', 0),
(6345, 1084, 15, '2026-03-23', 1),
(6346, 1084, 16, '2026-03-02', 1),
(6347, 1084, 16, '2026-03-09', 1),
(6348, 1084, 16, '2026-03-16', 0),
(6349, 1084, 16, '2026-03-23', 1),
(6350, 1084, 17, '2026-03-02', 1),
(6351, 1084, 17, '2026-03-09', 1),
(6352, 1084, 17, '2026-03-16', 0),
(6353, 1084, 17, '2026-03-23', 1),
(6354, 1084, 18, '2026-03-02', 1),
(6355, 1084, 18, '2026-03-09', 1),
(6356, 1084, 18, '2026-03-16', 0),
(6357, 1084, 18, '2026-03-23', 1),
(6358, 1084, 19, '2026-03-02', 1),
(6359, 1084, 19, '2026-03-09', 1),
(6360, 1084, 19, '2026-03-16', 0),
(6361, 1084, 19, '2026-03-23', 1),
(6362, 1084, 20, '2026-03-02', 1),
(6363, 1084, 20, '2026-03-09', 1),
(6364, 1084, 20, '2026-03-16', 0),
(6365, 1084, 20, '2026-03-23', 1),
(6366, 1085, 11, '2026-03-02', 1),
(6367, 1085, 11, '2026-03-09', 1),
(6368, 1085, 11, '2026-03-16', 0),
(6369, 1085, 11, '2026-03-23', 1),
(6370, 1085, 12, '2026-03-02', 1),
(6371, 1085, 12, '2026-03-09', 1),
(6372, 1085, 12, '2026-03-16', 0),
(6373, 1085, 12, '2026-03-23', 1),
(6374, 1085, 13, '2026-03-02', 1),
(6375, 1085, 13, '2026-03-09', 1),
(6376, 1085, 13, '2026-03-16', 0),
(6377, 1085, 13, '2026-03-23', 1),
(6378, 1085, 14, '2026-03-02', 1),
(6379, 1085, 14, '2026-03-09', 1),
(6380, 1085, 14, '2026-03-16', 0),
(6381, 1085, 14, '2026-03-23', 1),
(6382, 1085, 15, '2026-03-02', 1),
(6383, 1085, 15, '2026-03-09', 1),
(6384, 1085, 15, '2026-03-16', 0),
(6385, 1085, 15, '2026-03-23', 1),
(6386, 1085, 16, '2026-03-02', 1),
(6387, 1085, 16, '2026-03-09', 1),
(6388, 1085, 16, '2026-03-16', 0),
(6389, 1085, 16, '2026-03-23', 1),
(6390, 1085, 17, '2026-03-02', 1),
(6391, 1085, 17, '2026-03-09', 1),
(6392, 1085, 17, '2026-03-16', 0),
(6393, 1085, 17, '2026-03-23', 1),
(6394, 1085, 18, '2026-03-02', 1),
(6395, 1085, 18, '2026-03-09', 1),
(6396, 1085, 18, '2026-03-16', 0),
(6397, 1085, 18, '2026-03-23', 1),
(6398, 1085, 19, '2026-03-02', 1),
(6399, 1085, 19, '2026-03-09', 1),
(6400, 1085, 19, '2026-03-16', 0),
(6401, 1085, 19, '2026-03-23', 1),
(6402, 1085, 20, '2026-03-02', 1),
(6403, 1085, 20, '2026-03-09', 1),
(6404, 1085, 20, '2026-03-16', 0),
(6405, 1085, 20, '2026-03-23', 1),
(6406, 1086, 11, '2026-03-02', 1),
(6407, 1086, 11, '2026-03-09', 1),
(6408, 1086, 11, '2026-03-16', 0),
(6409, 1086, 11, '2026-03-23', 1),
(6410, 1086, 12, '2026-03-02', 1),
(6411, 1086, 12, '2026-03-09', 1),
(6412, 1086, 12, '2026-03-16', 0),
(6413, 1086, 12, '2026-03-23', 1),
(6414, 1086, 13, '2026-03-02', 1),
(6415, 1086, 13, '2026-03-09', 1),
(6416, 1086, 13, '2026-03-16', 0),
(6417, 1086, 13, '2026-03-23', 1),
(6418, 1086, 14, '2026-03-02', 1),
(6419, 1086, 14, '2026-03-09', 1),
(6420, 1086, 14, '2026-03-16', 0),
(6421, 1086, 14, '2026-03-23', 1),
(6422, 1086, 15, '2026-03-02', 1),
(6423, 1086, 15, '2026-03-09', 1),
(6424, 1086, 15, '2026-03-16', 0),
(6425, 1086, 15, '2026-03-23', 1),
(6426, 1086, 16, '2026-03-02', 1),
(6427, 1086, 16, '2026-03-09', 1),
(6428, 1086, 16, '2026-03-16', 0),
(6429, 1086, 16, '2026-03-23', 1),
(6430, 1086, 17, '2026-03-02', 1),
(6431, 1086, 17, '2026-03-09', 1),
(6432, 1086, 17, '2026-03-16', 0),
(6433, 1086, 17, '2026-03-23', 1),
(6434, 1086, 18, '2026-03-02', 1),
(6435, 1086, 18, '2026-03-09', 1),
(6436, 1086, 18, '2026-03-16', 0),
(6437, 1086, 18, '2026-03-23', 1),
(6438, 1086, 19, '2026-03-02', 1),
(6439, 1086, 19, '2026-03-09', 1),
(6440, 1086, 19, '2026-03-16', 0),
(6441, 1086, 19, '2026-03-23', 1),
(6442, 1086, 20, '2026-03-02', 1),
(6443, 1086, 20, '2026-03-09', 1),
(6444, 1086, 20, '2026-03-16', 0),
(6445, 1086, 20, '2026-03-23', 1),
(6446, 1087, 11, '2026-03-02', 1),
(6447, 1087, 11, '2026-03-09', 1),
(6448, 1087, 11, '2026-03-16', 0),
(6449, 1087, 11, '2026-03-23', 1),
(6450, 1087, 12, '2026-03-02', 1),
(6451, 1087, 12, '2026-03-09', 1),
(6452, 1087, 12, '2026-03-16', 0),
(6453, 1087, 12, '2026-03-23', 1),
(6454, 1087, 13, '2026-03-02', 1),
(6455, 1087, 13, '2026-03-09', 1),
(6456, 1087, 13, '2026-03-16', 0),
(6457, 1087, 13, '2026-03-23', 1),
(6458, 1087, 14, '2026-03-02', 1),
(6459, 1087, 14, '2026-03-09', 1),
(6460, 1087, 14, '2026-03-16', 0),
(6461, 1087, 14, '2026-03-23', 1),
(6462, 1087, 15, '2026-03-02', 1),
(6463, 1087, 15, '2026-03-09', 1),
(6464, 1087, 15, '2026-03-16', 0),
(6465, 1087, 15, '2026-03-23', 1),
(6466, 1087, 16, '2026-03-02', 1),
(6467, 1087, 16, '2026-03-09', 1),
(6468, 1087, 16, '2026-03-16', 0),
(6469, 1087, 16, '2026-03-23', 1),
(6470, 1087, 17, '2026-03-02', 1),
(6471, 1087, 17, '2026-03-09', 1),
(6472, 1087, 17, '2026-03-16', 0),
(6473, 1087, 17, '2026-03-23', 1),
(6474, 1087, 18, '2026-03-02', 1),
(6475, 1087, 18, '2026-03-09', 1),
(6476, 1087, 18, '2026-03-16', 0),
(6477, 1087, 18, '2026-03-23', 1),
(6478, 1087, 19, '2026-03-02', 1),
(6479, 1087, 19, '2026-03-09', 1),
(6480, 1087, 19, '2026-03-16', 0),
(6481, 1087, 19, '2026-03-23', 1),
(6482, 1087, 20, '2026-03-02', 1),
(6483, 1087, 20, '2026-03-09', 1),
(6484, 1087, 20, '2026-03-16', 0),
(6485, 1087, 20, '2026-03-23', 1),
(6486, 1088, 11, '2026-03-02', 1),
(6487, 1088, 11, '2026-03-09', 1),
(6488, 1088, 11, '2026-03-16', 0),
(6489, 1088, 11, '2026-03-23', 1),
(6490, 1088, 12, '2026-03-02', 1),
(6491, 1088, 12, '2026-03-09', 1),
(6492, 1088, 12, '2026-03-16', 0),
(6493, 1088, 12, '2026-03-23', 1),
(6494, 1088, 13, '2026-03-02', 1),
(6495, 1088, 13, '2026-03-09', 1),
(6496, 1088, 13, '2026-03-16', 0),
(6497, 1088, 13, '2026-03-23', 1),
(6498, 1088, 14, '2026-03-02', 1),
(6499, 1088, 14, '2026-03-09', 1),
(6500, 1088, 14, '2026-03-16', 0),
(6501, 1088, 14, '2026-03-23', 1),
(6502, 1088, 15, '2026-03-02', 1),
(6503, 1088, 15, '2026-03-09', 1),
(6504, 1088, 15, '2026-03-16', 0),
(6505, 1088, 15, '2026-03-23', 1),
(6506, 1088, 16, '2026-03-02', 1),
(6507, 1088, 16, '2026-03-09', 1),
(6508, 1088, 16, '2026-03-16', 0),
(6509, 1088, 16, '2026-03-23', 1),
(6510, 1088, 17, '2026-03-02', 1),
(6511, 1088, 17, '2026-03-09', 1),
(6512, 1088, 17, '2026-03-16', 0),
(6513, 1088, 17, '2026-03-23', 1),
(6514, 1088, 18, '2026-03-02', 1),
(6515, 1088, 18, '2026-03-09', 1),
(6516, 1088, 18, '2026-03-16', 0),
(6517, 1088, 18, '2026-03-23', 1),
(6518, 1088, 19, '2026-03-02', 1),
(6519, 1088, 19, '2026-03-09', 1),
(6520, 1088, 19, '2026-03-16', 0),
(6521, 1088, 19, '2026-03-23', 1),
(6522, 1088, 20, '2026-03-02', 1),
(6523, 1088, 20, '2026-03-09', 1),
(6524, 1088, 20, '2026-03-16', 0),
(6525, 1088, 20, '2026-03-23', 1),
(6526, 1089, 11, '2026-03-02', 1),
(6527, 1089, 11, '2026-03-09', 1),
(6528, 1089, 11, '2026-03-16', 0),
(6529, 1089, 11, '2026-03-23', 1),
(6530, 1089, 12, '2026-03-02', 1),
(6531, 1089, 12, '2026-03-09', 1),
(6532, 1089, 12, '2026-03-16', 0),
(6533, 1089, 12, '2026-03-23', 1),
(6534, 1089, 13, '2026-03-02', 1),
(6535, 1089, 13, '2026-03-09', 1),
(6536, 1089, 13, '2026-03-16', 0),
(6537, 1089, 13, '2026-03-23', 1),
(6538, 1089, 14, '2026-03-02', 1),
(6539, 1089, 14, '2026-03-09', 1),
(6540, 1089, 14, '2026-03-16', 0),
(6541, 1089, 14, '2026-03-23', 1),
(6542, 1089, 15, '2026-03-02', 1),
(6543, 1089, 15, '2026-03-09', 1),
(6544, 1089, 15, '2026-03-16', 0),
(6545, 1089, 15, '2026-03-23', 1),
(6546, 1089, 16, '2026-03-02', 1),
(6547, 1089, 16, '2026-03-09', 1),
(6548, 1089, 16, '2026-03-16', 0),
(6549, 1089, 16, '2026-03-23', 1),
(6550, 1089, 17, '2026-03-02', 1),
(6551, 1089, 17, '2026-03-09', 1),
(6552, 1089, 17, '2026-03-16', 0),
(6553, 1089, 17, '2026-03-23', 1),
(6554, 1089, 18, '2026-03-02', 1),
(6555, 1089, 18, '2026-03-09', 1),
(6556, 1089, 18, '2026-03-16', 0),
(6557, 1089, 18, '2026-03-23', 1),
(6558, 1089, 19, '2026-03-02', 1),
(6559, 1089, 19, '2026-03-09', 1),
(6560, 1089, 19, '2026-03-16', 0),
(6561, 1089, 19, '2026-03-23', 1),
(6562, 1089, 20, '2026-03-02', 1),
(6563, 1089, 20, '2026-03-09', 1),
(6564, 1089, 20, '2026-03-16', 0),
(6565, 1089, 20, '2026-03-23', 1),
(6566, 1090, 11, '2026-03-02', 1),
(6567, 1090, 11, '2026-03-09', 1),
(6568, 1090, 11, '2026-03-16', 0),
(6569, 1090, 11, '2026-03-23', 1),
(6570, 1090, 12, '2026-03-02', 1),
(6571, 1090, 12, '2026-03-09', 1),
(6572, 1090, 12, '2026-03-16', 0),
(6573, 1090, 12, '2026-03-23', 1),
(6574, 1090, 13, '2026-03-02', 1),
(6575, 1090, 13, '2026-03-09', 1),
(6576, 1090, 13, '2026-03-16', 0),
(6577, 1090, 13, '2026-03-23', 1),
(6578, 1090, 14, '2026-03-02', 1),
(6579, 1090, 14, '2026-03-09', 1),
(6580, 1090, 14, '2026-03-16', 0),
(6581, 1090, 14, '2026-03-23', 1),
(6582, 1090, 15, '2026-03-02', 1),
(6583, 1090, 15, '2026-03-09', 1),
(6584, 1090, 15, '2026-03-16', 0),
(6585, 1090, 15, '2026-03-23', 1),
(6586, 1090, 16, '2026-03-02', 1),
(6587, 1090, 16, '2026-03-09', 1),
(6588, 1090, 16, '2026-03-16', 0),
(6589, 1090, 16, '2026-03-23', 1),
(6590, 1090, 17, '2026-03-02', 1),
(6591, 1090, 17, '2026-03-09', 1),
(6592, 1090, 17, '2026-03-16', 0),
(6593, 1090, 17, '2026-03-23', 1),
(6594, 1090, 18, '2026-03-02', 1),
(6595, 1090, 18, '2026-03-09', 1),
(6596, 1090, 18, '2026-03-16', 0),
(6597, 1090, 18, '2026-03-23', 1),
(6598, 1090, 19, '2026-03-02', 1),
(6599, 1090, 19, '2026-03-09', 1),
(6600, 1090, 19, '2026-03-16', 0),
(6601, 1090, 19, '2026-03-23', 1),
(6602, 1090, 20, '2026-03-02', 1),
(6603, 1090, 20, '2026-03-09', 1),
(6604, 1090, 20, '2026-03-16', 0),
(6605, 1090, 20, '2026-03-23', 1),
(6606, 1091, 11, '2026-03-02', 1),
(6607, 1091, 11, '2026-03-09', 1),
(6608, 1091, 11, '2026-03-16', 0),
(6609, 1091, 11, '2026-03-23', 1),
(6610, 1091, 12, '2026-03-02', 1),
(6611, 1091, 12, '2026-03-09', 1),
(6612, 1091, 12, '2026-03-16', 0),
(6613, 1091, 12, '2026-03-23', 1),
(6614, 1091, 13, '2026-03-02', 1),
(6615, 1091, 13, '2026-03-09', 1),
(6616, 1091, 13, '2026-03-16', 0),
(6617, 1091, 13, '2026-03-23', 1),
(6618, 1091, 14, '2026-03-02', 1),
(6619, 1091, 14, '2026-03-09', 1),
(6620, 1091, 14, '2026-03-16', 0),
(6621, 1091, 14, '2026-03-23', 1),
(6622, 1091, 15, '2026-03-02', 1),
(6623, 1091, 15, '2026-03-09', 1),
(6624, 1091, 15, '2026-03-16', 0),
(6625, 1091, 15, '2026-03-23', 1),
(6626, 1091, 16, '2026-03-02', 1),
(6627, 1091, 16, '2026-03-09', 1),
(6628, 1091, 16, '2026-03-16', 0),
(6629, 1091, 16, '2026-03-23', 1),
(6630, 1091, 17, '2026-03-02', 1),
(6631, 1091, 17, '2026-03-09', 1),
(6632, 1091, 17, '2026-03-16', 0),
(6633, 1091, 17, '2026-03-23', 1),
(6634, 1091, 18, '2026-03-02', 1),
(6635, 1091, 18, '2026-03-09', 1),
(6636, 1091, 18, '2026-03-16', 0),
(6637, 1091, 18, '2026-03-23', 1),
(6638, 1091, 19, '2026-03-02', 1),
(6639, 1091, 19, '2026-03-09', 1),
(6640, 1091, 19, '2026-03-16', 0),
(6641, 1091, 19, '2026-03-23', 1),
(6642, 1091, 20, '2026-03-02', 1),
(6643, 1091, 20, '2026-03-09', 1),
(6644, 1091, 20, '2026-03-16', 0),
(6645, 1091, 20, '2026-03-23', 1),
(6646, 1092, 11, '2026-03-02', 1),
(6647, 1092, 11, '2026-03-09', 1),
(6648, 1092, 11, '2026-03-16', 0),
(6649, 1092, 11, '2026-03-23', 1),
(6650, 1092, 12, '2026-03-02', 1),
(6651, 1092, 12, '2026-03-09', 1),
(6652, 1092, 12, '2026-03-16', 0),
(6653, 1092, 12, '2026-03-23', 1),
(6654, 1092, 13, '2026-03-02', 1),
(6655, 1092, 13, '2026-03-09', 1),
(6656, 1092, 13, '2026-03-16', 0),
(6657, 1092, 13, '2026-03-23', 1),
(6658, 1092, 14, '2026-03-02', 1),
(6659, 1092, 14, '2026-03-09', 1),
(6660, 1092, 14, '2026-03-16', 0),
(6661, 1092, 14, '2026-03-23', 1),
(6662, 1092, 15, '2026-03-02', 1),
(6663, 1092, 15, '2026-03-09', 1),
(6664, 1092, 15, '2026-03-16', 0),
(6665, 1092, 15, '2026-03-23', 1),
(6666, 1092, 16, '2026-03-02', 1),
(6667, 1092, 16, '2026-03-09', 1),
(6668, 1092, 16, '2026-03-16', 0),
(6669, 1092, 16, '2026-03-23', 1),
(6670, 1092, 17, '2026-03-02', 1),
(6671, 1092, 17, '2026-03-09', 1),
(6672, 1092, 17, '2026-03-16', 0),
(6673, 1092, 17, '2026-03-23', 1),
(6674, 1092, 18, '2026-03-02', 1),
(6675, 1092, 18, '2026-03-09', 1),
(6676, 1092, 18, '2026-03-16', 0),
(6677, 1092, 18, '2026-03-23', 1),
(6678, 1092, 19, '2026-03-02', 1),
(6679, 1092, 19, '2026-03-09', 1),
(6680, 1092, 19, '2026-03-16', 0),
(6681, 1092, 19, '2026-03-23', 1),
(6682, 1092, 20, '2026-03-02', 1),
(6683, 1092, 20, '2026-03-09', 1),
(6684, 1092, 20, '2026-03-16', 0),
(6685, 1092, 20, '2026-03-23', 1),
(6686, 1093, 11, '2026-03-02', 1),
(6687, 1093, 11, '2026-03-09', 1),
(6688, 1093, 11, '2026-03-16', 0),
(6689, 1093, 11, '2026-03-23', 1),
(6690, 1093, 12, '2026-03-02', 1),
(6691, 1093, 12, '2026-03-09', 1),
(6692, 1093, 12, '2026-03-16', 0),
(6693, 1093, 12, '2026-03-23', 1),
(6694, 1093, 13, '2026-03-02', 1),
(6695, 1093, 13, '2026-03-09', 1),
(6696, 1093, 13, '2026-03-16', 0),
(6697, 1093, 13, '2026-03-23', 1),
(6698, 1093, 14, '2026-03-02', 1),
(6699, 1093, 14, '2026-03-09', 1),
(6700, 1093, 14, '2026-03-16', 0),
(6701, 1093, 14, '2026-03-23', 1),
(6702, 1093, 15, '2026-03-02', 1),
(6703, 1093, 15, '2026-03-09', 1),
(6704, 1093, 15, '2026-03-16', 0),
(6705, 1093, 15, '2026-03-23', 1),
(6706, 1093, 16, '2026-03-02', 1),
(6707, 1093, 16, '2026-03-09', 1),
(6708, 1093, 16, '2026-03-16', 0),
(6709, 1093, 16, '2026-03-23', 1),
(6710, 1093, 17, '2026-03-02', 1),
(6711, 1093, 17, '2026-03-09', 1),
(6712, 1093, 17, '2026-03-16', 0),
(6713, 1093, 17, '2026-03-23', 1),
(6714, 1093, 18, '2026-03-02', 1),
(6715, 1093, 18, '2026-03-09', 1),
(6716, 1093, 18, '2026-03-16', 0),
(6717, 1093, 18, '2026-03-23', 1),
(6718, 1093, 19, '2026-03-02', 1),
(6719, 1093, 19, '2026-03-09', 1),
(6720, 1093, 19, '2026-03-16', 0),
(6721, 1093, 19, '2026-03-23', 1),
(6722, 1093, 20, '2026-03-02', 1),
(6723, 1093, 20, '2026-03-09', 1),
(6724, 1093, 20, '2026-03-16', 0),
(6725, 1093, 20, '2026-03-23', 1),
(6726, 1094, 11, '2026-03-02', 1),
(6727, 1094, 11, '2026-03-09', 1),
(6728, 1094, 11, '2026-03-16', 0),
(6729, 1094, 11, '2026-03-23', 1),
(6730, 1094, 12, '2026-03-02', 1),
(6731, 1094, 12, '2026-03-09', 1),
(6732, 1094, 12, '2026-03-16', 0),
(6733, 1094, 12, '2026-03-23', 1),
(6734, 1094, 13, '2026-03-02', 1),
(6735, 1094, 13, '2026-03-09', 1),
(6736, 1094, 13, '2026-03-16', 0),
(6737, 1094, 13, '2026-03-23', 1),
(6738, 1094, 14, '2026-03-02', 1),
(6739, 1094, 14, '2026-03-09', 1),
(6740, 1094, 14, '2026-03-16', 0),
(6741, 1094, 14, '2026-03-23', 1),
(6742, 1094, 15, '2026-03-02', 1),
(6743, 1094, 15, '2026-03-09', 1),
(6744, 1094, 15, '2026-03-16', 0),
(6745, 1094, 15, '2026-03-23', 1),
(6746, 1094, 16, '2026-03-02', 1),
(6747, 1094, 16, '2026-03-09', 1),
(6748, 1094, 16, '2026-03-16', 0),
(6749, 1094, 16, '2026-03-23', 1),
(6750, 1094, 17, '2026-03-02', 1),
(6751, 1094, 17, '2026-03-09', 1),
(6752, 1094, 17, '2026-03-16', 0),
(6753, 1094, 17, '2026-03-23', 1),
(6754, 1094, 18, '2026-03-02', 1),
(6755, 1094, 18, '2026-03-09', 1),
(6756, 1094, 18, '2026-03-16', 0),
(6757, 1094, 18, '2026-03-23', 1),
(6758, 1094, 19, '2026-03-02', 1),
(6759, 1094, 19, '2026-03-09', 1),
(6760, 1094, 19, '2026-03-16', 0),
(6761, 1094, 19, '2026-03-23', 1),
(6762, 1094, 20, '2026-03-02', 1),
(6763, 1094, 20, '2026-03-09', 1),
(6764, 1094, 20, '2026-03-16', 0),
(6765, 1094, 20, '2026-03-23', 1),
(6766, 1095, 11, '2026-03-02', 1),
(6767, 1095, 11, '2026-03-09', 1),
(6768, 1095, 11, '2026-03-16', 0),
(6769, 1095, 11, '2026-03-23', 1),
(6770, 1095, 12, '2026-03-02', 1),
(6771, 1095, 12, '2026-03-09', 1),
(6772, 1095, 12, '2026-03-16', 0),
(6773, 1095, 12, '2026-03-23', 1),
(6774, 1095, 13, '2026-03-02', 1),
(6775, 1095, 13, '2026-03-09', 1),
(6776, 1095, 13, '2026-03-16', 0),
(6777, 1095, 13, '2026-03-23', 1),
(6778, 1095, 14, '2026-03-02', 1),
(6779, 1095, 14, '2026-03-09', 1),
(6780, 1095, 14, '2026-03-16', 0),
(6781, 1095, 14, '2026-03-23', 1),
(6782, 1095, 15, '2026-03-02', 1),
(6783, 1095, 15, '2026-03-09', 1),
(6784, 1095, 15, '2026-03-16', 0),
(6785, 1095, 15, '2026-03-23', 1),
(6786, 1095, 16, '2026-03-02', 1),
(6787, 1095, 16, '2026-03-09', 1),
(6788, 1095, 16, '2026-03-16', 0),
(6789, 1095, 16, '2026-03-23', 1),
(6790, 1095, 17, '2026-03-02', 1),
(6791, 1095, 17, '2026-03-09', 1),
(6792, 1095, 17, '2026-03-16', 0),
(6793, 1095, 17, '2026-03-23', 1),
(6794, 1095, 18, '2026-03-02', 1),
(6795, 1095, 18, '2026-03-09', 1),
(6796, 1095, 18, '2026-03-16', 0),
(6797, 1095, 18, '2026-03-23', 1),
(6798, 1095, 19, '2026-03-02', 1),
(6799, 1095, 19, '2026-03-09', 1),
(6800, 1095, 19, '2026-03-16', 0),
(6801, 1095, 19, '2026-03-23', 1),
(6802, 1095, 20, '2026-03-02', 1),
(6803, 1095, 20, '2026-03-09', 1),
(6804, 1095, 20, '2026-03-16', 0),
(6805, 1095, 20, '2026-03-23', 1),
(6806, 1096, 11, '2026-03-02', 1),
(6807, 1096, 11, '2026-03-09', 1),
(6808, 1096, 11, '2026-03-16', 0),
(6809, 1096, 11, '2026-03-23', 1),
(6810, 1096, 12, '2026-03-02', 1),
(6811, 1096, 12, '2026-03-09', 1),
(6812, 1096, 12, '2026-03-16', 0),
(6813, 1096, 12, '2026-03-23', 1),
(6814, 1096, 13, '2026-03-02', 1),
(6815, 1096, 13, '2026-03-09', 1),
(6816, 1096, 13, '2026-03-16', 0),
(6817, 1096, 13, '2026-03-23', 1),
(6818, 1096, 14, '2026-03-02', 1),
(6819, 1096, 14, '2026-03-09', 1),
(6820, 1096, 14, '2026-03-16', 0),
(6821, 1096, 14, '2026-03-23', 1),
(6822, 1096, 15, '2026-03-02', 1),
(6823, 1096, 15, '2026-03-09', 1),
(6824, 1096, 15, '2026-03-16', 0),
(6825, 1096, 15, '2026-03-23', 1),
(6826, 1096, 16, '2026-03-02', 1),
(6827, 1096, 16, '2026-03-09', 1),
(6828, 1096, 16, '2026-03-16', 0),
(6829, 1096, 16, '2026-03-23', 1),
(6830, 1096, 17, '2026-03-02', 1),
(6831, 1096, 17, '2026-03-09', 1),
(6832, 1096, 17, '2026-03-16', 0),
(6833, 1096, 17, '2026-03-23', 1),
(6834, 1096, 18, '2026-03-02', 1),
(6835, 1096, 18, '2026-03-09', 1),
(6836, 1096, 18, '2026-03-16', 0),
(6837, 1096, 18, '2026-03-23', 1),
(6838, 1096, 19, '2026-03-02', 1),
(6839, 1096, 19, '2026-03-09', 1),
(6840, 1096, 19, '2026-03-16', 0),
(6841, 1096, 19, '2026-03-23', 1),
(6842, 1096, 20, '2026-03-02', 1),
(6843, 1096, 20, '2026-03-09', 1),
(6844, 1096, 20, '2026-03-16', 0),
(6845, 1096, 20, '2026-03-23', 1),
(6846, 1097, 11, '2026-03-02', 1),
(6847, 1097, 11, '2026-03-09', 1),
(6848, 1097, 11, '2026-03-16', 0),
(6849, 1097, 11, '2026-03-23', 1),
(6850, 1097, 12, '2026-03-02', 1),
(6851, 1097, 12, '2026-03-09', 1),
(6852, 1097, 12, '2026-03-16', 0),
(6853, 1097, 12, '2026-03-23', 1),
(6854, 1097, 13, '2026-03-02', 1),
(6855, 1097, 13, '2026-03-09', 1),
(6856, 1097, 13, '2026-03-16', 0),
(6857, 1097, 13, '2026-03-23', 1),
(6858, 1097, 14, '2026-03-02', 1),
(6859, 1097, 14, '2026-03-09', 1),
(6860, 1097, 14, '2026-03-16', 0),
(6861, 1097, 14, '2026-03-23', 1),
(6862, 1097, 15, '2026-03-02', 1),
(6863, 1097, 15, '2026-03-09', 1),
(6864, 1097, 15, '2026-03-16', 0),
(6865, 1097, 15, '2026-03-23', 1),
(6866, 1097, 16, '2026-03-02', 1),
(6867, 1097, 16, '2026-03-09', 1),
(6868, 1097, 16, '2026-03-16', 0),
(6869, 1097, 16, '2026-03-23', 1),
(6870, 1097, 17, '2026-03-02', 1),
(6871, 1097, 17, '2026-03-09', 1),
(6872, 1097, 17, '2026-03-16', 0),
(6873, 1097, 17, '2026-03-23', 1),
(6874, 1097, 18, '2026-03-02', 1),
(6875, 1097, 18, '2026-03-09', 1),
(6876, 1097, 18, '2026-03-16', 0),
(6877, 1097, 18, '2026-03-23', 1),
(6878, 1097, 19, '2026-03-02', 1),
(6879, 1097, 19, '2026-03-09', 1),
(6880, 1097, 19, '2026-03-16', 0),
(6881, 1097, 19, '2026-03-23', 1),
(6882, 1097, 20, '2026-03-02', 1),
(6883, 1097, 20, '2026-03-09', 1),
(6884, 1097, 20, '2026-03-16', 0),
(6885, 1097, 20, '2026-03-23', 1),
(6886, 1098, 11, '2026-03-02', 1),
(6887, 1098, 11, '2026-03-09', 1),
(6888, 1098, 11, '2026-03-16', 0),
(6889, 1098, 11, '2026-03-23', 1),
(6890, 1098, 12, '2026-03-02', 1),
(6891, 1098, 12, '2026-03-09', 1),
(6892, 1098, 12, '2026-03-16', 0),
(6893, 1098, 12, '2026-03-23', 1),
(6894, 1098, 13, '2026-03-02', 1),
(6895, 1098, 13, '2026-03-09', 1),
(6896, 1098, 13, '2026-03-16', 0),
(6897, 1098, 13, '2026-03-23', 1),
(6898, 1098, 14, '2026-03-02', 1),
(6899, 1098, 14, '2026-03-09', 1),
(6900, 1098, 14, '2026-03-16', 0),
(6901, 1098, 14, '2026-03-23', 1),
(6902, 1098, 15, '2026-03-02', 1),
(6903, 1098, 15, '2026-03-09', 1),
(6904, 1098, 15, '2026-03-16', 0),
(6905, 1098, 15, '2026-03-23', 1),
(6906, 1098, 16, '2026-03-02', 1),
(6907, 1098, 16, '2026-03-09', 1),
(6908, 1098, 16, '2026-03-16', 0),
(6909, 1098, 16, '2026-03-23', 1),
(6910, 1098, 17, '2026-03-02', 1),
(6911, 1098, 17, '2026-03-09', 1),
(6912, 1098, 17, '2026-03-16', 0),
(6913, 1098, 17, '2026-03-23', 1),
(6914, 1098, 18, '2026-03-02', 1),
(6915, 1098, 18, '2026-03-09', 1),
(6916, 1098, 18, '2026-03-16', 0),
(6917, 1098, 18, '2026-03-23', 1),
(6918, 1098, 19, '2026-03-02', 1),
(6919, 1098, 19, '2026-03-09', 1),
(6920, 1098, 19, '2026-03-16', 0),
(6921, 1098, 19, '2026-03-23', 1),
(6922, 1098, 20, '2026-03-02', 1),
(6923, 1098, 20, '2026-03-09', 1),
(6924, 1098, 20, '2026-03-16', 0),
(6925, 1098, 20, '2026-03-23', 1),
(6926, 1099, 11, '2026-03-02', 1),
(6927, 1099, 11, '2026-03-09', 1),
(6928, 1099, 11, '2026-03-16', 0),
(6929, 1099, 11, '2026-03-23', 1),
(6930, 1099, 12, '2026-03-02', 1),
(6931, 1099, 12, '2026-03-09', 1),
(6932, 1099, 12, '2026-03-16', 0),
(6933, 1099, 12, '2026-03-23', 1),
(6934, 1099, 13, '2026-03-02', 1),
(6935, 1099, 13, '2026-03-09', 1),
(6936, 1099, 13, '2026-03-16', 0),
(6937, 1099, 13, '2026-03-23', 1),
(6938, 1099, 14, '2026-03-02', 1),
(6939, 1099, 14, '2026-03-09', 1),
(6940, 1099, 14, '2026-03-16', 0),
(6941, 1099, 14, '2026-03-23', 1),
(6942, 1099, 15, '2026-03-02', 1),
(6943, 1099, 15, '2026-03-09', 1),
(6944, 1099, 15, '2026-03-16', 0),
(6945, 1099, 15, '2026-03-23', 1),
(6946, 1099, 16, '2026-03-02', 1),
(6947, 1099, 16, '2026-03-09', 1),
(6948, 1099, 16, '2026-03-16', 0),
(6949, 1099, 16, '2026-03-23', 1),
(6950, 1099, 17, '2026-03-02', 1),
(6951, 1099, 17, '2026-03-09', 1),
(6952, 1099, 17, '2026-03-16', 0),
(6953, 1099, 17, '2026-03-23', 1),
(6954, 1099, 18, '2026-03-02', 1),
(6955, 1099, 18, '2026-03-09', 1),
(6956, 1099, 18, '2026-03-16', 0),
(6957, 1099, 18, '2026-03-23', 1),
(6958, 1099, 19, '2026-03-02', 1),
(6959, 1099, 19, '2026-03-09', 1),
(6960, 1099, 19, '2026-03-16', 0),
(6961, 1099, 19, '2026-03-23', 1),
(6962, 1099, 20, '2026-03-02', 1),
(6963, 1099, 20, '2026-03-09', 1),
(6964, 1099, 20, '2026-03-16', 0),
(6965, 1099, 20, '2026-03-23', 1),
(6966, 1100, 11, '2026-03-02', 1),
(6967, 1100, 11, '2026-03-09', 1),
(6968, 1100, 11, '2026-03-16', 0),
(6969, 1100, 11, '2026-03-23', 1),
(6970, 1100, 12, '2026-03-02', 1),
(6971, 1100, 12, '2026-03-09', 1),
(6972, 1100, 12, '2026-03-16', 0),
(6973, 1100, 12, '2026-03-23', 1),
(6974, 1100, 13, '2026-03-02', 1),
(6975, 1100, 13, '2026-03-09', 1),
(6976, 1100, 13, '2026-03-16', 0),
(6977, 1100, 13, '2026-03-23', 1),
(6978, 1100, 14, '2026-03-02', 1),
(6979, 1100, 14, '2026-03-09', 1),
(6980, 1100, 14, '2026-03-16', 0),
(6981, 1100, 14, '2026-03-23', 1),
(6982, 1100, 15, '2026-03-02', 1),
(6983, 1100, 15, '2026-03-09', 1),
(6984, 1100, 15, '2026-03-16', 0),
(6985, 1100, 15, '2026-03-23', 1),
(6986, 1100, 16, '2026-03-02', 1),
(6987, 1100, 16, '2026-03-09', 1),
(6988, 1100, 16, '2026-03-16', 0),
(6989, 1100, 16, '2026-03-23', 1),
(6990, 1100, 17, '2026-03-02', 1),
(6991, 1100, 17, '2026-03-09', 1),
(6992, 1100, 17, '2026-03-16', 0),
(6993, 1100, 17, '2026-03-23', 1),
(6994, 1100, 18, '2026-03-02', 1),
(6995, 1100, 18, '2026-03-09', 1),
(6996, 1100, 18, '2026-03-16', 0),
(6997, 1100, 18, '2026-03-23', 1),
(6998, 1100, 19, '2026-03-02', 1),
(6999, 1100, 19, '2026-03-09', 1),
(7000, 1100, 19, '2026-03-16', 0),
(7001, 1100, 19, '2026-03-23', 1),
(7002, 1100, 20, '2026-03-02', 1),
(7003, 1100, 20, '2026-03-09', 1),
(7004, 1100, 20, '2026-03-16', 0),
(7005, 1100, 20, '2026-03-23', 1),
(7006, 1101, 21, '2026-03-02', 1),
(7007, 1101, 21, '2026-03-09', 1),
(7008, 1101, 21, '2026-03-16', 0),
(7009, 1101, 21, '2026-03-23', 1),
(7010, 1101, 22, '2026-03-02', 1),
(7011, 1101, 22, '2026-03-09', 1),
(7012, 1101, 22, '2026-03-16', 0),
(7013, 1101, 22, '2026-03-23', 1),
(7014, 1101, 23, '2026-03-02', 1),
(7015, 1101, 23, '2026-03-09', 1),
(7016, 1101, 23, '2026-03-16', 0),
(7017, 1101, 23, '2026-03-23', 1),
(7018, 1101, 24, '2026-03-02', 1),
(7019, 1101, 24, '2026-03-09', 1),
(7020, 1101, 24, '2026-03-16', 0),
(7021, 1101, 24, '2026-03-23', 1),
(7022, 1101, 25, '2026-03-02', 1),
(7023, 1101, 25, '2026-03-09', 1),
(7024, 1101, 25, '2026-03-16', 0),
(7025, 1101, 25, '2026-03-23', 1),
(7026, 1101, 26, '2026-03-02', 1),
(7027, 1101, 26, '2026-03-09', 1),
(7028, 1101, 26, '2026-03-16', 0),
(7029, 1101, 26, '2026-03-23', 1),
(7030, 1101, 27, '2026-03-02', 1),
(7031, 1101, 27, '2026-03-09', 1),
(7032, 1101, 27, '2026-03-16', 0),
(7033, 1101, 27, '2026-03-23', 1),
(7034, 1101, 28, '2026-03-02', 1),
(7035, 1101, 28, '2026-03-09', 1),
(7036, 1101, 28, '2026-03-16', 0),
(7037, 1101, 28, '2026-03-23', 1),
(7038, 1101, 29, '2026-03-02', 1),
(7039, 1101, 29, '2026-03-09', 1),
(7040, 1101, 29, '2026-03-16', 0),
(7041, 1101, 29, '2026-03-23', 1),
(7042, 1101, 30, '2026-03-02', 1),
(7043, 1101, 30, '2026-03-09', 1),
(7044, 1101, 30, '2026-03-16', 0),
(7045, 1101, 30, '2026-03-23', 1),
(7046, 1102, 21, '2026-03-02', 1),
(7047, 1102, 21, '2026-03-09', 1),
(7048, 1102, 21, '2026-03-16', 0),
(7049, 1102, 21, '2026-03-23', 1),
(7050, 1102, 22, '2026-03-02', 1),
(7051, 1102, 22, '2026-03-09', 1),
(7052, 1102, 22, '2026-03-16', 0),
(7053, 1102, 22, '2026-03-23', 1),
(7054, 1102, 23, '2026-03-02', 1),
(7055, 1102, 23, '2026-03-09', 1),
(7056, 1102, 23, '2026-03-16', 0),
(7057, 1102, 23, '2026-03-23', 1),
(7058, 1102, 24, '2026-03-02', 1),
(7059, 1102, 24, '2026-03-09', 1),
(7060, 1102, 24, '2026-03-16', 0),
(7061, 1102, 24, '2026-03-23', 1),
(7062, 1102, 25, '2026-03-02', 1),
(7063, 1102, 25, '2026-03-09', 1),
(7064, 1102, 25, '2026-03-16', 0),
(7065, 1102, 25, '2026-03-23', 1),
(7066, 1102, 26, '2026-03-02', 1),
(7067, 1102, 26, '2026-03-09', 1),
(7068, 1102, 26, '2026-03-16', 0),
(7069, 1102, 26, '2026-03-23', 1),
(7070, 1102, 27, '2026-03-02', 1),
(7071, 1102, 27, '2026-03-09', 1),
(7072, 1102, 27, '2026-03-16', 0),
(7073, 1102, 27, '2026-03-23', 1),
(7074, 1102, 28, '2026-03-02', 1),
(7075, 1102, 28, '2026-03-09', 1),
(7076, 1102, 28, '2026-03-16', 0),
(7077, 1102, 28, '2026-03-23', 1),
(7078, 1102, 29, '2026-03-02', 1),
(7079, 1102, 29, '2026-03-09', 1),
(7080, 1102, 29, '2026-03-16', 0),
(7081, 1102, 29, '2026-03-23', 1),
(7082, 1102, 30, '2026-03-02', 1),
(7083, 1102, 30, '2026-03-09', 1),
(7084, 1102, 30, '2026-03-16', 0),
(7085, 1102, 30, '2026-03-23', 1),
(7086, 1103, 21, '2026-03-02', 1),
(7087, 1103, 21, '2026-03-09', 1),
(7088, 1103, 21, '2026-03-16', 0),
(7089, 1103, 21, '2026-03-23', 1),
(7090, 1103, 22, '2026-03-02', 1),
(7091, 1103, 22, '2026-03-09', 1),
(7092, 1103, 22, '2026-03-16', 0),
(7093, 1103, 22, '2026-03-23', 1),
(7094, 1103, 23, '2026-03-02', 1),
(7095, 1103, 23, '2026-03-09', 1),
(7096, 1103, 23, '2026-03-16', 0),
(7097, 1103, 23, '2026-03-23', 1),
(7098, 1103, 24, '2026-03-02', 1),
(7099, 1103, 24, '2026-03-09', 1),
(7100, 1103, 24, '2026-03-16', 0),
(7101, 1103, 24, '2026-03-23', 1),
(7102, 1103, 25, '2026-03-02', 1),
(7103, 1103, 25, '2026-03-09', 1),
(7104, 1103, 25, '2026-03-16', 0),
(7105, 1103, 25, '2026-03-23', 1),
(7106, 1103, 26, '2026-03-02', 1),
(7107, 1103, 26, '2026-03-09', 1),
(7108, 1103, 26, '2026-03-16', 0),
(7109, 1103, 26, '2026-03-23', 1),
(7110, 1103, 27, '2026-03-02', 1),
(7111, 1103, 27, '2026-03-09', 1),
(7112, 1103, 27, '2026-03-16', 0),
(7113, 1103, 27, '2026-03-23', 1),
(7114, 1103, 28, '2026-03-02', 1),
(7115, 1103, 28, '2026-03-09', 1),
(7116, 1103, 28, '2026-03-16', 0),
(7117, 1103, 28, '2026-03-23', 1),
(7118, 1103, 29, '2026-03-02', 1),
(7119, 1103, 29, '2026-03-09', 1),
(7120, 1103, 29, '2026-03-16', 0),
(7121, 1103, 29, '2026-03-23', 1),
(7122, 1103, 30, '2026-03-02', 1),
(7123, 1103, 30, '2026-03-09', 1),
(7124, 1103, 30, '2026-03-16', 0),
(7125, 1103, 30, '2026-03-23', 1),
(7126, 1104, 21, '2026-03-02', 1),
(7127, 1104, 21, '2026-03-09', 1),
(7128, 1104, 21, '2026-03-16', 0),
(7129, 1104, 21, '2026-03-23', 1),
(7130, 1104, 22, '2026-03-02', 1),
(7131, 1104, 22, '2026-03-09', 1),
(7132, 1104, 22, '2026-03-16', 0),
(7133, 1104, 22, '2026-03-23', 1),
(7134, 1104, 23, '2026-03-02', 1),
(7135, 1104, 23, '2026-03-09', 1),
(7136, 1104, 23, '2026-03-16', 0),
(7137, 1104, 23, '2026-03-23', 1),
(7138, 1104, 24, '2026-03-02', 1),
(7139, 1104, 24, '2026-03-09', 1),
(7140, 1104, 24, '2026-03-16', 0),
(7141, 1104, 24, '2026-03-23', 1),
(7142, 1104, 25, '2026-03-02', 1),
(7143, 1104, 25, '2026-03-09', 1),
(7144, 1104, 25, '2026-03-16', 0),
(7145, 1104, 25, '2026-03-23', 1),
(7146, 1104, 26, '2026-03-02', 1),
(7147, 1104, 26, '2026-03-09', 1),
(7148, 1104, 26, '2026-03-16', 0),
(7149, 1104, 26, '2026-03-23', 1),
(7150, 1104, 27, '2026-03-02', 1),
(7151, 1104, 27, '2026-03-09', 1),
(7152, 1104, 27, '2026-03-16', 0),
(7153, 1104, 27, '2026-03-23', 1),
(7154, 1104, 28, '2026-03-02', 1),
(7155, 1104, 28, '2026-03-09', 1),
(7156, 1104, 28, '2026-03-16', 0),
(7157, 1104, 28, '2026-03-23', 1),
(7158, 1104, 29, '2026-03-02', 1),
(7159, 1104, 29, '2026-03-09', 1),
(7160, 1104, 29, '2026-03-16', 0),
(7161, 1104, 29, '2026-03-23', 1),
(7162, 1104, 30, '2026-03-02', 1),
(7163, 1104, 30, '2026-03-09', 1),
(7164, 1104, 30, '2026-03-16', 0),
(7165, 1104, 30, '2026-03-23', 1),
(7166, 1105, 21, '2026-03-02', 1),
(7167, 1105, 21, '2026-03-09', 1),
(7168, 1105, 21, '2026-03-16', 0),
(7169, 1105, 21, '2026-03-23', 1),
(7170, 1105, 22, '2026-03-02', 1),
(7171, 1105, 22, '2026-03-09', 1),
(7172, 1105, 22, '2026-03-16', 0),
(7173, 1105, 22, '2026-03-23', 1),
(7174, 1105, 23, '2026-03-02', 1),
(7175, 1105, 23, '2026-03-09', 1),
(7176, 1105, 23, '2026-03-16', 0),
(7177, 1105, 23, '2026-03-23', 1),
(7178, 1105, 24, '2026-03-02', 1),
(7179, 1105, 24, '2026-03-09', 1),
(7180, 1105, 24, '2026-03-16', 0),
(7181, 1105, 24, '2026-03-23', 1),
(7182, 1105, 25, '2026-03-02', 1),
(7183, 1105, 25, '2026-03-09', 1),
(7184, 1105, 25, '2026-03-16', 0),
(7185, 1105, 25, '2026-03-23', 1),
(7186, 1105, 26, '2026-03-02', 1),
(7187, 1105, 26, '2026-03-09', 1),
(7188, 1105, 26, '2026-03-16', 0),
(7189, 1105, 26, '2026-03-23', 1),
(7190, 1105, 27, '2026-03-02', 1),
(7191, 1105, 27, '2026-03-09', 1),
(7192, 1105, 27, '2026-03-16', 0),
(7193, 1105, 27, '2026-03-23', 1),
(7194, 1105, 28, '2026-03-02', 1),
(7195, 1105, 28, '2026-03-09', 1),
(7196, 1105, 28, '2026-03-16', 0),
(7197, 1105, 28, '2026-03-23', 1),
(7198, 1105, 29, '2026-03-02', 1),
(7199, 1105, 29, '2026-03-09', 1),
(7200, 1105, 29, '2026-03-16', 0),
(7201, 1105, 29, '2026-03-23', 1),
(7202, 1105, 30, '2026-03-02', 1),
(7203, 1105, 30, '2026-03-09', 1),
(7204, 1105, 30, '2026-03-16', 0),
(7205, 1105, 30, '2026-03-23', 1),
(7206, 1106, 21, '2026-03-02', 1),
(7207, 1106, 21, '2026-03-09', 1),
(7208, 1106, 21, '2026-03-16', 0),
(7209, 1106, 21, '2026-03-23', 1),
(7210, 1106, 22, '2026-03-02', 1),
(7211, 1106, 22, '2026-03-09', 1),
(7212, 1106, 22, '2026-03-16', 0),
(7213, 1106, 22, '2026-03-23', 1),
(7214, 1106, 23, '2026-03-02', 1),
(7215, 1106, 23, '2026-03-09', 1),
(7216, 1106, 23, '2026-03-16', 0),
(7217, 1106, 23, '2026-03-23', 1),
(7218, 1106, 24, '2026-03-02', 1),
(7219, 1106, 24, '2026-03-09', 1),
(7220, 1106, 24, '2026-03-16', 0),
(7221, 1106, 24, '2026-03-23', 1),
(7222, 1106, 25, '2026-03-02', 1),
(7223, 1106, 25, '2026-03-09', 1),
(7224, 1106, 25, '2026-03-16', 0),
(7225, 1106, 25, '2026-03-23', 1),
(7226, 1106, 26, '2026-03-02', 1),
(7227, 1106, 26, '2026-03-09', 1),
(7228, 1106, 26, '2026-03-16', 0),
(7229, 1106, 26, '2026-03-23', 1),
(7230, 1106, 27, '2026-03-02', 1),
(7231, 1106, 27, '2026-03-09', 1),
(7232, 1106, 27, '2026-03-16', 0),
(7233, 1106, 27, '2026-03-23', 1),
(7234, 1106, 28, '2026-03-02', 1),
(7235, 1106, 28, '2026-03-09', 1),
(7236, 1106, 28, '2026-03-16', 0),
(7237, 1106, 28, '2026-03-23', 1),
(7238, 1106, 29, '2026-03-02', 1),
(7239, 1106, 29, '2026-03-09', 1),
(7240, 1106, 29, '2026-03-16', 0),
(7241, 1106, 29, '2026-03-23', 1),
(7242, 1106, 30, '2026-03-02', 1),
(7243, 1106, 30, '2026-03-09', 1),
(7244, 1106, 30, '2026-03-16', 0),
(7245, 1106, 30, '2026-03-23', 1),
(7246, 1107, 21, '2026-03-02', 1),
(7247, 1107, 21, '2026-03-09', 1),
(7248, 1107, 21, '2026-03-16', 0),
(7249, 1107, 21, '2026-03-23', 1),
(7250, 1107, 22, '2026-03-02', 1),
(7251, 1107, 22, '2026-03-09', 1),
(7252, 1107, 22, '2026-03-16', 0),
(7253, 1107, 22, '2026-03-23', 1),
(7254, 1107, 23, '2026-03-02', 1),
(7255, 1107, 23, '2026-03-09', 1),
(7256, 1107, 23, '2026-03-16', 0),
(7257, 1107, 23, '2026-03-23', 1),
(7258, 1107, 24, '2026-03-02', 1),
(7259, 1107, 24, '2026-03-09', 1),
(7260, 1107, 24, '2026-03-16', 0),
(7261, 1107, 24, '2026-03-23', 1),
(7262, 1107, 25, '2026-03-02', 1),
(7263, 1107, 25, '2026-03-09', 1),
(7264, 1107, 25, '2026-03-16', 0),
(7265, 1107, 25, '2026-03-23', 1),
(7266, 1107, 26, '2026-03-02', 1),
(7267, 1107, 26, '2026-03-09', 1),
(7268, 1107, 26, '2026-03-16', 0),
(7269, 1107, 26, '2026-03-23', 1),
(7270, 1107, 27, '2026-03-02', 1),
(7271, 1107, 27, '2026-03-09', 1),
(7272, 1107, 27, '2026-03-16', 0),
(7273, 1107, 27, '2026-03-23', 1),
(7274, 1107, 28, '2026-03-02', 1),
(7275, 1107, 28, '2026-03-09', 1),
(7276, 1107, 28, '2026-03-16', 0),
(7277, 1107, 28, '2026-03-23', 1),
(7278, 1107, 29, '2026-03-02', 1),
(7279, 1107, 29, '2026-03-09', 1),
(7280, 1107, 29, '2026-03-16', 0),
(7281, 1107, 29, '2026-03-23', 1),
(7282, 1107, 30, '2026-03-02', 1),
(7283, 1107, 30, '2026-03-09', 1),
(7284, 1107, 30, '2026-03-16', 0),
(7285, 1107, 30, '2026-03-23', 1),
(7286, 1108, 21, '2026-03-02', 1),
(7287, 1108, 21, '2026-03-09', 1),
(7288, 1108, 21, '2026-03-16', 0),
(7289, 1108, 21, '2026-03-23', 1),
(7290, 1108, 22, '2026-03-02', 1),
(7291, 1108, 22, '2026-03-09', 1),
(7292, 1108, 22, '2026-03-16', 0),
(7293, 1108, 22, '2026-03-23', 1),
(7294, 1108, 23, '2026-03-02', 1),
(7295, 1108, 23, '2026-03-09', 1),
(7296, 1108, 23, '2026-03-16', 0),
(7297, 1108, 23, '2026-03-23', 1),
(7298, 1108, 24, '2026-03-02', 1),
(7299, 1108, 24, '2026-03-09', 1),
(7300, 1108, 24, '2026-03-16', 0),
(7301, 1108, 24, '2026-03-23', 1),
(7302, 1108, 25, '2026-03-02', 1),
(7303, 1108, 25, '2026-03-09', 1),
(7304, 1108, 25, '2026-03-16', 0),
(7305, 1108, 25, '2026-03-23', 1),
(7306, 1108, 26, '2026-03-02', 1),
(7307, 1108, 26, '2026-03-09', 1),
(7308, 1108, 26, '2026-03-16', 0),
(7309, 1108, 26, '2026-03-23', 1),
(7310, 1108, 27, '2026-03-02', 1),
(7311, 1108, 27, '2026-03-09', 1),
(7312, 1108, 27, '2026-03-16', 0),
(7313, 1108, 27, '2026-03-23', 1),
(7314, 1108, 28, '2026-03-02', 1),
(7315, 1108, 28, '2026-03-09', 1),
(7316, 1108, 28, '2026-03-16', 0),
(7317, 1108, 28, '2026-03-23', 1),
(7318, 1108, 29, '2026-03-02', 1),
(7319, 1108, 29, '2026-03-09', 1),
(7320, 1108, 29, '2026-03-16', 0),
(7321, 1108, 29, '2026-03-23', 1),
(7322, 1108, 30, '2026-03-02', 1),
(7323, 1108, 30, '2026-03-09', 1),
(7324, 1108, 30, '2026-03-16', 0),
(7325, 1108, 30, '2026-03-23', 1),
(7326, 1109, 21, '2026-03-02', 1),
(7327, 1109, 21, '2026-03-09', 1),
(7328, 1109, 21, '2026-03-16', 0),
(7329, 1109, 21, '2026-03-23', 1),
(7330, 1109, 22, '2026-03-02', 1),
(7331, 1109, 22, '2026-03-09', 1),
(7332, 1109, 22, '2026-03-16', 0),
(7333, 1109, 22, '2026-03-23', 1),
(7334, 1109, 23, '2026-03-02', 1),
(7335, 1109, 23, '2026-03-09', 1),
(7336, 1109, 23, '2026-03-16', 0),
(7337, 1109, 23, '2026-03-23', 1),
(7338, 1109, 24, '2026-03-02', 1),
(7339, 1109, 24, '2026-03-09', 1),
(7340, 1109, 24, '2026-03-16', 0),
(7341, 1109, 24, '2026-03-23', 1),
(7342, 1109, 25, '2026-03-02', 1),
(7343, 1109, 25, '2026-03-09', 1),
(7344, 1109, 25, '2026-03-16', 0),
(7345, 1109, 25, '2026-03-23', 1),
(7346, 1109, 26, '2026-03-02', 1),
(7347, 1109, 26, '2026-03-09', 1),
(7348, 1109, 26, '2026-03-16', 0),
(7349, 1109, 26, '2026-03-23', 1),
(7350, 1109, 27, '2026-03-02', 1),
(7351, 1109, 27, '2026-03-09', 1),
(7352, 1109, 27, '2026-03-16', 0),
(7353, 1109, 27, '2026-03-23', 1),
(7354, 1109, 28, '2026-03-02', 1),
(7355, 1109, 28, '2026-03-09', 1),
(7356, 1109, 28, '2026-03-16', 0),
(7357, 1109, 28, '2026-03-23', 1),
(7358, 1109, 29, '2026-03-02', 1),
(7359, 1109, 29, '2026-03-09', 1),
(7360, 1109, 29, '2026-03-16', 0),
(7361, 1109, 29, '2026-03-23', 1),
(7362, 1109, 30, '2026-03-02', 1),
(7363, 1109, 30, '2026-03-09', 1),
(7364, 1109, 30, '2026-03-16', 0),
(7365, 1109, 30, '2026-03-23', 1),
(7366, 1110, 21, '2026-03-02', 1),
(7367, 1110, 21, '2026-03-09', 1),
(7368, 1110, 21, '2026-03-16', 0),
(7369, 1110, 21, '2026-03-23', 1),
(7370, 1110, 22, '2026-03-02', 1),
(7371, 1110, 22, '2026-03-09', 1),
(7372, 1110, 22, '2026-03-16', 0),
(7373, 1110, 22, '2026-03-23', 1),
(7374, 1110, 23, '2026-03-02', 1),
(7375, 1110, 23, '2026-03-09', 1),
(7376, 1110, 23, '2026-03-16', 0),
(7377, 1110, 23, '2026-03-23', 1),
(7378, 1110, 24, '2026-03-02', 1),
(7379, 1110, 24, '2026-03-09', 1),
(7380, 1110, 24, '2026-03-16', 0),
(7381, 1110, 24, '2026-03-23', 1),
(7382, 1110, 25, '2026-03-02', 1),
(7383, 1110, 25, '2026-03-09', 1),
(7384, 1110, 25, '2026-03-16', 0),
(7385, 1110, 25, '2026-03-23', 1),
(7386, 1110, 26, '2026-03-02', 1),
(7387, 1110, 26, '2026-03-09', 1),
(7388, 1110, 26, '2026-03-16', 0),
(7389, 1110, 26, '2026-03-23', 1),
(7390, 1110, 27, '2026-03-02', 1),
(7391, 1110, 27, '2026-03-09', 1),
(7392, 1110, 27, '2026-03-16', 0),
(7393, 1110, 27, '2026-03-23', 1),
(7394, 1110, 28, '2026-03-02', 1),
(7395, 1110, 28, '2026-03-09', 1),
(7396, 1110, 28, '2026-03-16', 0),
(7397, 1110, 28, '2026-03-23', 1),
(7398, 1110, 29, '2026-03-02', 1),
(7399, 1110, 29, '2026-03-09', 1),
(7400, 1110, 29, '2026-03-16', 0),
(7401, 1110, 29, '2026-03-23', 1),
(7402, 1110, 30, '2026-03-02', 1),
(7403, 1110, 30, '2026-03-09', 1),
(7404, 1110, 30, '2026-03-16', 0),
(7405, 1110, 30, '2026-03-23', 1),
(7406, 1111, 21, '2026-03-02', 1),
(7407, 1111, 21, '2026-03-09', 1),
(7408, 1111, 21, '2026-03-16', 0),
(7409, 1111, 21, '2026-03-23', 1),
(7410, 1111, 22, '2026-03-02', 1),
(7411, 1111, 22, '2026-03-09', 1),
(7412, 1111, 22, '2026-03-16', 0),
(7413, 1111, 22, '2026-03-23', 1),
(7414, 1111, 23, '2026-03-02', 1),
(7415, 1111, 23, '2026-03-09', 1),
(7416, 1111, 23, '2026-03-16', 0),
(7417, 1111, 23, '2026-03-23', 1),
(7418, 1111, 24, '2026-03-02', 1),
(7419, 1111, 24, '2026-03-09', 1),
(7420, 1111, 24, '2026-03-16', 0),
(7421, 1111, 24, '2026-03-23', 1),
(7422, 1111, 25, '2026-03-02', 1),
(7423, 1111, 25, '2026-03-09', 1),
(7424, 1111, 25, '2026-03-16', 0),
(7425, 1111, 25, '2026-03-23', 1),
(7426, 1111, 26, '2026-03-02', 1),
(7427, 1111, 26, '2026-03-09', 1),
(7428, 1111, 26, '2026-03-16', 0),
(7429, 1111, 26, '2026-03-23', 1),
(7430, 1111, 27, '2026-03-02', 1),
(7431, 1111, 27, '2026-03-09', 1),
(7432, 1111, 27, '2026-03-16', 0),
(7433, 1111, 27, '2026-03-23', 1),
(7434, 1111, 28, '2026-03-02', 1),
(7435, 1111, 28, '2026-03-09', 1),
(7436, 1111, 28, '2026-03-16', 0),
(7437, 1111, 28, '2026-03-23', 1),
(7438, 1111, 29, '2026-03-02', 1),
(7439, 1111, 29, '2026-03-09', 1),
(7440, 1111, 29, '2026-03-16', 0),
(7441, 1111, 29, '2026-03-23', 1),
(7442, 1111, 30, '2026-03-02', 1),
(7443, 1111, 30, '2026-03-09', 1),
(7444, 1111, 30, '2026-03-16', 0),
(7445, 1111, 30, '2026-03-23', 1),
(7446, 1112, 21, '2026-03-02', 1),
(7447, 1112, 21, '2026-03-09', 1),
(7448, 1112, 21, '2026-03-16', 0),
(7449, 1112, 21, '2026-03-23', 1),
(7450, 1112, 22, '2026-03-02', 1),
(7451, 1112, 22, '2026-03-09', 1),
(7452, 1112, 22, '2026-03-16', 0),
(7453, 1112, 22, '2026-03-23', 1),
(7454, 1112, 23, '2026-03-02', 1),
(7455, 1112, 23, '2026-03-09', 1),
(7456, 1112, 23, '2026-03-16', 0),
(7457, 1112, 23, '2026-03-23', 1),
(7458, 1112, 24, '2026-03-02', 1),
(7459, 1112, 24, '2026-03-09', 1),
(7460, 1112, 24, '2026-03-16', 0),
(7461, 1112, 24, '2026-03-23', 1),
(7462, 1112, 25, '2026-03-02', 1),
(7463, 1112, 25, '2026-03-09', 1),
(7464, 1112, 25, '2026-03-16', 0),
(7465, 1112, 25, '2026-03-23', 1),
(7466, 1112, 26, '2026-03-02', 1),
(7467, 1112, 26, '2026-03-09', 1),
(7468, 1112, 26, '2026-03-16', 0),
(7469, 1112, 26, '2026-03-23', 1),
(7470, 1112, 27, '2026-03-02', 1),
(7471, 1112, 27, '2026-03-09', 1),
(7472, 1112, 27, '2026-03-16', 0),
(7473, 1112, 27, '2026-03-23', 1),
(7474, 1112, 28, '2026-03-02', 1),
(7475, 1112, 28, '2026-03-09', 1),
(7476, 1112, 28, '2026-03-16', 0),
(7477, 1112, 28, '2026-03-23', 1),
(7478, 1112, 29, '2026-03-02', 1),
(7479, 1112, 29, '2026-03-09', 1),
(7480, 1112, 29, '2026-03-16', 0),
(7481, 1112, 29, '2026-03-23', 1),
(7482, 1112, 30, '2026-03-02', 1),
(7483, 1112, 30, '2026-03-09', 1),
(7484, 1112, 30, '2026-03-16', 0),
(7485, 1112, 30, '2026-03-23', 1),
(7486, 1113, 21, '2026-03-02', 1),
(7487, 1113, 21, '2026-03-09', 1),
(7488, 1113, 21, '2026-03-16', 0),
(7489, 1113, 21, '2026-03-23', 1),
(7490, 1113, 22, '2026-03-02', 1),
(7491, 1113, 22, '2026-03-09', 1),
(7492, 1113, 22, '2026-03-16', 0),
(7493, 1113, 22, '2026-03-23', 1),
(7494, 1113, 23, '2026-03-02', 1),
(7495, 1113, 23, '2026-03-09', 1),
(7496, 1113, 23, '2026-03-16', 0),
(7497, 1113, 23, '2026-03-23', 1),
(7498, 1113, 24, '2026-03-02', 1),
(7499, 1113, 24, '2026-03-09', 1),
(7500, 1113, 24, '2026-03-16', 0),
(7501, 1113, 24, '2026-03-23', 1),
(7502, 1113, 25, '2026-03-02', 1),
(7503, 1113, 25, '2026-03-09', 1),
(7504, 1113, 25, '2026-03-16', 0),
(7505, 1113, 25, '2026-03-23', 1),
(7506, 1113, 26, '2026-03-02', 1),
(7507, 1113, 26, '2026-03-09', 1),
(7508, 1113, 26, '2026-03-16', 0),
(7509, 1113, 26, '2026-03-23', 1),
(7510, 1113, 27, '2026-03-02', 1),
(7511, 1113, 27, '2026-03-09', 1),
(7512, 1113, 27, '2026-03-16', 0),
(7513, 1113, 27, '2026-03-23', 1),
(7514, 1113, 28, '2026-03-02', 1),
(7515, 1113, 28, '2026-03-09', 1),
(7516, 1113, 28, '2026-03-16', 0),
(7517, 1113, 28, '2026-03-23', 1),
(7518, 1113, 29, '2026-03-02', 1),
(7519, 1113, 29, '2026-03-09', 1),
(7520, 1113, 29, '2026-03-16', 0),
(7521, 1113, 29, '2026-03-23', 1),
(7522, 1113, 30, '2026-03-02', 1),
(7523, 1113, 30, '2026-03-09', 1),
(7524, 1113, 30, '2026-03-16', 0),
(7525, 1113, 30, '2026-03-23', 1),
(7526, 1114, 21, '2026-03-02', 1),
(7527, 1114, 21, '2026-03-09', 1),
(7528, 1114, 21, '2026-03-16', 0),
(7529, 1114, 21, '2026-03-23', 1),
(7530, 1114, 22, '2026-03-02', 1),
(7531, 1114, 22, '2026-03-09', 1),
(7532, 1114, 22, '2026-03-16', 0),
(7533, 1114, 22, '2026-03-23', 1),
(7534, 1114, 23, '2026-03-02', 1),
(7535, 1114, 23, '2026-03-09', 1),
(7536, 1114, 23, '2026-03-16', 0),
(7537, 1114, 23, '2026-03-23', 1),
(7538, 1114, 24, '2026-03-02', 1),
(7539, 1114, 24, '2026-03-09', 1),
(7540, 1114, 24, '2026-03-16', 0),
(7541, 1114, 24, '2026-03-23', 1),
(7542, 1114, 25, '2026-03-02', 1),
(7543, 1114, 25, '2026-03-09', 1),
(7544, 1114, 25, '2026-03-16', 0),
(7545, 1114, 25, '2026-03-23', 1),
(7546, 1114, 26, '2026-03-02', 1),
(7547, 1114, 26, '2026-03-09', 1),
(7548, 1114, 26, '2026-03-16', 0),
(7549, 1114, 26, '2026-03-23', 1),
(7550, 1114, 27, '2026-03-02', 1),
(7551, 1114, 27, '2026-03-09', 1),
(7552, 1114, 27, '2026-03-16', 0),
(7553, 1114, 27, '2026-03-23', 1),
(7554, 1114, 28, '2026-03-02', 1),
(7555, 1114, 28, '2026-03-09', 1),
(7556, 1114, 28, '2026-03-16', 0),
(7557, 1114, 28, '2026-03-23', 1),
(7558, 1114, 29, '2026-03-02', 1),
(7559, 1114, 29, '2026-03-09', 1),
(7560, 1114, 29, '2026-03-16', 0),
(7561, 1114, 29, '2026-03-23', 1),
(7562, 1114, 30, '2026-03-02', 1),
(7563, 1114, 30, '2026-03-09', 1),
(7564, 1114, 30, '2026-03-16', 0),
(7565, 1114, 30, '2026-03-23', 1),
(7566, 1115, 21, '2026-03-02', 1),
(7567, 1115, 21, '2026-03-09', 1),
(7568, 1115, 21, '2026-03-16', 0),
(7569, 1115, 21, '2026-03-23', 1),
(7570, 1115, 22, '2026-03-02', 1),
(7571, 1115, 22, '2026-03-09', 1),
(7572, 1115, 22, '2026-03-16', 0),
(7573, 1115, 22, '2026-03-23', 1),
(7574, 1115, 23, '2026-03-02', 1),
(7575, 1115, 23, '2026-03-09', 1),
(7576, 1115, 23, '2026-03-16', 0),
(7577, 1115, 23, '2026-03-23', 1),
(7578, 1115, 24, '2026-03-02', 1),
(7579, 1115, 24, '2026-03-09', 1),
(7580, 1115, 24, '2026-03-16', 0),
(7581, 1115, 24, '2026-03-23', 1),
(7582, 1115, 25, '2026-03-02', 1),
(7583, 1115, 25, '2026-03-09', 1),
(7584, 1115, 25, '2026-03-16', 0),
(7585, 1115, 25, '2026-03-23', 1),
(7586, 1115, 26, '2026-03-02', 1),
(7587, 1115, 26, '2026-03-09', 1),
(7588, 1115, 26, '2026-03-16', 0),
(7589, 1115, 26, '2026-03-23', 1),
(7590, 1115, 27, '2026-03-02', 1),
(7591, 1115, 27, '2026-03-09', 1),
(7592, 1115, 27, '2026-03-16', 0),
(7593, 1115, 27, '2026-03-23', 1);
INSERT INTO `frequencia` (`id_frequencia`, `id_matricula`, `id_disciplinas`, `data_aula`, `presenca`) VALUES
(7594, 1115, 28, '2026-03-02', 1),
(7595, 1115, 28, '2026-03-09', 1),
(7596, 1115, 28, '2026-03-16', 0),
(7597, 1115, 28, '2026-03-23', 1),
(7598, 1115, 29, '2026-03-02', 1),
(7599, 1115, 29, '2026-03-09', 1),
(7600, 1115, 29, '2026-03-16', 0),
(7601, 1115, 29, '2026-03-23', 1),
(7602, 1115, 30, '2026-03-02', 1),
(7603, 1115, 30, '2026-03-09', 1),
(7604, 1115, 30, '2026-03-16', 0),
(7605, 1115, 30, '2026-03-23', 1),
(7606, 1116, 21, '2026-03-02', 1),
(7607, 1116, 21, '2026-03-09', 1),
(7608, 1116, 21, '2026-03-16', 0),
(7609, 1116, 21, '2026-03-23', 1),
(7610, 1116, 22, '2026-03-02', 1),
(7611, 1116, 22, '2026-03-09', 1),
(7612, 1116, 22, '2026-03-16', 0),
(7613, 1116, 22, '2026-03-23', 1),
(7614, 1116, 23, '2026-03-02', 1),
(7615, 1116, 23, '2026-03-09', 1),
(7616, 1116, 23, '2026-03-16', 0),
(7617, 1116, 23, '2026-03-23', 1),
(7618, 1116, 24, '2026-03-02', 1),
(7619, 1116, 24, '2026-03-09', 1),
(7620, 1116, 24, '2026-03-16', 0),
(7621, 1116, 24, '2026-03-23', 1),
(7622, 1116, 25, '2026-03-02', 1),
(7623, 1116, 25, '2026-03-09', 1),
(7624, 1116, 25, '2026-03-16', 0),
(7625, 1116, 25, '2026-03-23', 1),
(7626, 1116, 26, '2026-03-02', 1),
(7627, 1116, 26, '2026-03-09', 1),
(7628, 1116, 26, '2026-03-16', 0),
(7629, 1116, 26, '2026-03-23', 1),
(7630, 1116, 27, '2026-03-02', 1),
(7631, 1116, 27, '2026-03-09', 1),
(7632, 1116, 27, '2026-03-16', 0),
(7633, 1116, 27, '2026-03-23', 1),
(7634, 1116, 28, '2026-03-02', 1),
(7635, 1116, 28, '2026-03-09', 1),
(7636, 1116, 28, '2026-03-16', 0),
(7637, 1116, 28, '2026-03-23', 1),
(7638, 1116, 29, '2026-03-02', 1),
(7639, 1116, 29, '2026-03-09', 1),
(7640, 1116, 29, '2026-03-16', 0),
(7641, 1116, 29, '2026-03-23', 1),
(7642, 1116, 30, '2026-03-02', 1),
(7643, 1116, 30, '2026-03-09', 1),
(7644, 1116, 30, '2026-03-16', 0),
(7645, 1116, 30, '2026-03-23', 1),
(7646, 1117, 21, '2026-03-02', 1),
(7647, 1117, 21, '2026-03-09', 1),
(7648, 1117, 21, '2026-03-16', 0),
(7649, 1117, 21, '2026-03-23', 1),
(7650, 1117, 22, '2026-03-02', 1),
(7651, 1117, 22, '2026-03-09', 1),
(7652, 1117, 22, '2026-03-16', 0),
(7653, 1117, 22, '2026-03-23', 1),
(7654, 1117, 23, '2026-03-02', 1),
(7655, 1117, 23, '2026-03-09', 1),
(7656, 1117, 23, '2026-03-16', 0),
(7657, 1117, 23, '2026-03-23', 1),
(7658, 1117, 24, '2026-03-02', 1),
(7659, 1117, 24, '2026-03-09', 1),
(7660, 1117, 24, '2026-03-16', 0),
(7661, 1117, 24, '2026-03-23', 1),
(7662, 1117, 25, '2026-03-02', 1),
(7663, 1117, 25, '2026-03-09', 1),
(7664, 1117, 25, '2026-03-16', 0),
(7665, 1117, 25, '2026-03-23', 1),
(7666, 1117, 26, '2026-03-02', 1),
(7667, 1117, 26, '2026-03-09', 1),
(7668, 1117, 26, '2026-03-16', 0),
(7669, 1117, 26, '2026-03-23', 1),
(7670, 1117, 27, '2026-03-02', 1),
(7671, 1117, 27, '2026-03-09', 1),
(7672, 1117, 27, '2026-03-16', 0),
(7673, 1117, 27, '2026-03-23', 1),
(7674, 1117, 28, '2026-03-02', 1),
(7675, 1117, 28, '2026-03-09', 1),
(7676, 1117, 28, '2026-03-16', 0),
(7677, 1117, 28, '2026-03-23', 1),
(7678, 1117, 29, '2026-03-02', 1),
(7679, 1117, 29, '2026-03-09', 1),
(7680, 1117, 29, '2026-03-16', 0),
(7681, 1117, 29, '2026-03-23', 1),
(7682, 1117, 30, '2026-03-02', 1),
(7683, 1117, 30, '2026-03-09', 1),
(7684, 1117, 30, '2026-03-16', 0),
(7685, 1117, 30, '2026-03-23', 1),
(7686, 1118, 21, '2026-03-02', 1),
(7687, 1118, 21, '2026-03-09', 1),
(7688, 1118, 21, '2026-03-16', 0),
(7689, 1118, 21, '2026-03-23', 1),
(7690, 1118, 22, '2026-03-02', 1),
(7691, 1118, 22, '2026-03-09', 1),
(7692, 1118, 22, '2026-03-16', 0),
(7693, 1118, 22, '2026-03-23', 1),
(7694, 1118, 23, '2026-03-02', 1),
(7695, 1118, 23, '2026-03-09', 1),
(7696, 1118, 23, '2026-03-16', 0),
(7697, 1118, 23, '2026-03-23', 1),
(7698, 1118, 24, '2026-03-02', 1),
(7699, 1118, 24, '2026-03-09', 1),
(7700, 1118, 24, '2026-03-16', 0),
(7701, 1118, 24, '2026-03-23', 1),
(7702, 1118, 25, '2026-03-02', 1),
(7703, 1118, 25, '2026-03-09', 1),
(7704, 1118, 25, '2026-03-16', 0),
(7705, 1118, 25, '2026-03-23', 1),
(7706, 1118, 26, '2026-03-02', 1),
(7707, 1118, 26, '2026-03-09', 1),
(7708, 1118, 26, '2026-03-16', 0),
(7709, 1118, 26, '2026-03-23', 1),
(7710, 1118, 27, '2026-03-02', 1),
(7711, 1118, 27, '2026-03-09', 1),
(7712, 1118, 27, '2026-03-16', 0),
(7713, 1118, 27, '2026-03-23', 1),
(7714, 1118, 28, '2026-03-02', 1),
(7715, 1118, 28, '2026-03-09', 1),
(7716, 1118, 28, '2026-03-16', 0),
(7717, 1118, 28, '2026-03-23', 1),
(7718, 1118, 29, '2026-03-02', 1),
(7719, 1118, 29, '2026-03-09', 1),
(7720, 1118, 29, '2026-03-16', 0),
(7721, 1118, 29, '2026-03-23', 1),
(7722, 1118, 30, '2026-03-02', 1),
(7723, 1118, 30, '2026-03-09', 1),
(7724, 1118, 30, '2026-03-16', 0),
(7725, 1118, 30, '2026-03-23', 1),
(7726, 1119, 21, '2026-03-02', 1),
(7727, 1119, 21, '2026-03-09', 1),
(7728, 1119, 21, '2026-03-16', 0),
(7729, 1119, 21, '2026-03-23', 1),
(7730, 1119, 22, '2026-03-02', 1),
(7731, 1119, 22, '2026-03-09', 1),
(7732, 1119, 22, '2026-03-16', 0),
(7733, 1119, 22, '2026-03-23', 1),
(7734, 1119, 23, '2026-03-02', 1),
(7735, 1119, 23, '2026-03-09', 1),
(7736, 1119, 23, '2026-03-16', 0),
(7737, 1119, 23, '2026-03-23', 1),
(7738, 1119, 24, '2026-03-02', 1),
(7739, 1119, 24, '2026-03-09', 1),
(7740, 1119, 24, '2026-03-16', 0),
(7741, 1119, 24, '2026-03-23', 1),
(7742, 1119, 25, '2026-03-02', 1),
(7743, 1119, 25, '2026-03-09', 1),
(7744, 1119, 25, '2026-03-16', 0),
(7745, 1119, 25, '2026-03-23', 1),
(7746, 1119, 26, '2026-03-02', 1),
(7747, 1119, 26, '2026-03-09', 1),
(7748, 1119, 26, '2026-03-16', 0),
(7749, 1119, 26, '2026-03-23', 1),
(7750, 1119, 27, '2026-03-02', 1),
(7751, 1119, 27, '2026-03-09', 1),
(7752, 1119, 27, '2026-03-16', 0),
(7753, 1119, 27, '2026-03-23', 1),
(7754, 1119, 28, '2026-03-02', 1),
(7755, 1119, 28, '2026-03-09', 1),
(7756, 1119, 28, '2026-03-16', 0),
(7757, 1119, 28, '2026-03-23', 1),
(7758, 1119, 29, '2026-03-02', 1),
(7759, 1119, 29, '2026-03-09', 1),
(7760, 1119, 29, '2026-03-16', 0),
(7761, 1119, 29, '2026-03-23', 1),
(7762, 1119, 30, '2026-03-02', 1),
(7763, 1119, 30, '2026-03-09', 1),
(7764, 1119, 30, '2026-03-16', 0),
(7765, 1119, 30, '2026-03-23', 1),
(7766, 1120, 21, '2026-03-02', 1),
(7767, 1120, 21, '2026-03-09', 1),
(7768, 1120, 21, '2026-03-16', 0),
(7769, 1120, 21, '2026-03-23', 1),
(7770, 1120, 22, '2026-03-02', 1),
(7771, 1120, 22, '2026-03-09', 1),
(7772, 1120, 22, '2026-03-16', 0),
(7773, 1120, 22, '2026-03-23', 1),
(7774, 1120, 23, '2026-03-02', 1),
(7775, 1120, 23, '2026-03-09', 1),
(7776, 1120, 23, '2026-03-16', 0),
(7777, 1120, 23, '2026-03-23', 1),
(7778, 1120, 24, '2026-03-02', 1),
(7779, 1120, 24, '2026-03-09', 1),
(7780, 1120, 24, '2026-03-16', 0),
(7781, 1120, 24, '2026-03-23', 1),
(7782, 1120, 25, '2026-03-02', 1),
(7783, 1120, 25, '2026-03-09', 1),
(7784, 1120, 25, '2026-03-16', 0),
(7785, 1120, 25, '2026-03-23', 1),
(7786, 1120, 26, '2026-03-02', 1),
(7787, 1120, 26, '2026-03-09', 1),
(7788, 1120, 26, '2026-03-16', 0),
(7789, 1120, 26, '2026-03-23', 1),
(7790, 1120, 27, '2026-03-02', 1),
(7791, 1120, 27, '2026-03-09', 1),
(7792, 1120, 27, '2026-03-16', 0),
(7793, 1120, 27, '2026-03-23', 1),
(7794, 1120, 28, '2026-03-02', 1),
(7795, 1120, 28, '2026-03-09', 1),
(7796, 1120, 28, '2026-03-16', 0),
(7797, 1120, 28, '2026-03-23', 1),
(7798, 1120, 29, '2026-03-02', 1),
(7799, 1120, 29, '2026-03-09', 1),
(7800, 1120, 29, '2026-03-16', 0),
(7801, 1120, 29, '2026-03-23', 1),
(7802, 1120, 30, '2026-03-02', 1),
(7803, 1120, 30, '2026-03-09', 1),
(7804, 1120, 30, '2026-03-16', 0),
(7805, 1120, 30, '2026-03-23', 1),
(7806, 1121, 21, '2026-03-02', 1),
(7807, 1121, 21, '2026-03-09', 1),
(7808, 1121, 21, '2026-03-16', 0),
(7809, 1121, 21, '2026-03-23', 1),
(7810, 1121, 22, '2026-03-02', 1),
(7811, 1121, 22, '2026-03-09', 1),
(7812, 1121, 22, '2026-03-16', 0),
(7813, 1121, 22, '2026-03-23', 1),
(7814, 1121, 23, '2026-03-02', 1),
(7815, 1121, 23, '2026-03-09', 1),
(7816, 1121, 23, '2026-03-16', 0),
(7817, 1121, 23, '2026-03-23', 1),
(7818, 1121, 24, '2026-03-02', 1),
(7819, 1121, 24, '2026-03-09', 1),
(7820, 1121, 24, '2026-03-16', 0),
(7821, 1121, 24, '2026-03-23', 1),
(7822, 1121, 25, '2026-03-02', 1),
(7823, 1121, 25, '2026-03-09', 1),
(7824, 1121, 25, '2026-03-16', 0),
(7825, 1121, 25, '2026-03-23', 1),
(7826, 1121, 26, '2026-03-02', 1),
(7827, 1121, 26, '2026-03-09', 1),
(7828, 1121, 26, '2026-03-16', 0),
(7829, 1121, 26, '2026-03-23', 1),
(7830, 1121, 27, '2026-03-02', 1),
(7831, 1121, 27, '2026-03-09', 1),
(7832, 1121, 27, '2026-03-16', 0),
(7833, 1121, 27, '2026-03-23', 1),
(7834, 1121, 28, '2026-03-02', 1),
(7835, 1121, 28, '2026-03-09', 1),
(7836, 1121, 28, '2026-03-16', 0),
(7837, 1121, 28, '2026-03-23', 1),
(7838, 1121, 29, '2026-03-02', 1),
(7839, 1121, 29, '2026-03-09', 1),
(7840, 1121, 29, '2026-03-16', 0),
(7841, 1121, 29, '2026-03-23', 1),
(7842, 1121, 30, '2026-03-02', 1),
(7843, 1121, 30, '2026-03-09', 1),
(7844, 1121, 30, '2026-03-16', 0),
(7845, 1121, 30, '2026-03-23', 1),
(7846, 1122, 21, '2026-03-02', 1),
(7847, 1122, 21, '2026-03-09', 1),
(7848, 1122, 21, '2026-03-16', 0),
(7849, 1122, 21, '2026-03-23', 1),
(7850, 1122, 22, '2026-03-02', 1),
(7851, 1122, 22, '2026-03-09', 1),
(7852, 1122, 22, '2026-03-16', 0),
(7853, 1122, 22, '2026-03-23', 1),
(7854, 1122, 23, '2026-03-02', 1),
(7855, 1122, 23, '2026-03-09', 1),
(7856, 1122, 23, '2026-03-16', 0),
(7857, 1122, 23, '2026-03-23', 1),
(7858, 1122, 24, '2026-03-02', 1),
(7859, 1122, 24, '2026-03-09', 1),
(7860, 1122, 24, '2026-03-16', 0),
(7861, 1122, 24, '2026-03-23', 1),
(7862, 1122, 25, '2026-03-02', 1),
(7863, 1122, 25, '2026-03-09', 1),
(7864, 1122, 25, '2026-03-16', 0),
(7865, 1122, 25, '2026-03-23', 1),
(7866, 1122, 26, '2026-03-02', 1),
(7867, 1122, 26, '2026-03-09', 1),
(7868, 1122, 26, '2026-03-16', 0),
(7869, 1122, 26, '2026-03-23', 1),
(7870, 1122, 27, '2026-03-02', 1),
(7871, 1122, 27, '2026-03-09', 1),
(7872, 1122, 27, '2026-03-16', 0),
(7873, 1122, 27, '2026-03-23', 1),
(7874, 1122, 28, '2026-03-02', 1),
(7875, 1122, 28, '2026-03-09', 1),
(7876, 1122, 28, '2026-03-16', 0),
(7877, 1122, 28, '2026-03-23', 1),
(7878, 1122, 29, '2026-03-02', 1),
(7879, 1122, 29, '2026-03-09', 1),
(7880, 1122, 29, '2026-03-16', 0),
(7881, 1122, 29, '2026-03-23', 1),
(7882, 1122, 30, '2026-03-02', 1),
(7883, 1122, 30, '2026-03-09', 1),
(7884, 1122, 30, '2026-03-16', 0),
(7885, 1122, 30, '2026-03-23', 1),
(7886, 1123, 21, '2026-03-02', 1),
(7887, 1123, 21, '2026-03-09', 1),
(7888, 1123, 21, '2026-03-16', 0),
(7889, 1123, 21, '2026-03-23', 1),
(7890, 1123, 22, '2026-03-02', 1),
(7891, 1123, 22, '2026-03-09', 1),
(7892, 1123, 22, '2026-03-16', 0),
(7893, 1123, 22, '2026-03-23', 1),
(7894, 1123, 23, '2026-03-02', 1),
(7895, 1123, 23, '2026-03-09', 1),
(7896, 1123, 23, '2026-03-16', 0),
(7897, 1123, 23, '2026-03-23', 1),
(7898, 1123, 24, '2026-03-02', 1),
(7899, 1123, 24, '2026-03-09', 1),
(7900, 1123, 24, '2026-03-16', 0),
(7901, 1123, 24, '2026-03-23', 1),
(7902, 1123, 25, '2026-03-02', 1),
(7903, 1123, 25, '2026-03-09', 1),
(7904, 1123, 25, '2026-03-16', 0),
(7905, 1123, 25, '2026-03-23', 1),
(7906, 1123, 26, '2026-03-02', 1),
(7907, 1123, 26, '2026-03-09', 1),
(7908, 1123, 26, '2026-03-16', 0),
(7909, 1123, 26, '2026-03-23', 1),
(7910, 1123, 27, '2026-03-02', 1),
(7911, 1123, 27, '2026-03-09', 1),
(7912, 1123, 27, '2026-03-16', 0),
(7913, 1123, 27, '2026-03-23', 1),
(7914, 1123, 28, '2026-03-02', 1),
(7915, 1123, 28, '2026-03-09', 1),
(7916, 1123, 28, '2026-03-16', 0),
(7917, 1123, 28, '2026-03-23', 1),
(7918, 1123, 29, '2026-03-02', 1),
(7919, 1123, 29, '2026-03-09', 1),
(7920, 1123, 29, '2026-03-16', 0),
(7921, 1123, 29, '2026-03-23', 1),
(7922, 1123, 30, '2026-03-02', 1),
(7923, 1123, 30, '2026-03-09', 1),
(7924, 1123, 30, '2026-03-16', 0),
(7925, 1123, 30, '2026-03-23', 1),
(7926, 1124, 21, '2026-03-02', 1),
(7927, 1124, 21, '2026-03-09', 1),
(7928, 1124, 21, '2026-03-16', 0),
(7929, 1124, 21, '2026-03-23', 1),
(7930, 1124, 22, '2026-03-02', 1),
(7931, 1124, 22, '2026-03-09', 1),
(7932, 1124, 22, '2026-03-16', 0),
(7933, 1124, 22, '2026-03-23', 1),
(7934, 1124, 23, '2026-03-02', 1),
(7935, 1124, 23, '2026-03-09', 1),
(7936, 1124, 23, '2026-03-16', 0),
(7937, 1124, 23, '2026-03-23', 1),
(7938, 1124, 24, '2026-03-02', 1),
(7939, 1124, 24, '2026-03-09', 1),
(7940, 1124, 24, '2026-03-16', 0),
(7941, 1124, 24, '2026-03-23', 1),
(7942, 1124, 25, '2026-03-02', 1),
(7943, 1124, 25, '2026-03-09', 1),
(7944, 1124, 25, '2026-03-16', 0),
(7945, 1124, 25, '2026-03-23', 1),
(7946, 1124, 26, '2026-03-02', 1),
(7947, 1124, 26, '2026-03-09', 1),
(7948, 1124, 26, '2026-03-16', 0),
(7949, 1124, 26, '2026-03-23', 1),
(7950, 1124, 27, '2026-03-02', 1),
(7951, 1124, 27, '2026-03-09', 1),
(7952, 1124, 27, '2026-03-16', 0),
(7953, 1124, 27, '2026-03-23', 1),
(7954, 1124, 28, '2026-03-02', 1),
(7955, 1124, 28, '2026-03-09', 1),
(7956, 1124, 28, '2026-03-16', 0),
(7957, 1124, 28, '2026-03-23', 1),
(7958, 1124, 29, '2026-03-02', 1),
(7959, 1124, 29, '2026-03-09', 1),
(7960, 1124, 29, '2026-03-16', 0),
(7961, 1124, 29, '2026-03-23', 1),
(7962, 1124, 30, '2026-03-02', 1),
(7963, 1124, 30, '2026-03-09', 1),
(7964, 1124, 30, '2026-03-16', 0),
(7965, 1124, 30, '2026-03-23', 1),
(7966, 1125, 21, '2026-03-02', 1),
(7967, 1125, 21, '2026-03-09', 1),
(7968, 1125, 21, '2026-03-16', 0),
(7969, 1125, 21, '2026-03-23', 1),
(7970, 1125, 22, '2026-03-02', 1),
(7971, 1125, 22, '2026-03-09', 1),
(7972, 1125, 22, '2026-03-16', 0),
(7973, 1125, 22, '2026-03-23', 1),
(7974, 1125, 23, '2026-03-02', 1),
(7975, 1125, 23, '2026-03-09', 1),
(7976, 1125, 23, '2026-03-16', 0),
(7977, 1125, 23, '2026-03-23', 1),
(7978, 1125, 24, '2026-03-02', 1),
(7979, 1125, 24, '2026-03-09', 1),
(7980, 1125, 24, '2026-03-16', 0),
(7981, 1125, 24, '2026-03-23', 1),
(7982, 1125, 25, '2026-03-02', 1),
(7983, 1125, 25, '2026-03-09', 1),
(7984, 1125, 25, '2026-03-16', 0),
(7985, 1125, 25, '2026-03-23', 1),
(7986, 1125, 26, '2026-03-02', 1),
(7987, 1125, 26, '2026-03-09', 1),
(7988, 1125, 26, '2026-03-16', 0),
(7989, 1125, 26, '2026-03-23', 1),
(7990, 1125, 27, '2026-03-02', 1),
(7991, 1125, 27, '2026-03-09', 1),
(7992, 1125, 27, '2026-03-16', 0),
(7993, 1125, 27, '2026-03-23', 1),
(7994, 1125, 28, '2026-03-02', 1),
(7995, 1125, 28, '2026-03-09', 1),
(7996, 1125, 28, '2026-03-16', 0),
(7997, 1125, 28, '2026-03-23', 1),
(7998, 1125, 29, '2026-03-02', 1),
(7999, 1125, 29, '2026-03-09', 1),
(8000, 1125, 29, '2026-03-16', 0),
(8001, 1125, 29, '2026-03-23', 1),
(8002, 1125, 30, '2026-03-02', 1),
(8003, 1125, 30, '2026-03-09', 1),
(8004, 1125, 30, '2026-03-16', 0),
(8005, 1125, 30, '2026-03-23', 1),
(8006, 1126, 21, '2026-03-02', 1),
(8007, 1126, 21, '2026-03-09', 1),
(8008, 1126, 21, '2026-03-16', 0),
(8009, 1126, 21, '2026-03-23', 1),
(8010, 1126, 22, '2026-03-02', 1),
(8011, 1126, 22, '2026-03-09', 1),
(8012, 1126, 22, '2026-03-16', 0),
(8013, 1126, 22, '2026-03-23', 1),
(8014, 1126, 23, '2026-03-02', 1),
(8015, 1126, 23, '2026-03-09', 1),
(8016, 1126, 23, '2026-03-16', 0),
(8017, 1126, 23, '2026-03-23', 1),
(8018, 1126, 24, '2026-03-02', 1),
(8019, 1126, 24, '2026-03-09', 1),
(8020, 1126, 24, '2026-03-16', 0),
(8021, 1126, 24, '2026-03-23', 1),
(8022, 1126, 25, '2026-03-02', 1),
(8023, 1126, 25, '2026-03-09', 1),
(8024, 1126, 25, '2026-03-16', 0),
(8025, 1126, 25, '2026-03-23', 1),
(8026, 1126, 26, '2026-03-02', 1),
(8027, 1126, 26, '2026-03-09', 1),
(8028, 1126, 26, '2026-03-16', 0),
(8029, 1126, 26, '2026-03-23', 1),
(8030, 1126, 27, '2026-03-02', 1),
(8031, 1126, 27, '2026-03-09', 1),
(8032, 1126, 27, '2026-03-16', 0),
(8033, 1126, 27, '2026-03-23', 1),
(8034, 1126, 28, '2026-03-02', 1),
(8035, 1126, 28, '2026-03-09', 1),
(8036, 1126, 28, '2026-03-16', 0),
(8037, 1126, 28, '2026-03-23', 1),
(8038, 1126, 29, '2026-03-02', 1),
(8039, 1126, 29, '2026-03-09', 1),
(8040, 1126, 29, '2026-03-16', 0),
(8041, 1126, 29, '2026-03-23', 1),
(8042, 1126, 30, '2026-03-02', 1),
(8043, 1126, 30, '2026-03-09', 1),
(8044, 1126, 30, '2026-03-16', 0),
(8045, 1126, 30, '2026-03-23', 1),
(8046, 1127, 21, '2026-03-02', 1),
(8047, 1127, 21, '2026-03-09', 1),
(8048, 1127, 21, '2026-03-16', 0),
(8049, 1127, 21, '2026-03-23', 1),
(8050, 1127, 22, '2026-03-02', 1),
(8051, 1127, 22, '2026-03-09', 1),
(8052, 1127, 22, '2026-03-16', 0),
(8053, 1127, 22, '2026-03-23', 1),
(8054, 1127, 23, '2026-03-02', 1),
(8055, 1127, 23, '2026-03-09', 1),
(8056, 1127, 23, '2026-03-16', 0),
(8057, 1127, 23, '2026-03-23', 1),
(8058, 1127, 24, '2026-03-02', 1),
(8059, 1127, 24, '2026-03-09', 1),
(8060, 1127, 24, '2026-03-16', 0),
(8061, 1127, 24, '2026-03-23', 1),
(8062, 1127, 25, '2026-03-02', 1),
(8063, 1127, 25, '2026-03-09', 1),
(8064, 1127, 25, '2026-03-16', 0),
(8065, 1127, 25, '2026-03-23', 1),
(8066, 1127, 26, '2026-03-02', 1),
(8067, 1127, 26, '2026-03-09', 1),
(8068, 1127, 26, '2026-03-16', 0),
(8069, 1127, 26, '2026-03-23', 1),
(8070, 1127, 27, '2026-03-02', 1),
(8071, 1127, 27, '2026-03-09', 1),
(8072, 1127, 27, '2026-03-16', 0),
(8073, 1127, 27, '2026-03-23', 1),
(8074, 1127, 28, '2026-03-02', 1),
(8075, 1127, 28, '2026-03-09', 1),
(8076, 1127, 28, '2026-03-16', 0),
(8077, 1127, 28, '2026-03-23', 1),
(8078, 1127, 29, '2026-03-02', 1),
(8079, 1127, 29, '2026-03-09', 1),
(8080, 1127, 29, '2026-03-16', 0),
(8081, 1127, 29, '2026-03-23', 1),
(8082, 1127, 30, '2026-03-02', 1),
(8083, 1127, 30, '2026-03-09', 1),
(8084, 1127, 30, '2026-03-16', 0),
(8085, 1127, 30, '2026-03-23', 1),
(8086, 1128, 21, '2026-03-02', 1),
(8087, 1128, 21, '2026-03-09', 1),
(8088, 1128, 21, '2026-03-16', 0),
(8089, 1128, 21, '2026-03-23', 1),
(8090, 1128, 22, '2026-03-02', 1),
(8091, 1128, 22, '2026-03-09', 1),
(8092, 1128, 22, '2026-03-16', 0),
(8093, 1128, 22, '2026-03-23', 1),
(8094, 1128, 23, '2026-03-02', 1),
(8095, 1128, 23, '2026-03-09', 1),
(8096, 1128, 23, '2026-03-16', 0),
(8097, 1128, 23, '2026-03-23', 1),
(8098, 1128, 24, '2026-03-02', 1),
(8099, 1128, 24, '2026-03-09', 1),
(8100, 1128, 24, '2026-03-16', 0),
(8101, 1128, 24, '2026-03-23', 1),
(8102, 1128, 25, '2026-03-02', 1),
(8103, 1128, 25, '2026-03-09', 1),
(8104, 1128, 25, '2026-03-16', 0),
(8105, 1128, 25, '2026-03-23', 1),
(8106, 1128, 26, '2026-03-02', 1),
(8107, 1128, 26, '2026-03-09', 1),
(8108, 1128, 26, '2026-03-16', 0),
(8109, 1128, 26, '2026-03-23', 1),
(8110, 1128, 27, '2026-03-02', 1),
(8111, 1128, 27, '2026-03-09', 1),
(8112, 1128, 27, '2026-03-16', 0),
(8113, 1128, 27, '2026-03-23', 1),
(8114, 1128, 28, '2026-03-02', 1),
(8115, 1128, 28, '2026-03-09', 1),
(8116, 1128, 28, '2026-03-16', 0),
(8117, 1128, 28, '2026-03-23', 1),
(8118, 1128, 29, '2026-03-02', 1),
(8119, 1128, 29, '2026-03-09', 1),
(8120, 1128, 29, '2026-03-16', 0),
(8121, 1128, 29, '2026-03-23', 1),
(8122, 1128, 30, '2026-03-02', 1),
(8123, 1128, 30, '2026-03-09', 1),
(8124, 1128, 30, '2026-03-16', 0),
(8125, 1128, 30, '2026-03-23', 1),
(8126, 1129, 21, '2026-03-02', 1),
(8127, 1129, 21, '2026-03-09', 1),
(8128, 1129, 21, '2026-03-16', 0),
(8129, 1129, 21, '2026-03-23', 1),
(8130, 1129, 22, '2026-03-02', 1),
(8131, 1129, 22, '2026-03-09', 1),
(8132, 1129, 22, '2026-03-16', 0),
(8133, 1129, 22, '2026-03-23', 1),
(8134, 1129, 23, '2026-03-02', 1),
(8135, 1129, 23, '2026-03-09', 1),
(8136, 1129, 23, '2026-03-16', 0),
(8137, 1129, 23, '2026-03-23', 1),
(8138, 1129, 24, '2026-03-02', 1),
(8139, 1129, 24, '2026-03-09', 1),
(8140, 1129, 24, '2026-03-16', 0),
(8141, 1129, 24, '2026-03-23', 1),
(8142, 1129, 25, '2026-03-02', 1),
(8143, 1129, 25, '2026-03-09', 1),
(8144, 1129, 25, '2026-03-16', 0),
(8145, 1129, 25, '2026-03-23', 1),
(8146, 1129, 26, '2026-03-02', 1),
(8147, 1129, 26, '2026-03-09', 1),
(8148, 1129, 26, '2026-03-16', 0),
(8149, 1129, 26, '2026-03-23', 1),
(8150, 1129, 27, '2026-03-02', 1),
(8151, 1129, 27, '2026-03-09', 1),
(8152, 1129, 27, '2026-03-16', 0),
(8153, 1129, 27, '2026-03-23', 1),
(8154, 1129, 28, '2026-03-02', 1),
(8155, 1129, 28, '2026-03-09', 1),
(8156, 1129, 28, '2026-03-16', 0),
(8157, 1129, 28, '2026-03-23', 1),
(8158, 1129, 29, '2026-03-02', 1),
(8159, 1129, 29, '2026-03-09', 1),
(8160, 1129, 29, '2026-03-16', 0),
(8161, 1129, 29, '2026-03-23', 1),
(8162, 1129, 30, '2026-03-02', 1),
(8163, 1129, 30, '2026-03-09', 1),
(8164, 1129, 30, '2026-03-16', 0),
(8165, 1129, 30, '2026-03-23', 1),
(8166, 1130, 21, '2026-03-02', 1),
(8167, 1130, 21, '2026-03-09', 1),
(8168, 1130, 21, '2026-03-16', 0),
(8169, 1130, 21, '2026-03-23', 1),
(8170, 1130, 22, '2026-03-02', 1),
(8171, 1130, 22, '2026-03-09', 1),
(8172, 1130, 22, '2026-03-16', 0),
(8173, 1130, 22, '2026-03-23', 1),
(8174, 1130, 23, '2026-03-02', 1),
(8175, 1130, 23, '2026-03-09', 1),
(8176, 1130, 23, '2026-03-16', 0),
(8177, 1130, 23, '2026-03-23', 1),
(8178, 1130, 24, '2026-03-02', 1),
(8179, 1130, 24, '2026-03-09', 1),
(8180, 1130, 24, '2026-03-16', 0),
(8181, 1130, 24, '2026-03-23', 1),
(8182, 1130, 25, '2026-03-02', 1),
(8183, 1130, 25, '2026-03-09', 1),
(8184, 1130, 25, '2026-03-16', 0),
(8185, 1130, 25, '2026-03-23', 1),
(8186, 1130, 26, '2026-03-02', 1),
(8187, 1130, 26, '2026-03-09', 1),
(8188, 1130, 26, '2026-03-16', 0),
(8189, 1130, 26, '2026-03-23', 1),
(8190, 1130, 27, '2026-03-02', 1),
(8191, 1130, 27, '2026-03-09', 1),
(8192, 1130, 27, '2026-03-16', 0),
(8193, 1130, 27, '2026-03-23', 1),
(8194, 1130, 28, '2026-03-02', 1),
(8195, 1130, 28, '2026-03-09', 1),
(8196, 1130, 28, '2026-03-16', 0),
(8197, 1130, 28, '2026-03-23', 1),
(8198, 1130, 29, '2026-03-02', 1),
(8199, 1130, 29, '2026-03-09', 1),
(8200, 1130, 29, '2026-03-16', 0),
(8201, 1130, 29, '2026-03-23', 1),
(8202, 1130, 30, '2026-03-02', 1),
(8203, 1130, 30, '2026-03-09', 1),
(8204, 1130, 30, '2026-03-16', 0),
(8205, 1130, 30, '2026-03-23', 1),
(8206, 1131, 21, '2026-03-02', 1),
(8207, 1131, 21, '2026-03-09', 1),
(8208, 1131, 21, '2026-03-16', 0),
(8209, 1131, 21, '2026-03-23', 1),
(8210, 1131, 22, '2026-03-02', 1),
(8211, 1131, 22, '2026-03-09', 1),
(8212, 1131, 22, '2026-03-16', 0),
(8213, 1131, 22, '2026-03-23', 1),
(8214, 1131, 23, '2026-03-02', 1),
(8215, 1131, 23, '2026-03-09', 1),
(8216, 1131, 23, '2026-03-16', 0),
(8217, 1131, 23, '2026-03-23', 1),
(8218, 1131, 24, '2026-03-02', 1),
(8219, 1131, 24, '2026-03-09', 1),
(8220, 1131, 24, '2026-03-16', 0),
(8221, 1131, 24, '2026-03-23', 1),
(8222, 1131, 25, '2026-03-02', 1),
(8223, 1131, 25, '2026-03-09', 1),
(8224, 1131, 25, '2026-03-16', 0),
(8225, 1131, 25, '2026-03-23', 1),
(8226, 1131, 26, '2026-03-02', 1),
(8227, 1131, 26, '2026-03-09', 1),
(8228, 1131, 26, '2026-03-16', 0),
(8229, 1131, 26, '2026-03-23', 1),
(8230, 1131, 27, '2026-03-02', 1),
(8231, 1131, 27, '2026-03-09', 1),
(8232, 1131, 27, '2026-03-16', 0),
(8233, 1131, 27, '2026-03-23', 1),
(8234, 1131, 28, '2026-03-02', 1),
(8235, 1131, 28, '2026-03-09', 1),
(8236, 1131, 28, '2026-03-16', 0),
(8237, 1131, 28, '2026-03-23', 1),
(8238, 1131, 29, '2026-03-02', 1),
(8239, 1131, 29, '2026-03-09', 1),
(8240, 1131, 29, '2026-03-16', 0),
(8241, 1131, 29, '2026-03-23', 1),
(8242, 1131, 30, '2026-03-02', 1),
(8243, 1131, 30, '2026-03-09', 1),
(8244, 1131, 30, '2026-03-16', 0),
(8245, 1131, 30, '2026-03-23', 1),
(8246, 1132, 21, '2026-03-02', 1),
(8247, 1132, 21, '2026-03-09', 1),
(8248, 1132, 21, '2026-03-16', 0),
(8249, 1132, 21, '2026-03-23', 1),
(8250, 1132, 22, '2026-03-02', 1),
(8251, 1132, 22, '2026-03-09', 1),
(8252, 1132, 22, '2026-03-16', 0),
(8253, 1132, 22, '2026-03-23', 1),
(8254, 1132, 23, '2026-03-02', 1),
(8255, 1132, 23, '2026-03-09', 1),
(8256, 1132, 23, '2026-03-16', 0),
(8257, 1132, 23, '2026-03-23', 1),
(8258, 1132, 24, '2026-03-02', 1),
(8259, 1132, 24, '2026-03-09', 1),
(8260, 1132, 24, '2026-03-16', 0),
(8261, 1132, 24, '2026-03-23', 1),
(8262, 1132, 25, '2026-03-02', 1),
(8263, 1132, 25, '2026-03-09', 1),
(8264, 1132, 25, '2026-03-16', 0),
(8265, 1132, 25, '2026-03-23', 1),
(8266, 1132, 26, '2026-03-02', 1),
(8267, 1132, 26, '2026-03-09', 1),
(8268, 1132, 26, '2026-03-16', 0),
(8269, 1132, 26, '2026-03-23', 1),
(8270, 1132, 27, '2026-03-02', 1),
(8271, 1132, 27, '2026-03-09', 1),
(8272, 1132, 27, '2026-03-16', 0),
(8273, 1132, 27, '2026-03-23', 1),
(8274, 1132, 28, '2026-03-02', 1),
(8275, 1132, 28, '2026-03-09', 1),
(8276, 1132, 28, '2026-03-16', 0),
(8277, 1132, 28, '2026-03-23', 1),
(8278, 1132, 29, '2026-03-02', 1),
(8279, 1132, 29, '2026-03-09', 1),
(8280, 1132, 29, '2026-03-16', 0),
(8281, 1132, 29, '2026-03-23', 1),
(8282, 1132, 30, '2026-03-02', 1),
(8283, 1132, 30, '2026-03-09', 1),
(8284, 1132, 30, '2026-03-16', 0),
(8285, 1132, 30, '2026-03-23', 1),
(8286, 1133, 21, '2026-03-02', 1),
(8287, 1133, 21, '2026-03-09', 1),
(8288, 1133, 21, '2026-03-16', 0),
(8289, 1133, 21, '2026-03-23', 1),
(8290, 1133, 22, '2026-03-02', 1),
(8291, 1133, 22, '2026-03-09', 1),
(8292, 1133, 22, '2026-03-16', 0),
(8293, 1133, 22, '2026-03-23', 1),
(8294, 1133, 23, '2026-03-02', 1),
(8295, 1133, 23, '2026-03-09', 1),
(8296, 1133, 23, '2026-03-16', 0),
(8297, 1133, 23, '2026-03-23', 1),
(8298, 1133, 24, '2026-03-02', 1),
(8299, 1133, 24, '2026-03-09', 1),
(8300, 1133, 24, '2026-03-16', 0),
(8301, 1133, 24, '2026-03-23', 1),
(8302, 1133, 25, '2026-03-02', 1),
(8303, 1133, 25, '2026-03-09', 1),
(8304, 1133, 25, '2026-03-16', 0),
(8305, 1133, 25, '2026-03-23', 1),
(8306, 1133, 26, '2026-03-02', 1),
(8307, 1133, 26, '2026-03-09', 1),
(8308, 1133, 26, '2026-03-16', 0),
(8309, 1133, 26, '2026-03-23', 1),
(8310, 1133, 27, '2026-03-02', 1),
(8311, 1133, 27, '2026-03-09', 1),
(8312, 1133, 27, '2026-03-16', 0),
(8313, 1133, 27, '2026-03-23', 1),
(8314, 1133, 28, '2026-03-02', 1),
(8315, 1133, 28, '2026-03-09', 1),
(8316, 1133, 28, '2026-03-16', 0),
(8317, 1133, 28, '2026-03-23', 1),
(8318, 1133, 29, '2026-03-02', 1),
(8319, 1133, 29, '2026-03-09', 1),
(8320, 1133, 29, '2026-03-16', 0),
(8321, 1133, 29, '2026-03-23', 1),
(8322, 1133, 30, '2026-03-02', 1),
(8323, 1133, 30, '2026-03-09', 1),
(8324, 1133, 30, '2026-03-16', 0),
(8325, 1133, 30, '2026-03-23', 1),
(8326, 1134, 21, '2026-03-02', 1),
(8327, 1134, 21, '2026-03-09', 1),
(8328, 1134, 21, '2026-03-16', 0),
(8329, 1134, 21, '2026-03-23', 1),
(8330, 1134, 22, '2026-03-02', 1),
(8331, 1134, 22, '2026-03-09', 1),
(8332, 1134, 22, '2026-03-16', 0),
(8333, 1134, 22, '2026-03-23', 1),
(8334, 1134, 23, '2026-03-02', 1),
(8335, 1134, 23, '2026-03-09', 1),
(8336, 1134, 23, '2026-03-16', 0),
(8337, 1134, 23, '2026-03-23', 1),
(8338, 1134, 24, '2026-03-02', 1),
(8339, 1134, 24, '2026-03-09', 1),
(8340, 1134, 24, '2026-03-16', 0),
(8341, 1134, 24, '2026-03-23', 1),
(8342, 1134, 25, '2026-03-02', 1),
(8343, 1134, 25, '2026-03-09', 1),
(8344, 1134, 25, '2026-03-16', 0),
(8345, 1134, 25, '2026-03-23', 1),
(8346, 1134, 26, '2026-03-02', 1),
(8347, 1134, 26, '2026-03-09', 1),
(8348, 1134, 26, '2026-03-16', 0),
(8349, 1134, 26, '2026-03-23', 1),
(8350, 1134, 27, '2026-03-02', 1),
(8351, 1134, 27, '2026-03-09', 1),
(8352, 1134, 27, '2026-03-16', 0),
(8353, 1134, 27, '2026-03-23', 1),
(8354, 1134, 28, '2026-03-02', 1),
(8355, 1134, 28, '2026-03-09', 1),
(8356, 1134, 28, '2026-03-16', 0),
(8357, 1134, 28, '2026-03-23', 1),
(8358, 1134, 29, '2026-03-02', 1),
(8359, 1134, 29, '2026-03-09', 1),
(8360, 1134, 29, '2026-03-16', 0),
(8361, 1134, 29, '2026-03-23', 1),
(8362, 1134, 30, '2026-03-02', 1),
(8363, 1134, 30, '2026-03-09', 1),
(8364, 1134, 30, '2026-03-16', 0),
(8365, 1134, 30, '2026-03-23', 1),
(8366, 1135, 21, '2026-03-02', 1),
(8367, 1135, 21, '2026-03-09', 1),
(8368, 1135, 21, '2026-03-16', 0),
(8369, 1135, 21, '2026-03-23', 1),
(8370, 1135, 22, '2026-03-02', 1),
(8371, 1135, 22, '2026-03-09', 1),
(8372, 1135, 22, '2026-03-16', 0),
(8373, 1135, 22, '2026-03-23', 1),
(8374, 1135, 23, '2026-03-02', 1),
(8375, 1135, 23, '2026-03-09', 1),
(8376, 1135, 23, '2026-03-16', 0),
(8377, 1135, 23, '2026-03-23', 1),
(8378, 1135, 24, '2026-03-02', 1),
(8379, 1135, 24, '2026-03-09', 1),
(8380, 1135, 24, '2026-03-16', 0),
(8381, 1135, 24, '2026-03-23', 1),
(8382, 1135, 25, '2026-03-02', 1),
(8383, 1135, 25, '2026-03-09', 1),
(8384, 1135, 25, '2026-03-16', 0),
(8385, 1135, 25, '2026-03-23', 1),
(8386, 1135, 26, '2026-03-02', 1),
(8387, 1135, 26, '2026-03-09', 1),
(8388, 1135, 26, '2026-03-16', 0),
(8389, 1135, 26, '2026-03-23', 1),
(8390, 1135, 27, '2026-03-02', 1),
(8391, 1135, 27, '2026-03-09', 1),
(8392, 1135, 27, '2026-03-16', 0),
(8393, 1135, 27, '2026-03-23', 1),
(8394, 1135, 28, '2026-03-02', 1),
(8395, 1135, 28, '2026-03-09', 1),
(8396, 1135, 28, '2026-03-16', 0),
(8397, 1135, 28, '2026-03-23', 1),
(8398, 1135, 29, '2026-03-02', 1),
(8399, 1135, 29, '2026-03-09', 1),
(8400, 1135, 29, '2026-03-16', 0),
(8401, 1135, 29, '2026-03-23', 1),
(8402, 1135, 30, '2026-03-02', 1),
(8403, 1135, 30, '2026-03-09', 1),
(8404, 1135, 30, '2026-03-16', 0),
(8405, 1135, 30, '2026-03-23', 1),
(8406, 1136, 21, '2026-03-02', 1),
(8407, 1136, 21, '2026-03-09', 1),
(8408, 1136, 21, '2026-03-16', 0),
(8409, 1136, 21, '2026-03-23', 1),
(8410, 1136, 22, '2026-03-02', 1),
(8411, 1136, 22, '2026-03-09', 1),
(8412, 1136, 22, '2026-03-16', 0),
(8413, 1136, 22, '2026-03-23', 1),
(8414, 1136, 23, '2026-03-02', 1),
(8415, 1136, 23, '2026-03-09', 1),
(8416, 1136, 23, '2026-03-16', 0),
(8417, 1136, 23, '2026-03-23', 1),
(8418, 1136, 24, '2026-03-02', 1),
(8419, 1136, 24, '2026-03-09', 1),
(8420, 1136, 24, '2026-03-16', 0),
(8421, 1136, 24, '2026-03-23', 1),
(8422, 1136, 25, '2026-03-02', 1),
(8423, 1136, 25, '2026-03-09', 1),
(8424, 1136, 25, '2026-03-16', 0),
(8425, 1136, 25, '2026-03-23', 1),
(8426, 1136, 26, '2026-03-02', 1),
(8427, 1136, 26, '2026-03-09', 1),
(8428, 1136, 26, '2026-03-16', 0),
(8429, 1136, 26, '2026-03-23', 1),
(8430, 1136, 27, '2026-03-02', 1),
(8431, 1136, 27, '2026-03-09', 1),
(8432, 1136, 27, '2026-03-16', 0),
(8433, 1136, 27, '2026-03-23', 1),
(8434, 1136, 28, '2026-03-02', 1),
(8435, 1136, 28, '2026-03-09', 1),
(8436, 1136, 28, '2026-03-16', 0),
(8437, 1136, 28, '2026-03-23', 1),
(8438, 1136, 29, '2026-03-02', 1),
(8439, 1136, 29, '2026-03-09', 1),
(8440, 1136, 29, '2026-03-16', 0),
(8441, 1136, 29, '2026-03-23', 1),
(8442, 1136, 30, '2026-03-02', 1),
(8443, 1136, 30, '2026-03-09', 1),
(8444, 1136, 30, '2026-03-16', 0),
(8445, 1136, 30, '2026-03-23', 1),
(8446, 1137, 21, '2026-03-02', 1),
(8447, 1137, 21, '2026-03-09', 1),
(8448, 1137, 21, '2026-03-16', 0),
(8449, 1137, 21, '2026-03-23', 1),
(8450, 1137, 22, '2026-03-02', 1),
(8451, 1137, 22, '2026-03-09', 1),
(8452, 1137, 22, '2026-03-16', 0),
(8453, 1137, 22, '2026-03-23', 1),
(8454, 1137, 23, '2026-03-02', 1),
(8455, 1137, 23, '2026-03-09', 1),
(8456, 1137, 23, '2026-03-16', 0),
(8457, 1137, 23, '2026-03-23', 1),
(8458, 1137, 24, '2026-03-02', 1),
(8459, 1137, 24, '2026-03-09', 1),
(8460, 1137, 24, '2026-03-16', 0),
(8461, 1137, 24, '2026-03-23', 1),
(8462, 1137, 25, '2026-03-02', 1),
(8463, 1137, 25, '2026-03-09', 1),
(8464, 1137, 25, '2026-03-16', 0),
(8465, 1137, 25, '2026-03-23', 1),
(8466, 1137, 26, '2026-03-02', 1),
(8467, 1137, 26, '2026-03-09', 1),
(8468, 1137, 26, '2026-03-16', 0),
(8469, 1137, 26, '2026-03-23', 1),
(8470, 1137, 27, '2026-03-02', 1),
(8471, 1137, 27, '2026-03-09', 1),
(8472, 1137, 27, '2026-03-16', 0),
(8473, 1137, 27, '2026-03-23', 1),
(8474, 1137, 28, '2026-03-02', 1),
(8475, 1137, 28, '2026-03-09', 1),
(8476, 1137, 28, '2026-03-16', 0),
(8477, 1137, 28, '2026-03-23', 1),
(8478, 1137, 29, '2026-03-02', 1),
(8479, 1137, 29, '2026-03-09', 1),
(8480, 1137, 29, '2026-03-16', 0),
(8481, 1137, 29, '2026-03-23', 1),
(8482, 1137, 30, '2026-03-02', 1),
(8483, 1137, 30, '2026-03-09', 1),
(8484, 1137, 30, '2026-03-16', 0),
(8485, 1137, 30, '2026-03-23', 1),
(8486, 1138, 21, '2026-03-02', 1),
(8487, 1138, 21, '2026-03-09', 1),
(8488, 1138, 21, '2026-03-16', 0),
(8489, 1138, 21, '2026-03-23', 1),
(8490, 1138, 22, '2026-03-02', 1),
(8491, 1138, 22, '2026-03-09', 1),
(8492, 1138, 22, '2026-03-16', 0),
(8493, 1138, 22, '2026-03-23', 1),
(8494, 1138, 23, '2026-03-02', 1),
(8495, 1138, 23, '2026-03-09', 1),
(8496, 1138, 23, '2026-03-16', 0),
(8497, 1138, 23, '2026-03-23', 1),
(8498, 1138, 24, '2026-03-02', 1),
(8499, 1138, 24, '2026-03-09', 1),
(8500, 1138, 24, '2026-03-16', 0),
(8501, 1138, 24, '2026-03-23', 1),
(8502, 1138, 25, '2026-03-02', 1),
(8503, 1138, 25, '2026-03-09', 1),
(8504, 1138, 25, '2026-03-16', 0),
(8505, 1138, 25, '2026-03-23', 1),
(8506, 1138, 26, '2026-03-02', 1),
(8507, 1138, 26, '2026-03-09', 1),
(8508, 1138, 26, '2026-03-16', 0),
(8509, 1138, 26, '2026-03-23', 1),
(8510, 1138, 27, '2026-03-02', 1),
(8511, 1138, 27, '2026-03-09', 1),
(8512, 1138, 27, '2026-03-16', 0),
(8513, 1138, 27, '2026-03-23', 1),
(8514, 1138, 28, '2026-03-02', 1),
(8515, 1138, 28, '2026-03-09', 1),
(8516, 1138, 28, '2026-03-16', 0),
(8517, 1138, 28, '2026-03-23', 1),
(8518, 1138, 29, '2026-03-02', 1),
(8519, 1138, 29, '2026-03-09', 1),
(8520, 1138, 29, '2026-03-16', 0),
(8521, 1138, 29, '2026-03-23', 1),
(8522, 1138, 30, '2026-03-02', 1),
(8523, 1138, 30, '2026-03-09', 1),
(8524, 1138, 30, '2026-03-16', 0),
(8525, 1138, 30, '2026-03-23', 1),
(8526, 1139, 21, '2026-03-02', 1),
(8527, 1139, 21, '2026-03-09', 1),
(8528, 1139, 21, '2026-03-16', 0),
(8529, 1139, 21, '2026-03-23', 1),
(8530, 1139, 22, '2026-03-02', 1),
(8531, 1139, 22, '2026-03-09', 1),
(8532, 1139, 22, '2026-03-16', 0),
(8533, 1139, 22, '2026-03-23', 1),
(8534, 1139, 23, '2026-03-02', 1),
(8535, 1139, 23, '2026-03-09', 1),
(8536, 1139, 23, '2026-03-16', 0),
(8537, 1139, 23, '2026-03-23', 1),
(8538, 1139, 24, '2026-03-02', 1),
(8539, 1139, 24, '2026-03-09', 1),
(8540, 1139, 24, '2026-03-16', 0),
(8541, 1139, 24, '2026-03-23', 1),
(8542, 1139, 25, '2026-03-02', 1),
(8543, 1139, 25, '2026-03-09', 1),
(8544, 1139, 25, '2026-03-16', 0),
(8545, 1139, 25, '2026-03-23', 1),
(8546, 1139, 26, '2026-03-02', 1),
(8547, 1139, 26, '2026-03-09', 1),
(8548, 1139, 26, '2026-03-16', 0),
(8549, 1139, 26, '2026-03-23', 1),
(8550, 1139, 27, '2026-03-02', 1),
(8551, 1139, 27, '2026-03-09', 1),
(8552, 1139, 27, '2026-03-16', 0),
(8553, 1139, 27, '2026-03-23', 1),
(8554, 1139, 28, '2026-03-02', 1),
(8555, 1139, 28, '2026-03-09', 1),
(8556, 1139, 28, '2026-03-16', 0),
(8557, 1139, 28, '2026-03-23', 1),
(8558, 1139, 29, '2026-03-02', 1),
(8559, 1139, 29, '2026-03-09', 1),
(8560, 1139, 29, '2026-03-16', 0),
(8561, 1139, 29, '2026-03-23', 1),
(8562, 1139, 30, '2026-03-02', 1),
(8563, 1139, 30, '2026-03-09', 1),
(8564, 1139, 30, '2026-03-16', 0),
(8565, 1139, 30, '2026-03-23', 1),
(8566, 1140, 21, '2026-03-02', 1),
(8567, 1140, 21, '2026-03-09', 1),
(8568, 1140, 21, '2026-03-16', 0),
(8569, 1140, 21, '2026-03-23', 1),
(8570, 1140, 22, '2026-03-02', 1),
(8571, 1140, 22, '2026-03-09', 1),
(8572, 1140, 22, '2026-03-16', 0),
(8573, 1140, 22, '2026-03-23', 1),
(8574, 1140, 23, '2026-03-02', 1),
(8575, 1140, 23, '2026-03-09', 1),
(8576, 1140, 23, '2026-03-16', 0),
(8577, 1140, 23, '2026-03-23', 1),
(8578, 1140, 24, '2026-03-02', 1),
(8579, 1140, 24, '2026-03-09', 1),
(8580, 1140, 24, '2026-03-16', 0),
(8581, 1140, 24, '2026-03-23', 1),
(8582, 1140, 25, '2026-03-02', 1),
(8583, 1140, 25, '2026-03-09', 1),
(8584, 1140, 25, '2026-03-16', 0),
(8585, 1140, 25, '2026-03-23', 1),
(8586, 1140, 26, '2026-03-02', 1),
(8587, 1140, 26, '2026-03-09', 1),
(8588, 1140, 26, '2026-03-16', 0),
(8589, 1140, 26, '2026-03-23', 1),
(8590, 1140, 27, '2026-03-02', 1),
(8591, 1140, 27, '2026-03-09', 1),
(8592, 1140, 27, '2026-03-16', 0),
(8593, 1140, 27, '2026-03-23', 1),
(8594, 1140, 28, '2026-03-02', 1),
(8595, 1140, 28, '2026-03-09', 1),
(8596, 1140, 28, '2026-03-16', 0),
(8597, 1140, 28, '2026-03-23', 1),
(8598, 1140, 29, '2026-03-02', 1),
(8599, 1140, 29, '2026-03-09', 1),
(8600, 1140, 29, '2026-03-16', 0),
(8601, 1140, 29, '2026-03-23', 1),
(8602, 1140, 30, '2026-03-02', 1),
(8603, 1140, 30, '2026-03-09', 1),
(8604, 1140, 30, '2026-03-16', 0),
(8605, 1140, 30, '2026-03-23', 1),
(8606, 1141, 21, '2026-03-02', 1),
(8607, 1141, 21, '2026-03-09', 1),
(8608, 1141, 21, '2026-03-16', 0),
(8609, 1141, 21, '2026-03-23', 1),
(8610, 1141, 22, '2026-03-02', 1),
(8611, 1141, 22, '2026-03-09', 1),
(8612, 1141, 22, '2026-03-16', 0),
(8613, 1141, 22, '2026-03-23', 1),
(8614, 1141, 23, '2026-03-02', 1),
(8615, 1141, 23, '2026-03-09', 1),
(8616, 1141, 23, '2026-03-16', 0),
(8617, 1141, 23, '2026-03-23', 1),
(8618, 1141, 24, '2026-03-02', 1),
(8619, 1141, 24, '2026-03-09', 1),
(8620, 1141, 24, '2026-03-16', 0),
(8621, 1141, 24, '2026-03-23', 1),
(8622, 1141, 25, '2026-03-02', 1),
(8623, 1141, 25, '2026-03-09', 1),
(8624, 1141, 25, '2026-03-16', 0),
(8625, 1141, 25, '2026-03-23', 1),
(8626, 1141, 26, '2026-03-02', 1),
(8627, 1141, 26, '2026-03-09', 1),
(8628, 1141, 26, '2026-03-16', 0),
(8629, 1141, 26, '2026-03-23', 1),
(8630, 1141, 27, '2026-03-02', 1),
(8631, 1141, 27, '2026-03-09', 1),
(8632, 1141, 27, '2026-03-16', 0),
(8633, 1141, 27, '2026-03-23', 1),
(8634, 1141, 28, '2026-03-02', 1),
(8635, 1141, 28, '2026-03-09', 1),
(8636, 1141, 28, '2026-03-16', 0),
(8637, 1141, 28, '2026-03-23', 1),
(8638, 1141, 29, '2026-03-02', 1),
(8639, 1141, 29, '2026-03-09', 1),
(8640, 1141, 29, '2026-03-16', 0),
(8641, 1141, 29, '2026-03-23', 1),
(8642, 1141, 30, '2026-03-02', 1),
(8643, 1141, 30, '2026-03-09', 1),
(8644, 1141, 30, '2026-03-16', 0),
(8645, 1141, 30, '2026-03-23', 1),
(8646, 1142, 21, '2026-03-02', 1),
(8647, 1142, 21, '2026-03-09', 1),
(8648, 1142, 21, '2026-03-16', 0),
(8649, 1142, 21, '2026-03-23', 1),
(8650, 1142, 22, '2026-03-02', 1),
(8651, 1142, 22, '2026-03-09', 1),
(8652, 1142, 22, '2026-03-16', 0),
(8653, 1142, 22, '2026-03-23', 1),
(8654, 1142, 23, '2026-03-02', 1),
(8655, 1142, 23, '2026-03-09', 1),
(8656, 1142, 23, '2026-03-16', 0),
(8657, 1142, 23, '2026-03-23', 1),
(8658, 1142, 24, '2026-03-02', 1),
(8659, 1142, 24, '2026-03-09', 1),
(8660, 1142, 24, '2026-03-16', 0),
(8661, 1142, 24, '2026-03-23', 1),
(8662, 1142, 25, '2026-03-02', 1),
(8663, 1142, 25, '2026-03-09', 1),
(8664, 1142, 25, '2026-03-16', 0),
(8665, 1142, 25, '2026-03-23', 1),
(8666, 1142, 26, '2026-03-02', 1),
(8667, 1142, 26, '2026-03-09', 1),
(8668, 1142, 26, '2026-03-16', 0),
(8669, 1142, 26, '2026-03-23', 1),
(8670, 1142, 27, '2026-03-02', 1),
(8671, 1142, 27, '2026-03-09', 1),
(8672, 1142, 27, '2026-03-16', 0),
(8673, 1142, 27, '2026-03-23', 1),
(8674, 1142, 28, '2026-03-02', 1),
(8675, 1142, 28, '2026-03-09', 1),
(8676, 1142, 28, '2026-03-16', 0),
(8677, 1142, 28, '2026-03-23', 1),
(8678, 1142, 29, '2026-03-02', 1),
(8679, 1142, 29, '2026-03-09', 1),
(8680, 1142, 29, '2026-03-16', 0),
(8681, 1142, 29, '2026-03-23', 1),
(8682, 1142, 30, '2026-03-02', 1),
(8683, 1142, 30, '2026-03-09', 1),
(8684, 1142, 30, '2026-03-16', 0),
(8685, 1142, 30, '2026-03-23', 1),
(8686, 1143, 21, '2026-03-02', 1),
(8687, 1143, 21, '2026-03-09', 1),
(8688, 1143, 21, '2026-03-16', 0),
(8689, 1143, 21, '2026-03-23', 1),
(8690, 1143, 22, '2026-03-02', 1),
(8691, 1143, 22, '2026-03-09', 1),
(8692, 1143, 22, '2026-03-16', 0),
(8693, 1143, 22, '2026-03-23', 1),
(8694, 1143, 23, '2026-03-02', 1),
(8695, 1143, 23, '2026-03-09', 1),
(8696, 1143, 23, '2026-03-16', 0),
(8697, 1143, 23, '2026-03-23', 1),
(8698, 1143, 24, '2026-03-02', 1),
(8699, 1143, 24, '2026-03-09', 1),
(8700, 1143, 24, '2026-03-16', 0),
(8701, 1143, 24, '2026-03-23', 1),
(8702, 1143, 25, '2026-03-02', 1),
(8703, 1143, 25, '2026-03-09', 1),
(8704, 1143, 25, '2026-03-16', 0),
(8705, 1143, 25, '2026-03-23', 1),
(8706, 1143, 26, '2026-03-02', 1),
(8707, 1143, 26, '2026-03-09', 1),
(8708, 1143, 26, '2026-03-16', 0),
(8709, 1143, 26, '2026-03-23', 1),
(8710, 1143, 27, '2026-03-02', 1),
(8711, 1143, 27, '2026-03-09', 1),
(8712, 1143, 27, '2026-03-16', 0),
(8713, 1143, 27, '2026-03-23', 1),
(8714, 1143, 28, '2026-03-02', 1),
(8715, 1143, 28, '2026-03-09', 1),
(8716, 1143, 28, '2026-03-16', 0),
(8717, 1143, 28, '2026-03-23', 1),
(8718, 1143, 29, '2026-03-02', 1),
(8719, 1143, 29, '2026-03-09', 1),
(8720, 1143, 29, '2026-03-16', 0),
(8721, 1143, 29, '2026-03-23', 1),
(8722, 1143, 30, '2026-03-02', 1),
(8723, 1143, 30, '2026-03-09', 1),
(8724, 1143, 30, '2026-03-16', 0),
(8725, 1143, 30, '2026-03-23', 1),
(8726, 1144, 21, '2026-03-02', 1),
(8727, 1144, 21, '2026-03-09', 1),
(8728, 1144, 21, '2026-03-16', 0),
(8729, 1144, 21, '2026-03-23', 1),
(8730, 1144, 22, '2026-03-02', 1),
(8731, 1144, 22, '2026-03-09', 1),
(8732, 1144, 22, '2026-03-16', 0),
(8733, 1144, 22, '2026-03-23', 1),
(8734, 1144, 23, '2026-03-02', 1),
(8735, 1144, 23, '2026-03-09', 1),
(8736, 1144, 23, '2026-03-16', 0),
(8737, 1144, 23, '2026-03-23', 1),
(8738, 1144, 24, '2026-03-02', 1),
(8739, 1144, 24, '2026-03-09', 1),
(8740, 1144, 24, '2026-03-16', 0),
(8741, 1144, 24, '2026-03-23', 1),
(8742, 1144, 25, '2026-03-02', 1),
(8743, 1144, 25, '2026-03-09', 1),
(8744, 1144, 25, '2026-03-16', 0),
(8745, 1144, 25, '2026-03-23', 1),
(8746, 1144, 26, '2026-03-02', 1),
(8747, 1144, 26, '2026-03-09', 1),
(8748, 1144, 26, '2026-03-16', 0),
(8749, 1144, 26, '2026-03-23', 1),
(8750, 1144, 27, '2026-03-02', 1),
(8751, 1144, 27, '2026-03-09', 1),
(8752, 1144, 27, '2026-03-16', 0),
(8753, 1144, 27, '2026-03-23', 1),
(8754, 1144, 28, '2026-03-02', 1),
(8755, 1144, 28, '2026-03-09', 1),
(8756, 1144, 28, '2026-03-16', 0),
(8757, 1144, 28, '2026-03-23', 1),
(8758, 1144, 29, '2026-03-02', 1),
(8759, 1144, 29, '2026-03-09', 1),
(8760, 1144, 29, '2026-03-16', 0),
(8761, 1144, 29, '2026-03-23', 1),
(8762, 1144, 30, '2026-03-02', 1),
(8763, 1144, 30, '2026-03-09', 1),
(8764, 1144, 30, '2026-03-16', 0),
(8765, 1144, 30, '2026-03-23', 1),
(8766, 1145, 21, '2026-03-02', 1),
(8767, 1145, 21, '2026-03-09', 1),
(8768, 1145, 21, '2026-03-16', 0),
(8769, 1145, 21, '2026-03-23', 1),
(8770, 1145, 22, '2026-03-02', 1),
(8771, 1145, 22, '2026-03-09', 1),
(8772, 1145, 22, '2026-03-16', 0),
(8773, 1145, 22, '2026-03-23', 1),
(8774, 1145, 23, '2026-03-02', 1),
(8775, 1145, 23, '2026-03-09', 1),
(8776, 1145, 23, '2026-03-16', 0),
(8777, 1145, 23, '2026-03-23', 1),
(8778, 1145, 24, '2026-03-02', 1),
(8779, 1145, 24, '2026-03-09', 1),
(8780, 1145, 24, '2026-03-16', 0),
(8781, 1145, 24, '2026-03-23', 1),
(8782, 1145, 25, '2026-03-02', 1),
(8783, 1145, 25, '2026-03-09', 1),
(8784, 1145, 25, '2026-03-16', 0),
(8785, 1145, 25, '2026-03-23', 1),
(8786, 1145, 26, '2026-03-02', 1),
(8787, 1145, 26, '2026-03-09', 1),
(8788, 1145, 26, '2026-03-16', 0),
(8789, 1145, 26, '2026-03-23', 1),
(8790, 1145, 27, '2026-03-02', 1),
(8791, 1145, 27, '2026-03-09', 1),
(8792, 1145, 27, '2026-03-16', 0),
(8793, 1145, 27, '2026-03-23', 1),
(8794, 1145, 28, '2026-03-02', 1),
(8795, 1145, 28, '2026-03-09', 1),
(8796, 1145, 28, '2026-03-16', 0),
(8797, 1145, 28, '2026-03-23', 1),
(8798, 1145, 29, '2026-03-02', 1),
(8799, 1145, 29, '2026-03-09', 1),
(8800, 1145, 29, '2026-03-16', 0),
(8801, 1145, 29, '2026-03-23', 1),
(8802, 1145, 30, '2026-03-02', 1),
(8803, 1145, 30, '2026-03-09', 1),
(8804, 1145, 30, '2026-03-16', 0),
(8805, 1145, 30, '2026-03-23', 1),
(8806, 1146, 21, '2026-03-02', 1),
(8807, 1146, 21, '2026-03-09', 1),
(8808, 1146, 21, '2026-03-16', 0),
(8809, 1146, 21, '2026-03-23', 1),
(8810, 1146, 22, '2026-03-02', 1),
(8811, 1146, 22, '2026-03-09', 1),
(8812, 1146, 22, '2026-03-16', 0),
(8813, 1146, 22, '2026-03-23', 1),
(8814, 1146, 23, '2026-03-02', 1),
(8815, 1146, 23, '2026-03-09', 1),
(8816, 1146, 23, '2026-03-16', 0),
(8817, 1146, 23, '2026-03-23', 1),
(8818, 1146, 24, '2026-03-02', 1),
(8819, 1146, 24, '2026-03-09', 1),
(8820, 1146, 24, '2026-03-16', 0),
(8821, 1146, 24, '2026-03-23', 1),
(8822, 1146, 25, '2026-03-02', 1),
(8823, 1146, 25, '2026-03-09', 1),
(8824, 1146, 25, '2026-03-16', 0),
(8825, 1146, 25, '2026-03-23', 1),
(8826, 1146, 26, '2026-03-02', 1),
(8827, 1146, 26, '2026-03-09', 1),
(8828, 1146, 26, '2026-03-16', 0),
(8829, 1146, 26, '2026-03-23', 1),
(8830, 1146, 27, '2026-03-02', 1),
(8831, 1146, 27, '2026-03-09', 1),
(8832, 1146, 27, '2026-03-16', 0),
(8833, 1146, 27, '2026-03-23', 1),
(8834, 1146, 28, '2026-03-02', 1),
(8835, 1146, 28, '2026-03-09', 1),
(8836, 1146, 28, '2026-03-16', 0),
(8837, 1146, 28, '2026-03-23', 1),
(8838, 1146, 29, '2026-03-02', 1),
(8839, 1146, 29, '2026-03-09', 1),
(8840, 1146, 29, '2026-03-16', 0),
(8841, 1146, 29, '2026-03-23', 1),
(8842, 1146, 30, '2026-03-02', 1),
(8843, 1146, 30, '2026-03-09', 1),
(8844, 1146, 30, '2026-03-16', 0),
(8845, 1146, 30, '2026-03-23', 1),
(8846, 1147, 21, '2026-03-02', 1),
(8847, 1147, 21, '2026-03-09', 1),
(8848, 1147, 21, '2026-03-16', 0),
(8849, 1147, 21, '2026-03-23', 1),
(8850, 1147, 22, '2026-03-02', 1),
(8851, 1147, 22, '2026-03-09', 1),
(8852, 1147, 22, '2026-03-16', 0),
(8853, 1147, 22, '2026-03-23', 1),
(8854, 1147, 23, '2026-03-02', 1),
(8855, 1147, 23, '2026-03-09', 1),
(8856, 1147, 23, '2026-03-16', 0),
(8857, 1147, 23, '2026-03-23', 1),
(8858, 1147, 24, '2026-03-02', 1),
(8859, 1147, 24, '2026-03-09', 1),
(8860, 1147, 24, '2026-03-16', 0),
(8861, 1147, 24, '2026-03-23', 1),
(8862, 1147, 25, '2026-03-02', 1),
(8863, 1147, 25, '2026-03-09', 1),
(8864, 1147, 25, '2026-03-16', 0),
(8865, 1147, 25, '2026-03-23', 1),
(8866, 1147, 26, '2026-03-02', 1),
(8867, 1147, 26, '2026-03-09', 1),
(8868, 1147, 26, '2026-03-16', 0),
(8869, 1147, 26, '2026-03-23', 1),
(8870, 1147, 27, '2026-03-02', 1),
(8871, 1147, 27, '2026-03-09', 1),
(8872, 1147, 27, '2026-03-16', 0),
(8873, 1147, 27, '2026-03-23', 1),
(8874, 1147, 28, '2026-03-02', 1),
(8875, 1147, 28, '2026-03-09', 1),
(8876, 1147, 28, '2026-03-16', 0),
(8877, 1147, 28, '2026-03-23', 1),
(8878, 1147, 29, '2026-03-02', 1),
(8879, 1147, 29, '2026-03-09', 1),
(8880, 1147, 29, '2026-03-16', 0),
(8881, 1147, 29, '2026-03-23', 1),
(8882, 1147, 30, '2026-03-02', 1),
(8883, 1147, 30, '2026-03-09', 1),
(8884, 1147, 30, '2026-03-16', 0),
(8885, 1147, 30, '2026-03-23', 1),
(8886, 1148, 21, '2026-03-02', 1),
(8887, 1148, 21, '2026-03-09', 1),
(8888, 1148, 21, '2026-03-16', 0),
(8889, 1148, 21, '2026-03-23', 1),
(8890, 1148, 22, '2026-03-02', 1),
(8891, 1148, 22, '2026-03-09', 1),
(8892, 1148, 22, '2026-03-16', 0),
(8893, 1148, 22, '2026-03-23', 1),
(8894, 1148, 23, '2026-03-02', 1),
(8895, 1148, 23, '2026-03-09', 1),
(8896, 1148, 23, '2026-03-16', 0),
(8897, 1148, 23, '2026-03-23', 1),
(8898, 1148, 24, '2026-03-02', 1),
(8899, 1148, 24, '2026-03-09', 1),
(8900, 1148, 24, '2026-03-16', 0),
(8901, 1148, 24, '2026-03-23', 1),
(8902, 1148, 25, '2026-03-02', 1),
(8903, 1148, 25, '2026-03-09', 1),
(8904, 1148, 25, '2026-03-16', 0),
(8905, 1148, 25, '2026-03-23', 1),
(8906, 1148, 26, '2026-03-02', 1),
(8907, 1148, 26, '2026-03-09', 1),
(8908, 1148, 26, '2026-03-16', 0),
(8909, 1148, 26, '2026-03-23', 1),
(8910, 1148, 27, '2026-03-02', 1),
(8911, 1148, 27, '2026-03-09', 1),
(8912, 1148, 27, '2026-03-16', 0),
(8913, 1148, 27, '2026-03-23', 1),
(8914, 1148, 28, '2026-03-02', 1),
(8915, 1148, 28, '2026-03-09', 1),
(8916, 1148, 28, '2026-03-16', 0),
(8917, 1148, 28, '2026-03-23', 1),
(8918, 1148, 29, '2026-03-02', 1),
(8919, 1148, 29, '2026-03-09', 1),
(8920, 1148, 29, '2026-03-16', 0),
(8921, 1148, 29, '2026-03-23', 1),
(8922, 1148, 30, '2026-03-02', 1),
(8923, 1148, 30, '2026-03-09', 1),
(8924, 1148, 30, '2026-03-16', 0),
(8925, 1148, 30, '2026-03-23', 1),
(8926, 1149, 21, '2026-03-02', 1),
(8927, 1149, 21, '2026-03-09', 1),
(8928, 1149, 21, '2026-03-16', 0),
(8929, 1149, 21, '2026-03-23', 1),
(8930, 1149, 22, '2026-03-02', 1),
(8931, 1149, 22, '2026-03-09', 1),
(8932, 1149, 22, '2026-03-16', 0),
(8933, 1149, 22, '2026-03-23', 1),
(8934, 1149, 23, '2026-03-02', 1),
(8935, 1149, 23, '2026-03-09', 1),
(8936, 1149, 23, '2026-03-16', 0),
(8937, 1149, 23, '2026-03-23', 1),
(8938, 1149, 24, '2026-03-02', 1),
(8939, 1149, 24, '2026-03-09', 1),
(8940, 1149, 24, '2026-03-16', 0),
(8941, 1149, 24, '2026-03-23', 1),
(8942, 1149, 25, '2026-03-02', 1),
(8943, 1149, 25, '2026-03-09', 1),
(8944, 1149, 25, '2026-03-16', 0),
(8945, 1149, 25, '2026-03-23', 1),
(8946, 1149, 26, '2026-03-02', 1),
(8947, 1149, 26, '2026-03-09', 1),
(8948, 1149, 26, '2026-03-16', 0),
(8949, 1149, 26, '2026-03-23', 1),
(8950, 1149, 27, '2026-03-02', 1),
(8951, 1149, 27, '2026-03-09', 1),
(8952, 1149, 27, '2026-03-16', 0),
(8953, 1149, 27, '2026-03-23', 1),
(8954, 1149, 28, '2026-03-02', 1),
(8955, 1149, 28, '2026-03-09', 1),
(8956, 1149, 28, '2026-03-16', 0),
(8957, 1149, 28, '2026-03-23', 1),
(8958, 1149, 29, '2026-03-02', 1),
(8959, 1149, 29, '2026-03-09', 1),
(8960, 1149, 29, '2026-03-16', 0),
(8961, 1149, 29, '2026-03-23', 1),
(8962, 1149, 30, '2026-03-02', 1),
(8963, 1149, 30, '2026-03-09', 1),
(8964, 1149, 30, '2026-03-16', 0),
(8965, 1149, 30, '2026-03-23', 1),
(8966, 1150, 21, '2026-03-02', 1),
(8967, 1150, 21, '2026-03-09', 1),
(8968, 1150, 21, '2026-03-16', 0),
(8969, 1150, 21, '2026-03-23', 1),
(8970, 1150, 22, '2026-03-02', 1),
(8971, 1150, 22, '2026-03-09', 1),
(8972, 1150, 22, '2026-03-16', 0),
(8973, 1150, 22, '2026-03-23', 1),
(8974, 1150, 23, '2026-03-02', 1),
(8975, 1150, 23, '2026-03-09', 1),
(8976, 1150, 23, '2026-03-16', 0),
(8977, 1150, 23, '2026-03-23', 1),
(8978, 1150, 24, '2026-03-02', 1),
(8979, 1150, 24, '2026-03-09', 1),
(8980, 1150, 24, '2026-03-16', 0),
(8981, 1150, 24, '2026-03-23', 1),
(8982, 1150, 25, '2026-03-02', 1),
(8983, 1150, 25, '2026-03-09', 1),
(8984, 1150, 25, '2026-03-16', 0),
(8985, 1150, 25, '2026-03-23', 1),
(8986, 1150, 26, '2026-03-02', 1),
(8987, 1150, 26, '2026-03-09', 1),
(8988, 1150, 26, '2026-03-16', 0),
(8989, 1150, 26, '2026-03-23', 1),
(8990, 1150, 27, '2026-03-02', 1),
(8991, 1150, 27, '2026-03-09', 1),
(8992, 1150, 27, '2026-03-16', 0),
(8993, 1150, 27, '2026-03-23', 1),
(8994, 1150, 28, '2026-03-02', 1),
(8995, 1150, 28, '2026-03-09', 1),
(8996, 1150, 28, '2026-03-16', 0),
(8997, 1150, 28, '2026-03-23', 1),
(8998, 1150, 29, '2026-03-02', 1),
(8999, 1150, 29, '2026-03-09', 1),
(9000, 1150, 29, '2026-03-16', 0),
(9001, 1150, 29, '2026-03-23', 1),
(9002, 1150, 30, '2026-03-02', 1),
(9003, 1150, 30, '2026-03-09', 1),
(9004, 1150, 30, '2026-03-16', 0),
(9005, 1150, 30, '2026-03-23', 1),
(9006, 1151, 31, '2026-03-02', 1),
(9007, 1151, 31, '2026-03-09', 1),
(9008, 1151, 31, '2026-03-16', 0),
(9009, 1151, 31, '2026-03-23', 1),
(9010, 1151, 32, '2026-03-02', 1),
(9011, 1151, 32, '2026-03-09', 1),
(9012, 1151, 32, '2026-03-16', 0),
(9013, 1151, 32, '2026-03-23', 1),
(9014, 1151, 33, '2026-03-02', 1),
(9015, 1151, 33, '2026-03-09', 1),
(9016, 1151, 33, '2026-03-16', 0),
(9017, 1151, 33, '2026-03-23', 1),
(9018, 1151, 34, '2026-03-02', 1),
(9019, 1151, 34, '2026-03-09', 1),
(9020, 1151, 34, '2026-03-16', 0),
(9021, 1151, 34, '2026-03-23', 1),
(9022, 1151, 35, '2026-03-02', 1),
(9023, 1151, 35, '2026-03-09', 1),
(9024, 1151, 35, '2026-03-16', 0),
(9025, 1151, 35, '2026-03-23', 1),
(9026, 1151, 36, '2026-03-02', 1),
(9027, 1151, 36, '2026-03-09', 1),
(9028, 1151, 36, '2026-03-16', 0),
(9029, 1151, 36, '2026-03-23', 1),
(9030, 1151, 37, '2026-03-02', 1),
(9031, 1151, 37, '2026-03-09', 1),
(9032, 1151, 37, '2026-03-16', 0),
(9033, 1151, 37, '2026-03-23', 1),
(9034, 1151, 38, '2026-03-02', 1),
(9035, 1151, 38, '2026-03-09', 1),
(9036, 1151, 38, '2026-03-16', 0),
(9037, 1151, 38, '2026-03-23', 1),
(9038, 1151, 39, '2026-03-02', 1),
(9039, 1151, 39, '2026-03-09', 1),
(9040, 1151, 39, '2026-03-16', 0),
(9041, 1151, 39, '2026-03-23', 1),
(9042, 1151, 40, '2026-03-02', 1),
(9043, 1151, 40, '2026-03-09', 1),
(9044, 1151, 40, '2026-03-16', 0),
(9045, 1151, 40, '2026-03-23', 1),
(9046, 1152, 31, '2026-03-02', 1),
(9047, 1152, 31, '2026-03-09', 1),
(9048, 1152, 31, '2026-03-16', 0),
(9049, 1152, 31, '2026-03-23', 1),
(9050, 1152, 32, '2026-03-02', 1),
(9051, 1152, 32, '2026-03-09', 1),
(9052, 1152, 32, '2026-03-16', 0),
(9053, 1152, 32, '2026-03-23', 1),
(9054, 1152, 33, '2026-03-02', 1),
(9055, 1152, 33, '2026-03-09', 1),
(9056, 1152, 33, '2026-03-16', 0),
(9057, 1152, 33, '2026-03-23', 1),
(9058, 1152, 34, '2026-03-02', 1),
(9059, 1152, 34, '2026-03-09', 1),
(9060, 1152, 34, '2026-03-16', 0),
(9061, 1152, 34, '2026-03-23', 1),
(9062, 1152, 35, '2026-03-02', 1),
(9063, 1152, 35, '2026-03-09', 1),
(9064, 1152, 35, '2026-03-16', 0),
(9065, 1152, 35, '2026-03-23', 1),
(9066, 1152, 36, '2026-03-02', 1),
(9067, 1152, 36, '2026-03-09', 1),
(9068, 1152, 36, '2026-03-16', 0),
(9069, 1152, 36, '2026-03-23', 1),
(9070, 1152, 37, '2026-03-02', 1),
(9071, 1152, 37, '2026-03-09', 1),
(9072, 1152, 37, '2026-03-16', 0),
(9073, 1152, 37, '2026-03-23', 1),
(9074, 1152, 38, '2026-03-02', 1),
(9075, 1152, 38, '2026-03-09', 1),
(9076, 1152, 38, '2026-03-16', 0),
(9077, 1152, 38, '2026-03-23', 1),
(9078, 1152, 39, '2026-03-02', 1),
(9079, 1152, 39, '2026-03-09', 1),
(9080, 1152, 39, '2026-03-16', 0),
(9081, 1152, 39, '2026-03-23', 1),
(9082, 1152, 40, '2026-03-02', 1),
(9083, 1152, 40, '2026-03-09', 1),
(9084, 1152, 40, '2026-03-16', 0),
(9085, 1152, 40, '2026-03-23', 1),
(9086, 1153, 31, '2026-03-02', 1),
(9087, 1153, 31, '2026-03-09', 1),
(9088, 1153, 31, '2026-03-16', 0),
(9089, 1153, 31, '2026-03-23', 1),
(9090, 1153, 32, '2026-03-02', 1),
(9091, 1153, 32, '2026-03-09', 1),
(9092, 1153, 32, '2026-03-16', 0),
(9093, 1153, 32, '2026-03-23', 1),
(9094, 1153, 33, '2026-03-02', 1),
(9095, 1153, 33, '2026-03-09', 1),
(9096, 1153, 33, '2026-03-16', 0),
(9097, 1153, 33, '2026-03-23', 1),
(9098, 1153, 34, '2026-03-02', 1),
(9099, 1153, 34, '2026-03-09', 1),
(9100, 1153, 34, '2026-03-16', 0),
(9101, 1153, 34, '2026-03-23', 1),
(9102, 1153, 35, '2026-03-02', 1),
(9103, 1153, 35, '2026-03-09', 1),
(9104, 1153, 35, '2026-03-16', 0);
INSERT INTO `frequencia` (`id_frequencia`, `id_matricula`, `id_disciplinas`, `data_aula`, `presenca`) VALUES
(9105, 1153, 35, '2026-03-23', 1),
(9106, 1153, 36, '2026-03-02', 1),
(9107, 1153, 36, '2026-03-09', 1),
(9108, 1153, 36, '2026-03-16', 0),
(9109, 1153, 36, '2026-03-23', 1),
(9110, 1153, 37, '2026-03-02', 1),
(9111, 1153, 37, '2026-03-09', 1),
(9112, 1153, 37, '2026-03-16', 0),
(9113, 1153, 37, '2026-03-23', 1),
(9114, 1153, 38, '2026-03-02', 1),
(9115, 1153, 38, '2026-03-09', 1),
(9116, 1153, 38, '2026-03-16', 0),
(9117, 1153, 38, '2026-03-23', 1),
(9118, 1153, 39, '2026-03-02', 1),
(9119, 1153, 39, '2026-03-09', 1),
(9120, 1153, 39, '2026-03-16', 0),
(9121, 1153, 39, '2026-03-23', 1),
(9122, 1153, 40, '2026-03-02', 1),
(9123, 1153, 40, '2026-03-09', 1),
(9124, 1153, 40, '2026-03-16', 0),
(9125, 1153, 40, '2026-03-23', 1),
(9126, 1154, 31, '2026-03-02', 1),
(9127, 1154, 31, '2026-03-09', 1),
(9128, 1154, 31, '2026-03-16', 0),
(9129, 1154, 31, '2026-03-23', 1),
(9130, 1154, 32, '2026-03-02', 1),
(9131, 1154, 32, '2026-03-09', 1),
(9132, 1154, 32, '2026-03-16', 0),
(9133, 1154, 32, '2026-03-23', 1),
(9134, 1154, 33, '2026-03-02', 1),
(9135, 1154, 33, '2026-03-09', 1),
(9136, 1154, 33, '2026-03-16', 0),
(9137, 1154, 33, '2026-03-23', 1),
(9138, 1154, 34, '2026-03-02', 1),
(9139, 1154, 34, '2026-03-09', 1),
(9140, 1154, 34, '2026-03-16', 0),
(9141, 1154, 34, '2026-03-23', 1),
(9142, 1154, 35, '2026-03-02', 1),
(9143, 1154, 35, '2026-03-09', 1),
(9144, 1154, 35, '2026-03-16', 0),
(9145, 1154, 35, '2026-03-23', 1),
(9146, 1154, 36, '2026-03-02', 1),
(9147, 1154, 36, '2026-03-09', 1),
(9148, 1154, 36, '2026-03-16', 0),
(9149, 1154, 36, '2026-03-23', 1),
(9150, 1154, 37, '2026-03-02', 1),
(9151, 1154, 37, '2026-03-09', 1),
(9152, 1154, 37, '2026-03-16', 0),
(9153, 1154, 37, '2026-03-23', 1),
(9154, 1154, 38, '2026-03-02', 1),
(9155, 1154, 38, '2026-03-09', 1),
(9156, 1154, 38, '2026-03-16', 0),
(9157, 1154, 38, '2026-03-23', 1),
(9158, 1154, 39, '2026-03-02', 1),
(9159, 1154, 39, '2026-03-09', 1),
(9160, 1154, 39, '2026-03-16', 0),
(9161, 1154, 39, '2026-03-23', 1),
(9162, 1154, 40, '2026-03-02', 1),
(9163, 1154, 40, '2026-03-09', 1),
(9164, 1154, 40, '2026-03-16', 0),
(9165, 1154, 40, '2026-03-23', 1),
(9166, 1155, 31, '2026-03-02', 1),
(9167, 1155, 31, '2026-03-09', 1),
(9168, 1155, 31, '2026-03-16', 0),
(9169, 1155, 31, '2026-03-23', 1),
(9170, 1155, 32, '2026-03-02', 1),
(9171, 1155, 32, '2026-03-09', 1),
(9172, 1155, 32, '2026-03-16', 0),
(9173, 1155, 32, '2026-03-23', 1),
(9174, 1155, 33, '2026-03-02', 1),
(9175, 1155, 33, '2026-03-09', 1),
(9176, 1155, 33, '2026-03-16', 0),
(9177, 1155, 33, '2026-03-23', 1),
(9178, 1155, 34, '2026-03-02', 1),
(9179, 1155, 34, '2026-03-09', 1),
(9180, 1155, 34, '2026-03-16', 0),
(9181, 1155, 34, '2026-03-23', 1),
(9182, 1155, 35, '2026-03-02', 1),
(9183, 1155, 35, '2026-03-09', 1),
(9184, 1155, 35, '2026-03-16', 0),
(9185, 1155, 35, '2026-03-23', 1),
(9186, 1155, 36, '2026-03-02', 1),
(9187, 1155, 36, '2026-03-09', 1),
(9188, 1155, 36, '2026-03-16', 0),
(9189, 1155, 36, '2026-03-23', 1),
(9190, 1155, 37, '2026-03-02', 1),
(9191, 1155, 37, '2026-03-09', 1),
(9192, 1155, 37, '2026-03-16', 0),
(9193, 1155, 37, '2026-03-23', 1),
(9194, 1155, 38, '2026-03-02', 1),
(9195, 1155, 38, '2026-03-09', 1),
(9196, 1155, 38, '2026-03-16', 0),
(9197, 1155, 38, '2026-03-23', 1),
(9198, 1155, 39, '2026-03-02', 1),
(9199, 1155, 39, '2026-03-09', 1),
(9200, 1155, 39, '2026-03-16', 0),
(9201, 1155, 39, '2026-03-23', 1),
(9202, 1155, 40, '2026-03-02', 1),
(9203, 1155, 40, '2026-03-09', 1),
(9204, 1155, 40, '2026-03-16', 0),
(9205, 1155, 40, '2026-03-23', 1),
(9206, 1156, 31, '2026-03-02', 1),
(9207, 1156, 31, '2026-03-09', 1),
(9208, 1156, 31, '2026-03-16', 0),
(9209, 1156, 31, '2026-03-23', 1),
(9210, 1156, 32, '2026-03-02', 1),
(9211, 1156, 32, '2026-03-09', 1),
(9212, 1156, 32, '2026-03-16', 0),
(9213, 1156, 32, '2026-03-23', 1),
(9214, 1156, 33, '2026-03-02', 1),
(9215, 1156, 33, '2026-03-09', 1),
(9216, 1156, 33, '2026-03-16', 0),
(9217, 1156, 33, '2026-03-23', 1),
(9218, 1156, 34, '2026-03-02', 1),
(9219, 1156, 34, '2026-03-09', 1),
(9220, 1156, 34, '2026-03-16', 0),
(9221, 1156, 34, '2026-03-23', 1),
(9222, 1156, 35, '2026-03-02', 1),
(9223, 1156, 35, '2026-03-09', 1),
(9224, 1156, 35, '2026-03-16', 0),
(9225, 1156, 35, '2026-03-23', 1),
(9226, 1156, 36, '2026-03-02', 1),
(9227, 1156, 36, '2026-03-09', 1),
(9228, 1156, 36, '2026-03-16', 0),
(9229, 1156, 36, '2026-03-23', 1),
(9230, 1156, 37, '2026-03-02', 1),
(9231, 1156, 37, '2026-03-09', 1),
(9232, 1156, 37, '2026-03-16', 0),
(9233, 1156, 37, '2026-03-23', 1),
(9234, 1156, 38, '2026-03-02', 1),
(9235, 1156, 38, '2026-03-09', 1),
(9236, 1156, 38, '2026-03-16', 0),
(9237, 1156, 38, '2026-03-23', 1),
(9238, 1156, 39, '2026-03-02', 1),
(9239, 1156, 39, '2026-03-09', 1),
(9240, 1156, 39, '2026-03-16', 0),
(9241, 1156, 39, '2026-03-23', 1),
(9242, 1156, 40, '2026-03-02', 1),
(9243, 1156, 40, '2026-03-09', 1),
(9244, 1156, 40, '2026-03-16', 0),
(9245, 1156, 40, '2026-03-23', 1),
(9246, 1157, 31, '2026-03-02', 1),
(9247, 1157, 31, '2026-03-09', 1),
(9248, 1157, 31, '2026-03-16', 0),
(9249, 1157, 31, '2026-03-23', 1),
(9250, 1157, 32, '2026-03-02', 1),
(9251, 1157, 32, '2026-03-09', 1),
(9252, 1157, 32, '2026-03-16', 0),
(9253, 1157, 32, '2026-03-23', 1),
(9254, 1157, 33, '2026-03-02', 1),
(9255, 1157, 33, '2026-03-09', 1),
(9256, 1157, 33, '2026-03-16', 0),
(9257, 1157, 33, '2026-03-23', 1),
(9258, 1157, 34, '2026-03-02', 1),
(9259, 1157, 34, '2026-03-09', 1),
(9260, 1157, 34, '2026-03-16', 0),
(9261, 1157, 34, '2026-03-23', 1),
(9262, 1157, 35, '2026-03-02', 1),
(9263, 1157, 35, '2026-03-09', 1),
(9264, 1157, 35, '2026-03-16', 0),
(9265, 1157, 35, '2026-03-23', 1),
(9266, 1157, 36, '2026-03-02', 1),
(9267, 1157, 36, '2026-03-09', 1),
(9268, 1157, 36, '2026-03-16', 0),
(9269, 1157, 36, '2026-03-23', 1),
(9270, 1157, 37, '2026-03-02', 1),
(9271, 1157, 37, '2026-03-09', 1),
(9272, 1157, 37, '2026-03-16', 0),
(9273, 1157, 37, '2026-03-23', 1),
(9274, 1157, 38, '2026-03-02', 1),
(9275, 1157, 38, '2026-03-09', 1),
(9276, 1157, 38, '2026-03-16', 0),
(9277, 1157, 38, '2026-03-23', 1),
(9278, 1157, 39, '2026-03-02', 1),
(9279, 1157, 39, '2026-03-09', 1),
(9280, 1157, 39, '2026-03-16', 0),
(9281, 1157, 39, '2026-03-23', 1),
(9282, 1157, 40, '2026-03-02', 1),
(9283, 1157, 40, '2026-03-09', 1),
(9284, 1157, 40, '2026-03-16', 0),
(9285, 1157, 40, '2026-03-23', 1),
(9286, 1158, 31, '2026-03-02', 1),
(9287, 1158, 31, '2026-03-09', 1),
(9288, 1158, 31, '2026-03-16', 0),
(9289, 1158, 31, '2026-03-23', 1),
(9290, 1158, 32, '2026-03-02', 1),
(9291, 1158, 32, '2026-03-09', 1),
(9292, 1158, 32, '2026-03-16', 0),
(9293, 1158, 32, '2026-03-23', 1),
(9294, 1158, 33, '2026-03-02', 1),
(9295, 1158, 33, '2026-03-09', 1),
(9296, 1158, 33, '2026-03-16', 0),
(9297, 1158, 33, '2026-03-23', 1),
(9298, 1158, 34, '2026-03-02', 1),
(9299, 1158, 34, '2026-03-09', 1),
(9300, 1158, 34, '2026-03-16', 0),
(9301, 1158, 34, '2026-03-23', 1),
(9302, 1158, 35, '2026-03-02', 1),
(9303, 1158, 35, '2026-03-09', 1),
(9304, 1158, 35, '2026-03-16', 0),
(9305, 1158, 35, '2026-03-23', 1),
(9306, 1158, 36, '2026-03-02', 1),
(9307, 1158, 36, '2026-03-09', 1),
(9308, 1158, 36, '2026-03-16', 0),
(9309, 1158, 36, '2026-03-23', 1),
(9310, 1158, 37, '2026-03-02', 1),
(9311, 1158, 37, '2026-03-09', 1),
(9312, 1158, 37, '2026-03-16', 0),
(9313, 1158, 37, '2026-03-23', 1),
(9314, 1158, 38, '2026-03-02', 1),
(9315, 1158, 38, '2026-03-09', 1),
(9316, 1158, 38, '2026-03-16', 0),
(9317, 1158, 38, '2026-03-23', 1),
(9318, 1158, 39, '2026-03-02', 1),
(9319, 1158, 39, '2026-03-09', 1),
(9320, 1158, 39, '2026-03-16', 0),
(9321, 1158, 39, '2026-03-23', 1),
(9322, 1158, 40, '2026-03-02', 1),
(9323, 1158, 40, '2026-03-09', 1),
(9324, 1158, 40, '2026-03-16', 0),
(9325, 1158, 40, '2026-03-23', 1),
(9326, 1159, 31, '2026-03-02', 1),
(9327, 1159, 31, '2026-03-09', 1),
(9328, 1159, 31, '2026-03-16', 0),
(9329, 1159, 31, '2026-03-23', 1),
(9330, 1159, 32, '2026-03-02', 1),
(9331, 1159, 32, '2026-03-09', 1),
(9332, 1159, 32, '2026-03-16', 0),
(9333, 1159, 32, '2026-03-23', 1),
(9334, 1159, 33, '2026-03-02', 1),
(9335, 1159, 33, '2026-03-09', 1),
(9336, 1159, 33, '2026-03-16', 0),
(9337, 1159, 33, '2026-03-23', 1),
(9338, 1159, 34, '2026-03-02', 1),
(9339, 1159, 34, '2026-03-09', 1),
(9340, 1159, 34, '2026-03-16', 0),
(9341, 1159, 34, '2026-03-23', 1),
(9342, 1159, 35, '2026-03-02', 1),
(9343, 1159, 35, '2026-03-09', 1),
(9344, 1159, 35, '2026-03-16', 0),
(9345, 1159, 35, '2026-03-23', 1),
(9346, 1159, 36, '2026-03-02', 1),
(9347, 1159, 36, '2026-03-09', 1),
(9348, 1159, 36, '2026-03-16', 0),
(9349, 1159, 36, '2026-03-23', 1),
(9350, 1159, 37, '2026-03-02', 1),
(9351, 1159, 37, '2026-03-09', 1),
(9352, 1159, 37, '2026-03-16', 0),
(9353, 1159, 37, '2026-03-23', 1),
(9354, 1159, 38, '2026-03-02', 1),
(9355, 1159, 38, '2026-03-09', 1),
(9356, 1159, 38, '2026-03-16', 0),
(9357, 1159, 38, '2026-03-23', 1),
(9358, 1159, 39, '2026-03-02', 1),
(9359, 1159, 39, '2026-03-09', 1),
(9360, 1159, 39, '2026-03-16', 0),
(9361, 1159, 39, '2026-03-23', 1),
(9362, 1159, 40, '2026-03-02', 1),
(9363, 1159, 40, '2026-03-09', 1),
(9364, 1159, 40, '2026-03-16', 0),
(9365, 1159, 40, '2026-03-23', 1),
(9366, 1160, 31, '2026-03-02', 1),
(9367, 1160, 31, '2026-03-09', 1),
(9368, 1160, 31, '2026-03-16', 0),
(9369, 1160, 31, '2026-03-23', 1),
(9370, 1160, 32, '2026-03-02', 1),
(9371, 1160, 32, '2026-03-09', 1),
(9372, 1160, 32, '2026-03-16', 0),
(9373, 1160, 32, '2026-03-23', 1),
(9374, 1160, 33, '2026-03-02', 1),
(9375, 1160, 33, '2026-03-09', 1),
(9376, 1160, 33, '2026-03-16', 0),
(9377, 1160, 33, '2026-03-23', 1),
(9378, 1160, 34, '2026-03-02', 1),
(9379, 1160, 34, '2026-03-09', 1),
(9380, 1160, 34, '2026-03-16', 0),
(9381, 1160, 34, '2026-03-23', 1),
(9382, 1160, 35, '2026-03-02', 1),
(9383, 1160, 35, '2026-03-09', 1),
(9384, 1160, 35, '2026-03-16', 0),
(9385, 1160, 35, '2026-03-23', 1),
(9386, 1160, 36, '2026-03-02', 1),
(9387, 1160, 36, '2026-03-09', 1),
(9388, 1160, 36, '2026-03-16', 0),
(9389, 1160, 36, '2026-03-23', 1),
(9390, 1160, 37, '2026-03-02', 1),
(9391, 1160, 37, '2026-03-09', 1),
(9392, 1160, 37, '2026-03-16', 0),
(9393, 1160, 37, '2026-03-23', 1),
(9394, 1160, 38, '2026-03-02', 1),
(9395, 1160, 38, '2026-03-09', 1),
(9396, 1160, 38, '2026-03-16', 0),
(9397, 1160, 38, '2026-03-23', 1),
(9398, 1160, 39, '2026-03-02', 1),
(9399, 1160, 39, '2026-03-09', 1),
(9400, 1160, 39, '2026-03-16', 0),
(9401, 1160, 39, '2026-03-23', 1),
(9402, 1160, 40, '2026-03-02', 1),
(9403, 1160, 40, '2026-03-09', 1),
(9404, 1160, 40, '2026-03-16', 0),
(9405, 1160, 40, '2026-03-23', 1),
(9406, 1161, 31, '2026-03-02', 1),
(9407, 1161, 31, '2026-03-09', 1),
(9408, 1161, 31, '2026-03-16', 0),
(9409, 1161, 31, '2026-03-23', 1),
(9410, 1161, 32, '2026-03-02', 1),
(9411, 1161, 32, '2026-03-09', 1),
(9412, 1161, 32, '2026-03-16', 0),
(9413, 1161, 32, '2026-03-23', 1),
(9414, 1161, 33, '2026-03-02', 1),
(9415, 1161, 33, '2026-03-09', 1),
(9416, 1161, 33, '2026-03-16', 0),
(9417, 1161, 33, '2026-03-23', 1),
(9418, 1161, 34, '2026-03-02', 1),
(9419, 1161, 34, '2026-03-09', 1),
(9420, 1161, 34, '2026-03-16', 0),
(9421, 1161, 34, '2026-03-23', 1),
(9422, 1161, 35, '2026-03-02', 1),
(9423, 1161, 35, '2026-03-09', 1),
(9424, 1161, 35, '2026-03-16', 0),
(9425, 1161, 35, '2026-03-23', 1),
(9426, 1161, 36, '2026-03-02', 1),
(9427, 1161, 36, '2026-03-09', 1),
(9428, 1161, 36, '2026-03-16', 0),
(9429, 1161, 36, '2026-03-23', 1),
(9430, 1161, 37, '2026-03-02', 1),
(9431, 1161, 37, '2026-03-09', 1),
(9432, 1161, 37, '2026-03-16', 0),
(9433, 1161, 37, '2026-03-23', 1),
(9434, 1161, 38, '2026-03-02', 1),
(9435, 1161, 38, '2026-03-09', 1),
(9436, 1161, 38, '2026-03-16', 0),
(9437, 1161, 38, '2026-03-23', 1),
(9438, 1161, 39, '2026-03-02', 1),
(9439, 1161, 39, '2026-03-09', 1),
(9440, 1161, 39, '2026-03-16', 0),
(9441, 1161, 39, '2026-03-23', 1),
(9442, 1161, 40, '2026-03-02', 1),
(9443, 1161, 40, '2026-03-09', 1),
(9444, 1161, 40, '2026-03-16', 0),
(9445, 1161, 40, '2026-03-23', 1),
(9446, 1162, 31, '2026-03-02', 1),
(9447, 1162, 31, '2026-03-09', 1),
(9448, 1162, 31, '2026-03-16', 0),
(9449, 1162, 31, '2026-03-23', 1),
(9450, 1162, 32, '2026-03-02', 1),
(9451, 1162, 32, '2026-03-09', 1),
(9452, 1162, 32, '2026-03-16', 0),
(9453, 1162, 32, '2026-03-23', 1),
(9454, 1162, 33, '2026-03-02', 1),
(9455, 1162, 33, '2026-03-09', 1),
(9456, 1162, 33, '2026-03-16', 0),
(9457, 1162, 33, '2026-03-23', 1),
(9458, 1162, 34, '2026-03-02', 1),
(9459, 1162, 34, '2026-03-09', 1),
(9460, 1162, 34, '2026-03-16', 0),
(9461, 1162, 34, '2026-03-23', 1),
(9462, 1162, 35, '2026-03-02', 1),
(9463, 1162, 35, '2026-03-09', 1),
(9464, 1162, 35, '2026-03-16', 0),
(9465, 1162, 35, '2026-03-23', 1),
(9466, 1162, 36, '2026-03-02', 1),
(9467, 1162, 36, '2026-03-09', 1),
(9468, 1162, 36, '2026-03-16', 0),
(9469, 1162, 36, '2026-03-23', 1),
(9470, 1162, 37, '2026-03-02', 1),
(9471, 1162, 37, '2026-03-09', 1),
(9472, 1162, 37, '2026-03-16', 0),
(9473, 1162, 37, '2026-03-23', 1),
(9474, 1162, 38, '2026-03-02', 1),
(9475, 1162, 38, '2026-03-09', 1),
(9476, 1162, 38, '2026-03-16', 0),
(9477, 1162, 38, '2026-03-23', 1),
(9478, 1162, 39, '2026-03-02', 1),
(9479, 1162, 39, '2026-03-09', 1),
(9480, 1162, 39, '2026-03-16', 0),
(9481, 1162, 39, '2026-03-23', 1),
(9482, 1162, 40, '2026-03-02', 1),
(9483, 1162, 40, '2026-03-09', 1),
(9484, 1162, 40, '2026-03-16', 0),
(9485, 1162, 40, '2026-03-23', 1),
(9486, 1163, 31, '2026-03-02', 1),
(9487, 1163, 31, '2026-03-09', 1),
(9488, 1163, 31, '2026-03-16', 0),
(9489, 1163, 31, '2026-03-23', 1),
(9490, 1163, 32, '2026-03-02', 1),
(9491, 1163, 32, '2026-03-09', 1),
(9492, 1163, 32, '2026-03-16', 0),
(9493, 1163, 32, '2026-03-23', 1),
(9494, 1163, 33, '2026-03-02', 1),
(9495, 1163, 33, '2026-03-09', 1),
(9496, 1163, 33, '2026-03-16', 0),
(9497, 1163, 33, '2026-03-23', 1),
(9498, 1163, 34, '2026-03-02', 1),
(9499, 1163, 34, '2026-03-09', 1),
(9500, 1163, 34, '2026-03-16', 0),
(9501, 1163, 34, '2026-03-23', 1),
(9502, 1163, 35, '2026-03-02', 1),
(9503, 1163, 35, '2026-03-09', 1),
(9504, 1163, 35, '2026-03-16', 0),
(9505, 1163, 35, '2026-03-23', 1),
(9506, 1163, 36, '2026-03-02', 1),
(9507, 1163, 36, '2026-03-09', 1),
(9508, 1163, 36, '2026-03-16', 0),
(9509, 1163, 36, '2026-03-23', 1),
(9510, 1163, 37, '2026-03-02', 1),
(9511, 1163, 37, '2026-03-09', 1),
(9512, 1163, 37, '2026-03-16', 0),
(9513, 1163, 37, '2026-03-23', 1),
(9514, 1163, 38, '2026-03-02', 1),
(9515, 1163, 38, '2026-03-09', 1),
(9516, 1163, 38, '2026-03-16', 0),
(9517, 1163, 38, '2026-03-23', 1),
(9518, 1163, 39, '2026-03-02', 1),
(9519, 1163, 39, '2026-03-09', 1),
(9520, 1163, 39, '2026-03-16', 0),
(9521, 1163, 39, '2026-03-23', 1),
(9522, 1163, 40, '2026-03-02', 1),
(9523, 1163, 40, '2026-03-09', 1),
(9524, 1163, 40, '2026-03-16', 0),
(9525, 1163, 40, '2026-03-23', 1),
(9526, 1164, 31, '2026-03-02', 1),
(9527, 1164, 31, '2026-03-09', 1),
(9528, 1164, 31, '2026-03-16', 0),
(9529, 1164, 31, '2026-03-23', 1),
(9530, 1164, 32, '2026-03-02', 1),
(9531, 1164, 32, '2026-03-09', 1),
(9532, 1164, 32, '2026-03-16', 0),
(9533, 1164, 32, '2026-03-23', 1),
(9534, 1164, 33, '2026-03-02', 1),
(9535, 1164, 33, '2026-03-09', 1),
(9536, 1164, 33, '2026-03-16', 0),
(9537, 1164, 33, '2026-03-23', 1),
(9538, 1164, 34, '2026-03-02', 1),
(9539, 1164, 34, '2026-03-09', 1),
(9540, 1164, 34, '2026-03-16', 0),
(9541, 1164, 34, '2026-03-23', 1),
(9542, 1164, 35, '2026-03-02', 1),
(9543, 1164, 35, '2026-03-09', 1),
(9544, 1164, 35, '2026-03-16', 0),
(9545, 1164, 35, '2026-03-23', 1),
(9546, 1164, 36, '2026-03-02', 1),
(9547, 1164, 36, '2026-03-09', 1),
(9548, 1164, 36, '2026-03-16', 0),
(9549, 1164, 36, '2026-03-23', 1),
(9550, 1164, 37, '2026-03-02', 1),
(9551, 1164, 37, '2026-03-09', 1),
(9552, 1164, 37, '2026-03-16', 0),
(9553, 1164, 37, '2026-03-23', 1),
(9554, 1164, 38, '2026-03-02', 1),
(9555, 1164, 38, '2026-03-09', 1),
(9556, 1164, 38, '2026-03-16', 0),
(9557, 1164, 38, '2026-03-23', 1),
(9558, 1164, 39, '2026-03-02', 1),
(9559, 1164, 39, '2026-03-09', 1),
(9560, 1164, 39, '2026-03-16', 0),
(9561, 1164, 39, '2026-03-23', 1),
(9562, 1164, 40, '2026-03-02', 1),
(9563, 1164, 40, '2026-03-09', 1),
(9564, 1164, 40, '2026-03-16', 0),
(9565, 1164, 40, '2026-03-23', 1),
(9566, 1165, 31, '2026-03-02', 1),
(9567, 1165, 31, '2026-03-09', 1),
(9568, 1165, 31, '2026-03-16', 0),
(9569, 1165, 31, '2026-03-23', 1),
(9570, 1165, 32, '2026-03-02', 1),
(9571, 1165, 32, '2026-03-09', 1),
(9572, 1165, 32, '2026-03-16', 0),
(9573, 1165, 32, '2026-03-23', 1),
(9574, 1165, 33, '2026-03-02', 1),
(9575, 1165, 33, '2026-03-09', 1),
(9576, 1165, 33, '2026-03-16', 0),
(9577, 1165, 33, '2026-03-23', 1),
(9578, 1165, 34, '2026-03-02', 1),
(9579, 1165, 34, '2026-03-09', 1),
(9580, 1165, 34, '2026-03-16', 0),
(9581, 1165, 34, '2026-03-23', 1),
(9582, 1165, 35, '2026-03-02', 1),
(9583, 1165, 35, '2026-03-09', 1),
(9584, 1165, 35, '2026-03-16', 0),
(9585, 1165, 35, '2026-03-23', 1),
(9586, 1165, 36, '2026-03-02', 1),
(9587, 1165, 36, '2026-03-09', 1),
(9588, 1165, 36, '2026-03-16', 0),
(9589, 1165, 36, '2026-03-23', 1),
(9590, 1165, 37, '2026-03-02', 1),
(9591, 1165, 37, '2026-03-09', 1),
(9592, 1165, 37, '2026-03-16', 0),
(9593, 1165, 37, '2026-03-23', 1),
(9594, 1165, 38, '2026-03-02', 1),
(9595, 1165, 38, '2026-03-09', 1),
(9596, 1165, 38, '2026-03-16', 0),
(9597, 1165, 38, '2026-03-23', 1),
(9598, 1165, 39, '2026-03-02', 1),
(9599, 1165, 39, '2026-03-09', 1),
(9600, 1165, 39, '2026-03-16', 0),
(9601, 1165, 39, '2026-03-23', 1),
(9602, 1165, 40, '2026-03-02', 1),
(9603, 1165, 40, '2026-03-09', 1),
(9604, 1165, 40, '2026-03-16', 0),
(9605, 1165, 40, '2026-03-23', 1),
(9606, 1166, 31, '2026-03-02', 1),
(9607, 1166, 31, '2026-03-09', 1),
(9608, 1166, 31, '2026-03-16', 0),
(9609, 1166, 31, '2026-03-23', 1),
(9610, 1166, 32, '2026-03-02', 1),
(9611, 1166, 32, '2026-03-09', 1),
(9612, 1166, 32, '2026-03-16', 0),
(9613, 1166, 32, '2026-03-23', 1),
(9614, 1166, 33, '2026-03-02', 1),
(9615, 1166, 33, '2026-03-09', 1),
(9616, 1166, 33, '2026-03-16', 0),
(9617, 1166, 33, '2026-03-23', 1),
(9618, 1166, 34, '2026-03-02', 1),
(9619, 1166, 34, '2026-03-09', 1),
(9620, 1166, 34, '2026-03-16', 0),
(9621, 1166, 34, '2026-03-23', 1),
(9622, 1166, 35, '2026-03-02', 1),
(9623, 1166, 35, '2026-03-09', 1),
(9624, 1166, 35, '2026-03-16', 0),
(9625, 1166, 35, '2026-03-23', 1),
(9626, 1166, 36, '2026-03-02', 1),
(9627, 1166, 36, '2026-03-09', 1),
(9628, 1166, 36, '2026-03-16', 0),
(9629, 1166, 36, '2026-03-23', 1),
(9630, 1166, 37, '2026-03-02', 1),
(9631, 1166, 37, '2026-03-09', 1),
(9632, 1166, 37, '2026-03-16', 0),
(9633, 1166, 37, '2026-03-23', 1),
(9634, 1166, 38, '2026-03-02', 1),
(9635, 1166, 38, '2026-03-09', 1),
(9636, 1166, 38, '2026-03-16', 0),
(9637, 1166, 38, '2026-03-23', 1),
(9638, 1166, 39, '2026-03-02', 1),
(9639, 1166, 39, '2026-03-09', 1),
(9640, 1166, 39, '2026-03-16', 0),
(9641, 1166, 39, '2026-03-23', 1),
(9642, 1166, 40, '2026-03-02', 1),
(9643, 1166, 40, '2026-03-09', 1),
(9644, 1166, 40, '2026-03-16', 0),
(9645, 1166, 40, '2026-03-23', 1),
(9646, 1167, 31, '2026-03-02', 1),
(9647, 1167, 31, '2026-03-09', 1),
(9648, 1167, 31, '2026-03-16', 0),
(9649, 1167, 31, '2026-03-23', 1),
(9650, 1167, 32, '2026-03-02', 1),
(9651, 1167, 32, '2026-03-09', 1),
(9652, 1167, 32, '2026-03-16', 0),
(9653, 1167, 32, '2026-03-23', 1),
(9654, 1167, 33, '2026-03-02', 1),
(9655, 1167, 33, '2026-03-09', 1),
(9656, 1167, 33, '2026-03-16', 0),
(9657, 1167, 33, '2026-03-23', 1),
(9658, 1167, 34, '2026-03-02', 1),
(9659, 1167, 34, '2026-03-09', 1),
(9660, 1167, 34, '2026-03-16', 0),
(9661, 1167, 34, '2026-03-23', 1),
(9662, 1167, 35, '2026-03-02', 1),
(9663, 1167, 35, '2026-03-09', 1),
(9664, 1167, 35, '2026-03-16', 0),
(9665, 1167, 35, '2026-03-23', 1),
(9666, 1167, 36, '2026-03-02', 1),
(9667, 1167, 36, '2026-03-09', 1),
(9668, 1167, 36, '2026-03-16', 0),
(9669, 1167, 36, '2026-03-23', 1),
(9670, 1167, 37, '2026-03-02', 1),
(9671, 1167, 37, '2026-03-09', 1),
(9672, 1167, 37, '2026-03-16', 0),
(9673, 1167, 37, '2026-03-23', 1),
(9674, 1167, 38, '2026-03-02', 1),
(9675, 1167, 38, '2026-03-09', 1),
(9676, 1167, 38, '2026-03-16', 0),
(9677, 1167, 38, '2026-03-23', 1),
(9678, 1167, 39, '2026-03-02', 1),
(9679, 1167, 39, '2026-03-09', 1),
(9680, 1167, 39, '2026-03-16', 0),
(9681, 1167, 39, '2026-03-23', 1),
(9682, 1167, 40, '2026-03-02', 1),
(9683, 1167, 40, '2026-03-09', 1),
(9684, 1167, 40, '2026-03-16', 0),
(9685, 1167, 40, '2026-03-23', 1),
(9686, 1168, 31, '2026-03-02', 1),
(9687, 1168, 31, '2026-03-09', 1),
(9688, 1168, 31, '2026-03-16', 0),
(9689, 1168, 31, '2026-03-23', 1),
(9690, 1168, 32, '2026-03-02', 1),
(9691, 1168, 32, '2026-03-09', 1),
(9692, 1168, 32, '2026-03-16', 0),
(9693, 1168, 32, '2026-03-23', 1),
(9694, 1168, 33, '2026-03-02', 1),
(9695, 1168, 33, '2026-03-09', 1),
(9696, 1168, 33, '2026-03-16', 0),
(9697, 1168, 33, '2026-03-23', 1),
(9698, 1168, 34, '2026-03-02', 1),
(9699, 1168, 34, '2026-03-09', 1),
(9700, 1168, 34, '2026-03-16', 0),
(9701, 1168, 34, '2026-03-23', 1),
(9702, 1168, 35, '2026-03-02', 1),
(9703, 1168, 35, '2026-03-09', 1),
(9704, 1168, 35, '2026-03-16', 0),
(9705, 1168, 35, '2026-03-23', 1),
(9706, 1168, 36, '2026-03-02', 1),
(9707, 1168, 36, '2026-03-09', 1),
(9708, 1168, 36, '2026-03-16', 0),
(9709, 1168, 36, '2026-03-23', 1),
(9710, 1168, 37, '2026-03-02', 1),
(9711, 1168, 37, '2026-03-09', 1),
(9712, 1168, 37, '2026-03-16', 0),
(9713, 1168, 37, '2026-03-23', 1),
(9714, 1168, 38, '2026-03-02', 1),
(9715, 1168, 38, '2026-03-09', 1),
(9716, 1168, 38, '2026-03-16', 0),
(9717, 1168, 38, '2026-03-23', 1),
(9718, 1168, 39, '2026-03-02', 1),
(9719, 1168, 39, '2026-03-09', 1),
(9720, 1168, 39, '2026-03-16', 0),
(9721, 1168, 39, '2026-03-23', 1),
(9722, 1168, 40, '2026-03-02', 1),
(9723, 1168, 40, '2026-03-09', 1),
(9724, 1168, 40, '2026-03-16', 0),
(9725, 1168, 40, '2026-03-23', 1),
(9726, 1169, 31, '2026-03-02', 1),
(9727, 1169, 31, '2026-03-09', 1),
(9728, 1169, 31, '2026-03-16', 0),
(9729, 1169, 31, '2026-03-23', 1),
(9730, 1169, 32, '2026-03-02', 1),
(9731, 1169, 32, '2026-03-09', 1),
(9732, 1169, 32, '2026-03-16', 0),
(9733, 1169, 32, '2026-03-23', 1),
(9734, 1169, 33, '2026-03-02', 1),
(9735, 1169, 33, '2026-03-09', 1),
(9736, 1169, 33, '2026-03-16', 0),
(9737, 1169, 33, '2026-03-23', 1),
(9738, 1169, 34, '2026-03-02', 1),
(9739, 1169, 34, '2026-03-09', 1),
(9740, 1169, 34, '2026-03-16', 0),
(9741, 1169, 34, '2026-03-23', 1),
(9742, 1169, 35, '2026-03-02', 1),
(9743, 1169, 35, '2026-03-09', 1),
(9744, 1169, 35, '2026-03-16', 0),
(9745, 1169, 35, '2026-03-23', 1),
(9746, 1169, 36, '2026-03-02', 1),
(9747, 1169, 36, '2026-03-09', 1),
(9748, 1169, 36, '2026-03-16', 0),
(9749, 1169, 36, '2026-03-23', 1),
(9750, 1169, 37, '2026-03-02', 1),
(9751, 1169, 37, '2026-03-09', 1),
(9752, 1169, 37, '2026-03-16', 0),
(9753, 1169, 37, '2026-03-23', 1),
(9754, 1169, 38, '2026-03-02', 1),
(9755, 1169, 38, '2026-03-09', 1),
(9756, 1169, 38, '2026-03-16', 0),
(9757, 1169, 38, '2026-03-23', 1),
(9758, 1169, 39, '2026-03-02', 1),
(9759, 1169, 39, '2026-03-09', 1),
(9760, 1169, 39, '2026-03-16', 0),
(9761, 1169, 39, '2026-03-23', 1),
(9762, 1169, 40, '2026-03-02', 1),
(9763, 1169, 40, '2026-03-09', 1),
(9764, 1169, 40, '2026-03-16', 0),
(9765, 1169, 40, '2026-03-23', 1),
(9766, 1170, 31, '2026-03-02', 1),
(9767, 1170, 31, '2026-03-09', 1),
(9768, 1170, 31, '2026-03-16', 0),
(9769, 1170, 31, '2026-03-23', 1),
(9770, 1170, 32, '2026-03-02', 1),
(9771, 1170, 32, '2026-03-09', 1),
(9772, 1170, 32, '2026-03-16', 0),
(9773, 1170, 32, '2026-03-23', 1),
(9774, 1170, 33, '2026-03-02', 1),
(9775, 1170, 33, '2026-03-09', 1),
(9776, 1170, 33, '2026-03-16', 0),
(9777, 1170, 33, '2026-03-23', 1),
(9778, 1170, 34, '2026-03-02', 1),
(9779, 1170, 34, '2026-03-09', 1),
(9780, 1170, 34, '2026-03-16', 0),
(9781, 1170, 34, '2026-03-23', 1),
(9782, 1170, 35, '2026-03-02', 1),
(9783, 1170, 35, '2026-03-09', 1),
(9784, 1170, 35, '2026-03-16', 0),
(9785, 1170, 35, '2026-03-23', 1),
(9786, 1170, 36, '2026-03-02', 1),
(9787, 1170, 36, '2026-03-09', 1),
(9788, 1170, 36, '2026-03-16', 0),
(9789, 1170, 36, '2026-03-23', 1),
(9790, 1170, 37, '2026-03-02', 1),
(9791, 1170, 37, '2026-03-09', 1),
(9792, 1170, 37, '2026-03-16', 0),
(9793, 1170, 37, '2026-03-23', 1),
(9794, 1170, 38, '2026-03-02', 1),
(9795, 1170, 38, '2026-03-09', 1),
(9796, 1170, 38, '2026-03-16', 0),
(9797, 1170, 38, '2026-03-23', 1),
(9798, 1170, 39, '2026-03-02', 1),
(9799, 1170, 39, '2026-03-09', 1),
(9800, 1170, 39, '2026-03-16', 0),
(9801, 1170, 39, '2026-03-23', 1),
(9802, 1170, 40, '2026-03-02', 1),
(9803, 1170, 40, '2026-03-09', 1),
(9804, 1170, 40, '2026-03-16', 0),
(9805, 1170, 40, '2026-03-23', 1),
(9806, 1171, 31, '2026-03-02', 1),
(9807, 1171, 31, '2026-03-09', 1),
(9808, 1171, 31, '2026-03-16', 0),
(9809, 1171, 31, '2026-03-23', 1),
(9810, 1171, 32, '2026-03-02', 1),
(9811, 1171, 32, '2026-03-09', 1),
(9812, 1171, 32, '2026-03-16', 0),
(9813, 1171, 32, '2026-03-23', 1),
(9814, 1171, 33, '2026-03-02', 1),
(9815, 1171, 33, '2026-03-09', 1),
(9816, 1171, 33, '2026-03-16', 0),
(9817, 1171, 33, '2026-03-23', 1),
(9818, 1171, 34, '2026-03-02', 1),
(9819, 1171, 34, '2026-03-09', 1),
(9820, 1171, 34, '2026-03-16', 0),
(9821, 1171, 34, '2026-03-23', 1),
(9822, 1171, 35, '2026-03-02', 1),
(9823, 1171, 35, '2026-03-09', 1),
(9824, 1171, 35, '2026-03-16', 0),
(9825, 1171, 35, '2026-03-23', 1),
(9826, 1171, 36, '2026-03-02', 1),
(9827, 1171, 36, '2026-03-09', 1),
(9828, 1171, 36, '2026-03-16', 0),
(9829, 1171, 36, '2026-03-23', 1),
(9830, 1171, 37, '2026-03-02', 1),
(9831, 1171, 37, '2026-03-09', 1),
(9832, 1171, 37, '2026-03-16', 0),
(9833, 1171, 37, '2026-03-23', 1),
(9834, 1171, 38, '2026-03-02', 1),
(9835, 1171, 38, '2026-03-09', 1),
(9836, 1171, 38, '2026-03-16', 0),
(9837, 1171, 38, '2026-03-23', 1),
(9838, 1171, 39, '2026-03-02', 1),
(9839, 1171, 39, '2026-03-09', 1),
(9840, 1171, 39, '2026-03-16', 0),
(9841, 1171, 39, '2026-03-23', 1),
(9842, 1171, 40, '2026-03-02', 1),
(9843, 1171, 40, '2026-03-09', 1),
(9844, 1171, 40, '2026-03-16', 0),
(9845, 1171, 40, '2026-03-23', 1),
(9846, 1172, 31, '2026-03-02', 1),
(9847, 1172, 31, '2026-03-09', 1),
(9848, 1172, 31, '2026-03-16', 0),
(9849, 1172, 31, '2026-03-23', 1),
(9850, 1172, 32, '2026-03-02', 1),
(9851, 1172, 32, '2026-03-09', 1),
(9852, 1172, 32, '2026-03-16', 0),
(9853, 1172, 32, '2026-03-23', 1),
(9854, 1172, 33, '2026-03-02', 1),
(9855, 1172, 33, '2026-03-09', 1),
(9856, 1172, 33, '2026-03-16', 0),
(9857, 1172, 33, '2026-03-23', 1),
(9858, 1172, 34, '2026-03-02', 1),
(9859, 1172, 34, '2026-03-09', 1),
(9860, 1172, 34, '2026-03-16', 0),
(9861, 1172, 34, '2026-03-23', 1),
(9862, 1172, 35, '2026-03-02', 1),
(9863, 1172, 35, '2026-03-09', 1),
(9864, 1172, 35, '2026-03-16', 0),
(9865, 1172, 35, '2026-03-23', 1),
(9866, 1172, 36, '2026-03-02', 1),
(9867, 1172, 36, '2026-03-09', 1),
(9868, 1172, 36, '2026-03-16', 0),
(9869, 1172, 36, '2026-03-23', 1),
(9870, 1172, 37, '2026-03-02', 1),
(9871, 1172, 37, '2026-03-09', 1),
(9872, 1172, 37, '2026-03-16', 0),
(9873, 1172, 37, '2026-03-23', 1),
(9874, 1172, 38, '2026-03-02', 1),
(9875, 1172, 38, '2026-03-09', 1),
(9876, 1172, 38, '2026-03-16', 0),
(9877, 1172, 38, '2026-03-23', 1),
(9878, 1172, 39, '2026-03-02', 1),
(9879, 1172, 39, '2026-03-09', 1),
(9880, 1172, 39, '2026-03-16', 0),
(9881, 1172, 39, '2026-03-23', 1),
(9882, 1172, 40, '2026-03-02', 1),
(9883, 1172, 40, '2026-03-09', 1),
(9884, 1172, 40, '2026-03-16', 0),
(9885, 1172, 40, '2026-03-23', 1),
(9886, 1173, 31, '2026-03-02', 1),
(9887, 1173, 31, '2026-03-09', 1),
(9888, 1173, 31, '2026-03-16', 0),
(9889, 1173, 31, '2026-03-23', 1),
(9890, 1173, 32, '2026-03-02', 1),
(9891, 1173, 32, '2026-03-09', 1),
(9892, 1173, 32, '2026-03-16', 0),
(9893, 1173, 32, '2026-03-23', 1),
(9894, 1173, 33, '2026-03-02', 1),
(9895, 1173, 33, '2026-03-09', 1),
(9896, 1173, 33, '2026-03-16', 0),
(9897, 1173, 33, '2026-03-23', 1),
(9898, 1173, 34, '2026-03-02', 1),
(9899, 1173, 34, '2026-03-09', 1),
(9900, 1173, 34, '2026-03-16', 0),
(9901, 1173, 34, '2026-03-23', 1),
(9902, 1173, 35, '2026-03-02', 1),
(9903, 1173, 35, '2026-03-09', 1),
(9904, 1173, 35, '2026-03-16', 0),
(9905, 1173, 35, '2026-03-23', 1),
(9906, 1173, 36, '2026-03-02', 1),
(9907, 1173, 36, '2026-03-09', 1),
(9908, 1173, 36, '2026-03-16', 0),
(9909, 1173, 36, '2026-03-23', 1),
(9910, 1173, 37, '2026-03-02', 1),
(9911, 1173, 37, '2026-03-09', 1),
(9912, 1173, 37, '2026-03-16', 0),
(9913, 1173, 37, '2026-03-23', 1),
(9914, 1173, 38, '2026-03-02', 1),
(9915, 1173, 38, '2026-03-09', 1),
(9916, 1173, 38, '2026-03-16', 0),
(9917, 1173, 38, '2026-03-23', 1),
(9918, 1173, 39, '2026-03-02', 1),
(9919, 1173, 39, '2026-03-09', 1),
(9920, 1173, 39, '2026-03-16', 0),
(9921, 1173, 39, '2026-03-23', 1),
(9922, 1173, 40, '2026-03-02', 1),
(9923, 1173, 40, '2026-03-09', 1),
(9924, 1173, 40, '2026-03-16', 0),
(9925, 1173, 40, '2026-03-23', 1),
(9926, 1174, 31, '2026-03-02', 1),
(9927, 1174, 31, '2026-03-09', 1),
(9928, 1174, 31, '2026-03-16', 0),
(9929, 1174, 31, '2026-03-23', 1),
(9930, 1174, 32, '2026-03-02', 1),
(9931, 1174, 32, '2026-03-09', 1),
(9932, 1174, 32, '2026-03-16', 0),
(9933, 1174, 32, '2026-03-23', 1),
(9934, 1174, 33, '2026-03-02', 1),
(9935, 1174, 33, '2026-03-09', 1),
(9936, 1174, 33, '2026-03-16', 0),
(9937, 1174, 33, '2026-03-23', 1),
(9938, 1174, 34, '2026-03-02', 1),
(9939, 1174, 34, '2026-03-09', 1),
(9940, 1174, 34, '2026-03-16', 0),
(9941, 1174, 34, '2026-03-23', 1),
(9942, 1174, 35, '2026-03-02', 1),
(9943, 1174, 35, '2026-03-09', 1),
(9944, 1174, 35, '2026-03-16', 0),
(9945, 1174, 35, '2026-03-23', 1),
(9946, 1174, 36, '2026-03-02', 1),
(9947, 1174, 36, '2026-03-09', 1),
(9948, 1174, 36, '2026-03-16', 0),
(9949, 1174, 36, '2026-03-23', 1),
(9950, 1174, 37, '2026-03-02', 1),
(9951, 1174, 37, '2026-03-09', 1),
(9952, 1174, 37, '2026-03-16', 0),
(9953, 1174, 37, '2026-03-23', 1),
(9954, 1174, 38, '2026-03-02', 1),
(9955, 1174, 38, '2026-03-09', 1),
(9956, 1174, 38, '2026-03-16', 0),
(9957, 1174, 38, '2026-03-23', 1),
(9958, 1174, 39, '2026-03-02', 1),
(9959, 1174, 39, '2026-03-09', 1),
(9960, 1174, 39, '2026-03-16', 0),
(9961, 1174, 39, '2026-03-23', 1),
(9962, 1174, 40, '2026-03-02', 1),
(9963, 1174, 40, '2026-03-09', 1),
(9964, 1174, 40, '2026-03-16', 0),
(9965, 1174, 40, '2026-03-23', 1),
(9966, 1175, 31, '2026-03-02', 1),
(9967, 1175, 31, '2026-03-09', 1),
(9968, 1175, 31, '2026-03-16', 0),
(9969, 1175, 31, '2026-03-23', 1),
(9970, 1175, 32, '2026-03-02', 1),
(9971, 1175, 32, '2026-03-09', 1),
(9972, 1175, 32, '2026-03-16', 0),
(9973, 1175, 32, '2026-03-23', 1),
(9974, 1175, 33, '2026-03-02', 1),
(9975, 1175, 33, '2026-03-09', 1),
(9976, 1175, 33, '2026-03-16', 0),
(9977, 1175, 33, '2026-03-23', 1),
(9978, 1175, 34, '2026-03-02', 1),
(9979, 1175, 34, '2026-03-09', 1),
(9980, 1175, 34, '2026-03-16', 0),
(9981, 1175, 34, '2026-03-23', 1),
(9982, 1175, 35, '2026-03-02', 1),
(9983, 1175, 35, '2026-03-09', 1),
(9984, 1175, 35, '2026-03-16', 0),
(9985, 1175, 35, '2026-03-23', 1),
(9986, 1175, 36, '2026-03-02', 1),
(9987, 1175, 36, '2026-03-09', 1),
(9988, 1175, 36, '2026-03-16', 0),
(9989, 1175, 36, '2026-03-23', 1),
(9990, 1175, 37, '2026-03-02', 1),
(9991, 1175, 37, '2026-03-09', 1),
(9992, 1175, 37, '2026-03-16', 0),
(9993, 1175, 37, '2026-03-23', 1),
(9994, 1175, 38, '2026-03-02', 1),
(9995, 1175, 38, '2026-03-09', 1),
(9996, 1175, 38, '2026-03-16', 0),
(9997, 1175, 38, '2026-03-23', 1),
(9998, 1175, 39, '2026-03-02', 1),
(9999, 1175, 39, '2026-03-09', 1),
(10000, 1175, 39, '2026-03-16', 0),
(10001, 1175, 39, '2026-03-23', 1),
(10002, 1175, 40, '2026-03-02', 1),
(10003, 1175, 40, '2026-03-09', 1),
(10004, 1175, 40, '2026-03-16', 0),
(10005, 1175, 40, '2026-03-23', 1),
(10006, 1176, 31, '2026-03-02', 1),
(10007, 1176, 31, '2026-03-09', 1),
(10008, 1176, 31, '2026-03-16', 0),
(10009, 1176, 31, '2026-03-23', 1),
(10010, 1176, 32, '2026-03-02', 1),
(10011, 1176, 32, '2026-03-09', 1),
(10012, 1176, 32, '2026-03-16', 0),
(10013, 1176, 32, '2026-03-23', 1),
(10014, 1176, 33, '2026-03-02', 1),
(10015, 1176, 33, '2026-03-09', 1),
(10016, 1176, 33, '2026-03-16', 0),
(10017, 1176, 33, '2026-03-23', 1),
(10018, 1176, 34, '2026-03-02', 1),
(10019, 1176, 34, '2026-03-09', 1),
(10020, 1176, 34, '2026-03-16', 0),
(10021, 1176, 34, '2026-03-23', 1),
(10022, 1176, 35, '2026-03-02', 1),
(10023, 1176, 35, '2026-03-09', 1),
(10024, 1176, 35, '2026-03-16', 0),
(10025, 1176, 35, '2026-03-23', 1),
(10026, 1176, 36, '2026-03-02', 1),
(10027, 1176, 36, '2026-03-09', 1),
(10028, 1176, 36, '2026-03-16', 0),
(10029, 1176, 36, '2026-03-23', 1),
(10030, 1176, 37, '2026-03-02', 1),
(10031, 1176, 37, '2026-03-09', 1),
(10032, 1176, 37, '2026-03-16', 0),
(10033, 1176, 37, '2026-03-23', 1),
(10034, 1176, 38, '2026-03-02', 1),
(10035, 1176, 38, '2026-03-09', 1),
(10036, 1176, 38, '2026-03-16', 0),
(10037, 1176, 38, '2026-03-23', 1),
(10038, 1176, 39, '2026-03-02', 1),
(10039, 1176, 39, '2026-03-09', 1),
(10040, 1176, 39, '2026-03-16', 0),
(10041, 1176, 39, '2026-03-23', 1),
(10042, 1176, 40, '2026-03-02', 1),
(10043, 1176, 40, '2026-03-09', 1),
(10044, 1176, 40, '2026-03-16', 0),
(10045, 1176, 40, '2026-03-23', 1),
(10046, 1177, 31, '2026-03-02', 1),
(10047, 1177, 31, '2026-03-09', 1),
(10048, 1177, 31, '2026-03-16', 0),
(10049, 1177, 31, '2026-03-23', 1),
(10050, 1177, 32, '2026-03-02', 1),
(10051, 1177, 32, '2026-03-09', 1),
(10052, 1177, 32, '2026-03-16', 0),
(10053, 1177, 32, '2026-03-23', 1),
(10054, 1177, 33, '2026-03-02', 1),
(10055, 1177, 33, '2026-03-09', 1),
(10056, 1177, 33, '2026-03-16', 0),
(10057, 1177, 33, '2026-03-23', 1),
(10058, 1177, 34, '2026-03-02', 1),
(10059, 1177, 34, '2026-03-09', 1),
(10060, 1177, 34, '2026-03-16', 0),
(10061, 1177, 34, '2026-03-23', 1),
(10062, 1177, 35, '2026-03-02', 1),
(10063, 1177, 35, '2026-03-09', 1),
(10064, 1177, 35, '2026-03-16', 0),
(10065, 1177, 35, '2026-03-23', 1),
(10066, 1177, 36, '2026-03-02', 1),
(10067, 1177, 36, '2026-03-09', 1),
(10068, 1177, 36, '2026-03-16', 0),
(10069, 1177, 36, '2026-03-23', 1),
(10070, 1177, 37, '2026-03-02', 1),
(10071, 1177, 37, '2026-03-09', 1),
(10072, 1177, 37, '2026-03-16', 0),
(10073, 1177, 37, '2026-03-23', 1),
(10074, 1177, 38, '2026-03-02', 1),
(10075, 1177, 38, '2026-03-09', 1),
(10076, 1177, 38, '2026-03-16', 0),
(10077, 1177, 38, '2026-03-23', 1),
(10078, 1177, 39, '2026-03-02', 1),
(10079, 1177, 39, '2026-03-09', 1),
(10080, 1177, 39, '2026-03-16', 0),
(10081, 1177, 39, '2026-03-23', 1),
(10082, 1177, 40, '2026-03-02', 1),
(10083, 1177, 40, '2026-03-09', 1),
(10084, 1177, 40, '2026-03-16', 0),
(10085, 1177, 40, '2026-03-23', 1),
(10086, 1178, 31, '2026-03-02', 1),
(10087, 1178, 31, '2026-03-09', 1),
(10088, 1178, 31, '2026-03-16', 0),
(10089, 1178, 31, '2026-03-23', 1),
(10090, 1178, 32, '2026-03-02', 1),
(10091, 1178, 32, '2026-03-09', 1),
(10092, 1178, 32, '2026-03-16', 0),
(10093, 1178, 32, '2026-03-23', 1),
(10094, 1178, 33, '2026-03-02', 1),
(10095, 1178, 33, '2026-03-09', 1),
(10096, 1178, 33, '2026-03-16', 0),
(10097, 1178, 33, '2026-03-23', 1),
(10098, 1178, 34, '2026-03-02', 1),
(10099, 1178, 34, '2026-03-09', 1),
(10100, 1178, 34, '2026-03-16', 0),
(10101, 1178, 34, '2026-03-23', 1),
(10102, 1178, 35, '2026-03-02', 1),
(10103, 1178, 35, '2026-03-09', 1),
(10104, 1178, 35, '2026-03-16', 0),
(10105, 1178, 35, '2026-03-23', 1),
(10106, 1178, 36, '2026-03-02', 1),
(10107, 1178, 36, '2026-03-09', 1),
(10108, 1178, 36, '2026-03-16', 0),
(10109, 1178, 36, '2026-03-23', 1),
(10110, 1178, 37, '2026-03-02', 1),
(10111, 1178, 37, '2026-03-09', 1),
(10112, 1178, 37, '2026-03-16', 0),
(10113, 1178, 37, '2026-03-23', 1),
(10114, 1178, 38, '2026-03-02', 1),
(10115, 1178, 38, '2026-03-09', 1),
(10116, 1178, 38, '2026-03-16', 0),
(10117, 1178, 38, '2026-03-23', 1),
(10118, 1178, 39, '2026-03-02', 1),
(10119, 1178, 39, '2026-03-09', 1),
(10120, 1178, 39, '2026-03-16', 0),
(10121, 1178, 39, '2026-03-23', 1),
(10122, 1178, 40, '2026-03-02', 1),
(10123, 1178, 40, '2026-03-09', 1),
(10124, 1178, 40, '2026-03-16', 0),
(10125, 1178, 40, '2026-03-23', 1),
(10126, 1179, 31, '2026-03-02', 1),
(10127, 1179, 31, '2026-03-09', 1),
(10128, 1179, 31, '2026-03-16', 0),
(10129, 1179, 31, '2026-03-23', 1),
(10130, 1179, 32, '2026-03-02', 1),
(10131, 1179, 32, '2026-03-09', 1),
(10132, 1179, 32, '2026-03-16', 0),
(10133, 1179, 32, '2026-03-23', 1),
(10134, 1179, 33, '2026-03-02', 1),
(10135, 1179, 33, '2026-03-09', 1),
(10136, 1179, 33, '2026-03-16', 0),
(10137, 1179, 33, '2026-03-23', 1),
(10138, 1179, 34, '2026-03-02', 1),
(10139, 1179, 34, '2026-03-09', 1),
(10140, 1179, 34, '2026-03-16', 0),
(10141, 1179, 34, '2026-03-23', 1),
(10142, 1179, 35, '2026-03-02', 1),
(10143, 1179, 35, '2026-03-09', 1),
(10144, 1179, 35, '2026-03-16', 0),
(10145, 1179, 35, '2026-03-23', 1),
(10146, 1179, 36, '2026-03-02', 1),
(10147, 1179, 36, '2026-03-09', 1),
(10148, 1179, 36, '2026-03-16', 0),
(10149, 1179, 36, '2026-03-23', 1),
(10150, 1179, 37, '2026-03-02', 1),
(10151, 1179, 37, '2026-03-09', 1),
(10152, 1179, 37, '2026-03-16', 0),
(10153, 1179, 37, '2026-03-23', 1),
(10154, 1179, 38, '2026-03-02', 1),
(10155, 1179, 38, '2026-03-09', 1),
(10156, 1179, 38, '2026-03-16', 0),
(10157, 1179, 38, '2026-03-23', 1),
(10158, 1179, 39, '2026-03-02', 1),
(10159, 1179, 39, '2026-03-09', 1),
(10160, 1179, 39, '2026-03-16', 0),
(10161, 1179, 39, '2026-03-23', 1),
(10162, 1179, 40, '2026-03-02', 1),
(10163, 1179, 40, '2026-03-09', 1),
(10164, 1179, 40, '2026-03-16', 0),
(10165, 1179, 40, '2026-03-23', 1),
(10166, 1180, 31, '2026-03-02', 1),
(10167, 1180, 31, '2026-03-09', 1),
(10168, 1180, 31, '2026-03-16', 0),
(10169, 1180, 31, '2026-03-23', 1),
(10170, 1180, 32, '2026-03-02', 1),
(10171, 1180, 32, '2026-03-09', 1),
(10172, 1180, 32, '2026-03-16', 0),
(10173, 1180, 32, '2026-03-23', 1),
(10174, 1180, 33, '2026-03-02', 1),
(10175, 1180, 33, '2026-03-09', 1),
(10176, 1180, 33, '2026-03-16', 0),
(10177, 1180, 33, '2026-03-23', 1),
(10178, 1180, 34, '2026-03-02', 1),
(10179, 1180, 34, '2026-03-09', 1),
(10180, 1180, 34, '2026-03-16', 0),
(10181, 1180, 34, '2026-03-23', 1),
(10182, 1180, 35, '2026-03-02', 1),
(10183, 1180, 35, '2026-03-09', 1),
(10184, 1180, 35, '2026-03-16', 0),
(10185, 1180, 35, '2026-03-23', 1),
(10186, 1180, 36, '2026-03-02', 1),
(10187, 1180, 36, '2026-03-09', 1),
(10188, 1180, 36, '2026-03-16', 0),
(10189, 1180, 36, '2026-03-23', 1),
(10190, 1180, 37, '2026-03-02', 1),
(10191, 1180, 37, '2026-03-09', 1),
(10192, 1180, 37, '2026-03-16', 0),
(10193, 1180, 37, '2026-03-23', 1),
(10194, 1180, 38, '2026-03-02', 1),
(10195, 1180, 38, '2026-03-09', 1),
(10196, 1180, 38, '2026-03-16', 0),
(10197, 1180, 38, '2026-03-23', 1),
(10198, 1180, 39, '2026-03-02', 1),
(10199, 1180, 39, '2026-03-09', 1),
(10200, 1180, 39, '2026-03-16', 0),
(10201, 1180, 39, '2026-03-23', 1),
(10202, 1180, 40, '2026-03-02', 1),
(10203, 1180, 40, '2026-03-09', 1),
(10204, 1180, 40, '2026-03-16', 0),
(10205, 1180, 40, '2026-03-23', 1),
(10206, 1181, 31, '2026-03-02', 1),
(10207, 1181, 31, '2026-03-09', 1),
(10208, 1181, 31, '2026-03-16', 0),
(10209, 1181, 31, '2026-03-23', 1),
(10210, 1181, 32, '2026-03-02', 1),
(10211, 1181, 32, '2026-03-09', 1),
(10212, 1181, 32, '2026-03-16', 0),
(10213, 1181, 32, '2026-03-23', 1),
(10214, 1181, 33, '2026-03-02', 1),
(10215, 1181, 33, '2026-03-09', 1),
(10216, 1181, 33, '2026-03-16', 0),
(10217, 1181, 33, '2026-03-23', 1),
(10218, 1181, 34, '2026-03-02', 1),
(10219, 1181, 34, '2026-03-09', 1),
(10220, 1181, 34, '2026-03-16', 0),
(10221, 1181, 34, '2026-03-23', 1),
(10222, 1181, 35, '2026-03-02', 1),
(10223, 1181, 35, '2026-03-09', 1),
(10224, 1181, 35, '2026-03-16', 0),
(10225, 1181, 35, '2026-03-23', 1),
(10226, 1181, 36, '2026-03-02', 1),
(10227, 1181, 36, '2026-03-09', 1),
(10228, 1181, 36, '2026-03-16', 0),
(10229, 1181, 36, '2026-03-23', 1),
(10230, 1181, 37, '2026-03-02', 1),
(10231, 1181, 37, '2026-03-09', 1),
(10232, 1181, 37, '2026-03-16', 0),
(10233, 1181, 37, '2026-03-23', 1),
(10234, 1181, 38, '2026-03-02', 1),
(10235, 1181, 38, '2026-03-09', 1),
(10236, 1181, 38, '2026-03-16', 0),
(10237, 1181, 38, '2026-03-23', 1),
(10238, 1181, 39, '2026-03-02', 1),
(10239, 1181, 39, '2026-03-09', 1),
(10240, 1181, 39, '2026-03-16', 0),
(10241, 1181, 39, '2026-03-23', 1),
(10242, 1181, 40, '2026-03-02', 1),
(10243, 1181, 40, '2026-03-09', 1),
(10244, 1181, 40, '2026-03-16', 0),
(10245, 1181, 40, '2026-03-23', 1),
(10246, 1182, 31, '2026-03-02', 1),
(10247, 1182, 31, '2026-03-09', 1),
(10248, 1182, 31, '2026-03-16', 0),
(10249, 1182, 31, '2026-03-23', 1),
(10250, 1182, 32, '2026-03-02', 1),
(10251, 1182, 32, '2026-03-09', 1),
(10252, 1182, 32, '2026-03-16', 0),
(10253, 1182, 32, '2026-03-23', 1),
(10254, 1182, 33, '2026-03-02', 1),
(10255, 1182, 33, '2026-03-09', 1),
(10256, 1182, 33, '2026-03-16', 0),
(10257, 1182, 33, '2026-03-23', 1),
(10258, 1182, 34, '2026-03-02', 1),
(10259, 1182, 34, '2026-03-09', 1),
(10260, 1182, 34, '2026-03-16', 0),
(10261, 1182, 34, '2026-03-23', 1),
(10262, 1182, 35, '2026-03-02', 1),
(10263, 1182, 35, '2026-03-09', 1),
(10264, 1182, 35, '2026-03-16', 0),
(10265, 1182, 35, '2026-03-23', 1),
(10266, 1182, 36, '2026-03-02', 1),
(10267, 1182, 36, '2026-03-09', 1),
(10268, 1182, 36, '2026-03-16', 0),
(10269, 1182, 36, '2026-03-23', 1),
(10270, 1182, 37, '2026-03-02', 1),
(10271, 1182, 37, '2026-03-09', 1),
(10272, 1182, 37, '2026-03-16', 0),
(10273, 1182, 37, '2026-03-23', 1),
(10274, 1182, 38, '2026-03-02', 1),
(10275, 1182, 38, '2026-03-09', 1),
(10276, 1182, 38, '2026-03-16', 0),
(10277, 1182, 38, '2026-03-23', 1),
(10278, 1182, 39, '2026-03-02', 1),
(10279, 1182, 39, '2026-03-09', 1),
(10280, 1182, 39, '2026-03-16', 0),
(10281, 1182, 39, '2026-03-23', 1),
(10282, 1182, 40, '2026-03-02', 1),
(10283, 1182, 40, '2026-03-09', 1),
(10284, 1182, 40, '2026-03-16', 0),
(10285, 1182, 40, '2026-03-23', 1),
(10286, 1183, 31, '2026-03-02', 1),
(10287, 1183, 31, '2026-03-09', 1),
(10288, 1183, 31, '2026-03-16', 0),
(10289, 1183, 31, '2026-03-23', 1),
(10290, 1183, 32, '2026-03-02', 1),
(10291, 1183, 32, '2026-03-09', 1),
(10292, 1183, 32, '2026-03-16', 0),
(10293, 1183, 32, '2026-03-23', 1),
(10294, 1183, 33, '2026-03-02', 1),
(10295, 1183, 33, '2026-03-09', 1),
(10296, 1183, 33, '2026-03-16', 0),
(10297, 1183, 33, '2026-03-23', 1),
(10298, 1183, 34, '2026-03-02', 1),
(10299, 1183, 34, '2026-03-09', 1),
(10300, 1183, 34, '2026-03-16', 0),
(10301, 1183, 34, '2026-03-23', 1),
(10302, 1183, 35, '2026-03-02', 1),
(10303, 1183, 35, '2026-03-09', 1),
(10304, 1183, 35, '2026-03-16', 0),
(10305, 1183, 35, '2026-03-23', 1),
(10306, 1183, 36, '2026-03-02', 1),
(10307, 1183, 36, '2026-03-09', 1),
(10308, 1183, 36, '2026-03-16', 0),
(10309, 1183, 36, '2026-03-23', 1),
(10310, 1183, 37, '2026-03-02', 1),
(10311, 1183, 37, '2026-03-09', 1),
(10312, 1183, 37, '2026-03-16', 0),
(10313, 1183, 37, '2026-03-23', 1),
(10314, 1183, 38, '2026-03-02', 1),
(10315, 1183, 38, '2026-03-09', 1),
(10316, 1183, 38, '2026-03-16', 0),
(10317, 1183, 38, '2026-03-23', 1),
(10318, 1183, 39, '2026-03-02', 1),
(10319, 1183, 39, '2026-03-09', 1),
(10320, 1183, 39, '2026-03-16', 0),
(10321, 1183, 39, '2026-03-23', 1),
(10322, 1183, 40, '2026-03-02', 1),
(10323, 1183, 40, '2026-03-09', 1),
(10324, 1183, 40, '2026-03-16', 0),
(10325, 1183, 40, '2026-03-23', 1),
(10326, 1184, 31, '2026-03-02', 1),
(10327, 1184, 31, '2026-03-09', 1),
(10328, 1184, 31, '2026-03-16', 0),
(10329, 1184, 31, '2026-03-23', 1),
(10330, 1184, 32, '2026-03-02', 1),
(10331, 1184, 32, '2026-03-09', 1),
(10332, 1184, 32, '2026-03-16', 0),
(10333, 1184, 32, '2026-03-23', 1),
(10334, 1184, 33, '2026-03-02', 1),
(10335, 1184, 33, '2026-03-09', 1),
(10336, 1184, 33, '2026-03-16', 0),
(10337, 1184, 33, '2026-03-23', 1),
(10338, 1184, 34, '2026-03-02', 1),
(10339, 1184, 34, '2026-03-09', 1),
(10340, 1184, 34, '2026-03-16', 0),
(10341, 1184, 34, '2026-03-23', 1),
(10342, 1184, 35, '2026-03-02', 1),
(10343, 1184, 35, '2026-03-09', 1),
(10344, 1184, 35, '2026-03-16', 0),
(10345, 1184, 35, '2026-03-23', 1),
(10346, 1184, 36, '2026-03-02', 1),
(10347, 1184, 36, '2026-03-09', 1),
(10348, 1184, 36, '2026-03-16', 0),
(10349, 1184, 36, '2026-03-23', 1),
(10350, 1184, 37, '2026-03-02', 1),
(10351, 1184, 37, '2026-03-09', 1),
(10352, 1184, 37, '2026-03-16', 0),
(10353, 1184, 37, '2026-03-23', 1),
(10354, 1184, 38, '2026-03-02', 1),
(10355, 1184, 38, '2026-03-09', 1),
(10356, 1184, 38, '2026-03-16', 0),
(10357, 1184, 38, '2026-03-23', 1),
(10358, 1184, 39, '2026-03-02', 1),
(10359, 1184, 39, '2026-03-09', 1),
(10360, 1184, 39, '2026-03-16', 0),
(10361, 1184, 39, '2026-03-23', 1),
(10362, 1184, 40, '2026-03-02', 1),
(10363, 1184, 40, '2026-03-09', 1),
(10364, 1184, 40, '2026-03-16', 0),
(10365, 1184, 40, '2026-03-23', 1),
(10366, 1185, 31, '2026-03-02', 1),
(10367, 1185, 31, '2026-03-09', 1),
(10368, 1185, 31, '2026-03-16', 0),
(10369, 1185, 31, '2026-03-23', 1),
(10370, 1185, 32, '2026-03-02', 1),
(10371, 1185, 32, '2026-03-09', 1),
(10372, 1185, 32, '2026-03-16', 0),
(10373, 1185, 32, '2026-03-23', 1),
(10374, 1185, 33, '2026-03-02', 1),
(10375, 1185, 33, '2026-03-09', 1),
(10376, 1185, 33, '2026-03-16', 0),
(10377, 1185, 33, '2026-03-23', 1),
(10378, 1185, 34, '2026-03-02', 1),
(10379, 1185, 34, '2026-03-09', 1),
(10380, 1185, 34, '2026-03-16', 0),
(10381, 1185, 34, '2026-03-23', 1),
(10382, 1185, 35, '2026-03-02', 1),
(10383, 1185, 35, '2026-03-09', 1),
(10384, 1185, 35, '2026-03-16', 0),
(10385, 1185, 35, '2026-03-23', 1),
(10386, 1185, 36, '2026-03-02', 1),
(10387, 1185, 36, '2026-03-09', 1),
(10388, 1185, 36, '2026-03-16', 0),
(10389, 1185, 36, '2026-03-23', 1),
(10390, 1185, 37, '2026-03-02', 1),
(10391, 1185, 37, '2026-03-09', 1),
(10392, 1185, 37, '2026-03-16', 0),
(10393, 1185, 37, '2026-03-23', 1),
(10394, 1185, 38, '2026-03-02', 1),
(10395, 1185, 38, '2026-03-09', 1),
(10396, 1185, 38, '2026-03-16', 0),
(10397, 1185, 38, '2026-03-23', 1),
(10398, 1185, 39, '2026-03-02', 1),
(10399, 1185, 39, '2026-03-09', 1),
(10400, 1185, 39, '2026-03-16', 0),
(10401, 1185, 39, '2026-03-23', 1),
(10402, 1185, 40, '2026-03-02', 1),
(10403, 1185, 40, '2026-03-09', 1),
(10404, 1185, 40, '2026-03-16', 0),
(10405, 1185, 40, '2026-03-23', 1),
(10406, 1186, 31, '2026-03-02', 1),
(10407, 1186, 31, '2026-03-09', 1),
(10408, 1186, 31, '2026-03-16', 0),
(10409, 1186, 31, '2026-03-23', 1),
(10410, 1186, 32, '2026-03-02', 1),
(10411, 1186, 32, '2026-03-09', 1),
(10412, 1186, 32, '2026-03-16', 0),
(10413, 1186, 32, '2026-03-23', 1),
(10414, 1186, 33, '2026-03-02', 1),
(10415, 1186, 33, '2026-03-09', 1),
(10416, 1186, 33, '2026-03-16', 0),
(10417, 1186, 33, '2026-03-23', 1),
(10418, 1186, 34, '2026-03-02', 1),
(10419, 1186, 34, '2026-03-09', 1),
(10420, 1186, 34, '2026-03-16', 0),
(10421, 1186, 34, '2026-03-23', 1),
(10422, 1186, 35, '2026-03-02', 1),
(10423, 1186, 35, '2026-03-09', 1),
(10424, 1186, 35, '2026-03-16', 0),
(10425, 1186, 35, '2026-03-23', 1),
(10426, 1186, 36, '2026-03-02', 1),
(10427, 1186, 36, '2026-03-09', 1),
(10428, 1186, 36, '2026-03-16', 0),
(10429, 1186, 36, '2026-03-23', 1),
(10430, 1186, 37, '2026-03-02', 1),
(10431, 1186, 37, '2026-03-09', 1),
(10432, 1186, 37, '2026-03-16', 0),
(10433, 1186, 37, '2026-03-23', 1),
(10434, 1186, 38, '2026-03-02', 1),
(10435, 1186, 38, '2026-03-09', 1),
(10436, 1186, 38, '2026-03-16', 0),
(10437, 1186, 38, '2026-03-23', 1),
(10438, 1186, 39, '2026-03-02', 1),
(10439, 1186, 39, '2026-03-09', 1),
(10440, 1186, 39, '2026-03-16', 0),
(10441, 1186, 39, '2026-03-23', 1),
(10442, 1186, 40, '2026-03-02', 1),
(10443, 1186, 40, '2026-03-09', 1),
(10444, 1186, 40, '2026-03-16', 0),
(10445, 1186, 40, '2026-03-23', 1),
(10446, 1187, 31, '2026-03-02', 1),
(10447, 1187, 31, '2026-03-09', 1),
(10448, 1187, 31, '2026-03-16', 0),
(10449, 1187, 31, '2026-03-23', 1),
(10450, 1187, 32, '2026-03-02', 1),
(10451, 1187, 32, '2026-03-09', 1),
(10452, 1187, 32, '2026-03-16', 0),
(10453, 1187, 32, '2026-03-23', 1),
(10454, 1187, 33, '2026-03-02', 1),
(10455, 1187, 33, '2026-03-09', 1),
(10456, 1187, 33, '2026-03-16', 0),
(10457, 1187, 33, '2026-03-23', 1),
(10458, 1187, 34, '2026-03-02', 1),
(10459, 1187, 34, '2026-03-09', 1),
(10460, 1187, 34, '2026-03-16', 0),
(10461, 1187, 34, '2026-03-23', 1),
(10462, 1187, 35, '2026-03-02', 1),
(10463, 1187, 35, '2026-03-09', 1),
(10464, 1187, 35, '2026-03-16', 0),
(10465, 1187, 35, '2026-03-23', 1),
(10466, 1187, 36, '2026-03-02', 1),
(10467, 1187, 36, '2026-03-09', 1),
(10468, 1187, 36, '2026-03-16', 0),
(10469, 1187, 36, '2026-03-23', 1),
(10470, 1187, 37, '2026-03-02', 1),
(10471, 1187, 37, '2026-03-09', 1),
(10472, 1187, 37, '2026-03-16', 0),
(10473, 1187, 37, '2026-03-23', 1),
(10474, 1187, 38, '2026-03-02', 1),
(10475, 1187, 38, '2026-03-09', 1),
(10476, 1187, 38, '2026-03-16', 0),
(10477, 1187, 38, '2026-03-23', 1),
(10478, 1187, 39, '2026-03-02', 1),
(10479, 1187, 39, '2026-03-09', 1),
(10480, 1187, 39, '2026-03-16', 0),
(10481, 1187, 39, '2026-03-23', 1),
(10482, 1187, 40, '2026-03-02', 1),
(10483, 1187, 40, '2026-03-09', 1),
(10484, 1187, 40, '2026-03-16', 0),
(10485, 1187, 40, '2026-03-23', 1),
(10486, 1188, 31, '2026-03-02', 1),
(10487, 1188, 31, '2026-03-09', 1),
(10488, 1188, 31, '2026-03-16', 0),
(10489, 1188, 31, '2026-03-23', 1),
(10490, 1188, 32, '2026-03-02', 1),
(10491, 1188, 32, '2026-03-09', 1),
(10492, 1188, 32, '2026-03-16', 0),
(10493, 1188, 32, '2026-03-23', 1),
(10494, 1188, 33, '2026-03-02', 1),
(10495, 1188, 33, '2026-03-09', 1),
(10496, 1188, 33, '2026-03-16', 0),
(10497, 1188, 33, '2026-03-23', 1),
(10498, 1188, 34, '2026-03-02', 1),
(10499, 1188, 34, '2026-03-09', 1),
(10500, 1188, 34, '2026-03-16', 0),
(10501, 1188, 34, '2026-03-23', 1),
(10502, 1188, 35, '2026-03-02', 1),
(10503, 1188, 35, '2026-03-09', 1),
(10504, 1188, 35, '2026-03-16', 0),
(10505, 1188, 35, '2026-03-23', 1),
(10506, 1188, 36, '2026-03-02', 1),
(10507, 1188, 36, '2026-03-09', 1),
(10508, 1188, 36, '2026-03-16', 0),
(10509, 1188, 36, '2026-03-23', 1),
(10510, 1188, 37, '2026-03-02', 1),
(10511, 1188, 37, '2026-03-09', 1),
(10512, 1188, 37, '2026-03-16', 0),
(10513, 1188, 37, '2026-03-23', 1),
(10514, 1188, 38, '2026-03-02', 1),
(10515, 1188, 38, '2026-03-09', 1),
(10516, 1188, 38, '2026-03-16', 0),
(10517, 1188, 38, '2026-03-23', 1),
(10518, 1188, 39, '2026-03-02', 1),
(10519, 1188, 39, '2026-03-09', 1),
(10520, 1188, 39, '2026-03-16', 0),
(10521, 1188, 39, '2026-03-23', 1),
(10522, 1188, 40, '2026-03-02', 1),
(10523, 1188, 40, '2026-03-09', 1),
(10524, 1188, 40, '2026-03-16', 0),
(10525, 1188, 40, '2026-03-23', 1),
(10526, 1189, 31, '2026-03-02', 1),
(10527, 1189, 31, '2026-03-09', 1),
(10528, 1189, 31, '2026-03-16', 0),
(10529, 1189, 31, '2026-03-23', 1),
(10530, 1189, 32, '2026-03-02', 1),
(10531, 1189, 32, '2026-03-09', 1),
(10532, 1189, 32, '2026-03-16', 0),
(10533, 1189, 32, '2026-03-23', 1),
(10534, 1189, 33, '2026-03-02', 1),
(10535, 1189, 33, '2026-03-09', 1),
(10536, 1189, 33, '2026-03-16', 0),
(10537, 1189, 33, '2026-03-23', 1),
(10538, 1189, 34, '2026-03-02', 1),
(10539, 1189, 34, '2026-03-09', 1),
(10540, 1189, 34, '2026-03-16', 0),
(10541, 1189, 34, '2026-03-23', 1),
(10542, 1189, 35, '2026-03-02', 1),
(10543, 1189, 35, '2026-03-09', 1),
(10544, 1189, 35, '2026-03-16', 0),
(10545, 1189, 35, '2026-03-23', 1),
(10546, 1189, 36, '2026-03-02', 1),
(10547, 1189, 36, '2026-03-09', 1),
(10548, 1189, 36, '2026-03-16', 0),
(10549, 1189, 36, '2026-03-23', 1),
(10550, 1189, 37, '2026-03-02', 1),
(10551, 1189, 37, '2026-03-09', 1),
(10552, 1189, 37, '2026-03-16', 0),
(10553, 1189, 37, '2026-03-23', 1),
(10554, 1189, 38, '2026-03-02', 1),
(10555, 1189, 38, '2026-03-09', 1),
(10556, 1189, 38, '2026-03-16', 0),
(10557, 1189, 38, '2026-03-23', 1),
(10558, 1189, 39, '2026-03-02', 1),
(10559, 1189, 39, '2026-03-09', 1),
(10560, 1189, 39, '2026-03-16', 0),
(10561, 1189, 39, '2026-03-23', 1),
(10562, 1189, 40, '2026-03-02', 1),
(10563, 1189, 40, '2026-03-09', 1),
(10564, 1189, 40, '2026-03-16', 0),
(10565, 1189, 40, '2026-03-23', 1),
(10566, 1190, 31, '2026-03-02', 1),
(10567, 1190, 31, '2026-03-09', 1),
(10568, 1190, 31, '2026-03-16', 0),
(10569, 1190, 31, '2026-03-23', 1),
(10570, 1190, 32, '2026-03-02', 1),
(10571, 1190, 32, '2026-03-09', 1),
(10572, 1190, 32, '2026-03-16', 0),
(10573, 1190, 32, '2026-03-23', 1),
(10574, 1190, 33, '2026-03-02', 1),
(10575, 1190, 33, '2026-03-09', 1),
(10576, 1190, 33, '2026-03-16', 0),
(10577, 1190, 33, '2026-03-23', 1),
(10578, 1190, 34, '2026-03-02', 1),
(10579, 1190, 34, '2026-03-09', 1),
(10580, 1190, 34, '2026-03-16', 0),
(10581, 1190, 34, '2026-03-23', 1),
(10582, 1190, 35, '2026-03-02', 1),
(10583, 1190, 35, '2026-03-09', 1),
(10584, 1190, 35, '2026-03-16', 0),
(10585, 1190, 35, '2026-03-23', 1),
(10586, 1190, 36, '2026-03-02', 1),
(10587, 1190, 36, '2026-03-09', 1),
(10588, 1190, 36, '2026-03-16', 0),
(10589, 1190, 36, '2026-03-23', 1),
(10590, 1190, 37, '2026-03-02', 1),
(10591, 1190, 37, '2026-03-09', 1),
(10592, 1190, 37, '2026-03-16', 0),
(10593, 1190, 37, '2026-03-23', 1),
(10594, 1190, 38, '2026-03-02', 1),
(10595, 1190, 38, '2026-03-09', 1),
(10596, 1190, 38, '2026-03-16', 0),
(10597, 1190, 38, '2026-03-23', 1);
INSERT INTO `frequencia` (`id_frequencia`, `id_matricula`, `id_disciplinas`, `data_aula`, `presenca`) VALUES
(10598, 1190, 39, '2026-03-02', 1),
(10599, 1190, 39, '2026-03-09', 1),
(10600, 1190, 39, '2026-03-16', 0),
(10601, 1190, 39, '2026-03-23', 1),
(10602, 1190, 40, '2026-03-02', 1),
(10603, 1190, 40, '2026-03-09', 1),
(10604, 1190, 40, '2026-03-16', 0),
(10605, 1190, 40, '2026-03-23', 1),
(10606, 1191, 31, '2026-03-02', 1),
(10607, 1191, 31, '2026-03-09', 1),
(10608, 1191, 31, '2026-03-16', 0),
(10609, 1191, 31, '2026-03-23', 1),
(10610, 1191, 32, '2026-03-02', 1),
(10611, 1191, 32, '2026-03-09', 1),
(10612, 1191, 32, '2026-03-16', 0),
(10613, 1191, 32, '2026-03-23', 1),
(10614, 1191, 33, '2026-03-02', 1),
(10615, 1191, 33, '2026-03-09', 1),
(10616, 1191, 33, '2026-03-16', 0),
(10617, 1191, 33, '2026-03-23', 1),
(10618, 1191, 34, '2026-03-02', 1),
(10619, 1191, 34, '2026-03-09', 1),
(10620, 1191, 34, '2026-03-16', 0),
(10621, 1191, 34, '2026-03-23', 1),
(10622, 1191, 35, '2026-03-02', 1),
(10623, 1191, 35, '2026-03-09', 1),
(10624, 1191, 35, '2026-03-16', 0),
(10625, 1191, 35, '2026-03-23', 1),
(10626, 1191, 36, '2026-03-02', 1),
(10627, 1191, 36, '2026-03-09', 1),
(10628, 1191, 36, '2026-03-16', 0),
(10629, 1191, 36, '2026-03-23', 1),
(10630, 1191, 37, '2026-03-02', 1),
(10631, 1191, 37, '2026-03-09', 1),
(10632, 1191, 37, '2026-03-16', 0),
(10633, 1191, 37, '2026-03-23', 1),
(10634, 1191, 38, '2026-03-02', 1),
(10635, 1191, 38, '2026-03-09', 1),
(10636, 1191, 38, '2026-03-16', 0),
(10637, 1191, 38, '2026-03-23', 1),
(10638, 1191, 39, '2026-03-02', 1),
(10639, 1191, 39, '2026-03-09', 1),
(10640, 1191, 39, '2026-03-16', 0),
(10641, 1191, 39, '2026-03-23', 1),
(10642, 1191, 40, '2026-03-02', 1),
(10643, 1191, 40, '2026-03-09', 1),
(10644, 1191, 40, '2026-03-16', 0),
(10645, 1191, 40, '2026-03-23', 1),
(10646, 1192, 31, '2026-03-02', 1),
(10647, 1192, 31, '2026-03-09', 1),
(10648, 1192, 31, '2026-03-16', 0),
(10649, 1192, 31, '2026-03-23', 1),
(10650, 1192, 32, '2026-03-02', 1),
(10651, 1192, 32, '2026-03-09', 1),
(10652, 1192, 32, '2026-03-16', 0),
(10653, 1192, 32, '2026-03-23', 1),
(10654, 1192, 33, '2026-03-02', 1),
(10655, 1192, 33, '2026-03-09', 1),
(10656, 1192, 33, '2026-03-16', 0),
(10657, 1192, 33, '2026-03-23', 1),
(10658, 1192, 34, '2026-03-02', 1),
(10659, 1192, 34, '2026-03-09', 1),
(10660, 1192, 34, '2026-03-16', 0),
(10661, 1192, 34, '2026-03-23', 1),
(10662, 1192, 35, '2026-03-02', 1),
(10663, 1192, 35, '2026-03-09', 1),
(10664, 1192, 35, '2026-03-16', 0),
(10665, 1192, 35, '2026-03-23', 1),
(10666, 1192, 36, '2026-03-02', 1),
(10667, 1192, 36, '2026-03-09', 1),
(10668, 1192, 36, '2026-03-16', 0),
(10669, 1192, 36, '2026-03-23', 1),
(10670, 1192, 37, '2026-03-02', 1),
(10671, 1192, 37, '2026-03-09', 1),
(10672, 1192, 37, '2026-03-16', 0),
(10673, 1192, 37, '2026-03-23', 1),
(10674, 1192, 38, '2026-03-02', 1),
(10675, 1192, 38, '2026-03-09', 1),
(10676, 1192, 38, '2026-03-16', 0),
(10677, 1192, 38, '2026-03-23', 1),
(10678, 1192, 39, '2026-03-02', 1),
(10679, 1192, 39, '2026-03-09', 1),
(10680, 1192, 39, '2026-03-16', 0),
(10681, 1192, 39, '2026-03-23', 1),
(10682, 1192, 40, '2026-03-02', 1),
(10683, 1192, 40, '2026-03-09', 1),
(10684, 1192, 40, '2026-03-16', 0),
(10685, 1192, 40, '2026-03-23', 1),
(10686, 1193, 31, '2026-03-02', 1),
(10687, 1193, 31, '2026-03-09', 1),
(10688, 1193, 31, '2026-03-16', 0),
(10689, 1193, 31, '2026-03-23', 1),
(10690, 1193, 32, '2026-03-02', 1),
(10691, 1193, 32, '2026-03-09', 1),
(10692, 1193, 32, '2026-03-16', 0),
(10693, 1193, 32, '2026-03-23', 1),
(10694, 1193, 33, '2026-03-02', 1),
(10695, 1193, 33, '2026-03-09', 1),
(10696, 1193, 33, '2026-03-16', 0),
(10697, 1193, 33, '2026-03-23', 1),
(10698, 1193, 34, '2026-03-02', 1),
(10699, 1193, 34, '2026-03-09', 1),
(10700, 1193, 34, '2026-03-16', 0),
(10701, 1193, 34, '2026-03-23', 1),
(10702, 1193, 35, '2026-03-02', 1),
(10703, 1193, 35, '2026-03-09', 1),
(10704, 1193, 35, '2026-03-16', 0),
(10705, 1193, 35, '2026-03-23', 1),
(10706, 1193, 36, '2026-03-02', 1),
(10707, 1193, 36, '2026-03-09', 1),
(10708, 1193, 36, '2026-03-16', 0),
(10709, 1193, 36, '2026-03-23', 1),
(10710, 1193, 37, '2026-03-02', 1),
(10711, 1193, 37, '2026-03-09', 1),
(10712, 1193, 37, '2026-03-16', 0),
(10713, 1193, 37, '2026-03-23', 1),
(10714, 1193, 38, '2026-03-02', 1),
(10715, 1193, 38, '2026-03-09', 1),
(10716, 1193, 38, '2026-03-16', 0),
(10717, 1193, 38, '2026-03-23', 1),
(10718, 1193, 39, '2026-03-02', 1),
(10719, 1193, 39, '2026-03-09', 1),
(10720, 1193, 39, '2026-03-16', 0),
(10721, 1193, 39, '2026-03-23', 1),
(10722, 1193, 40, '2026-03-02', 1),
(10723, 1193, 40, '2026-03-09', 1),
(10724, 1193, 40, '2026-03-16', 0),
(10725, 1193, 40, '2026-03-23', 1),
(10726, 1194, 31, '2026-03-02', 1),
(10727, 1194, 31, '2026-03-09', 1),
(10728, 1194, 31, '2026-03-16', 0),
(10729, 1194, 31, '2026-03-23', 1),
(10730, 1194, 32, '2026-03-02', 1),
(10731, 1194, 32, '2026-03-09', 1),
(10732, 1194, 32, '2026-03-16', 0),
(10733, 1194, 32, '2026-03-23', 1),
(10734, 1194, 33, '2026-03-02', 1),
(10735, 1194, 33, '2026-03-09', 1),
(10736, 1194, 33, '2026-03-16', 0),
(10737, 1194, 33, '2026-03-23', 1),
(10738, 1194, 34, '2026-03-02', 1),
(10739, 1194, 34, '2026-03-09', 1),
(10740, 1194, 34, '2026-03-16', 0),
(10741, 1194, 34, '2026-03-23', 1),
(10742, 1194, 35, '2026-03-02', 1),
(10743, 1194, 35, '2026-03-09', 1),
(10744, 1194, 35, '2026-03-16', 0),
(10745, 1194, 35, '2026-03-23', 1),
(10746, 1194, 36, '2026-03-02', 1),
(10747, 1194, 36, '2026-03-09', 1),
(10748, 1194, 36, '2026-03-16', 0),
(10749, 1194, 36, '2026-03-23', 1),
(10750, 1194, 37, '2026-03-02', 1),
(10751, 1194, 37, '2026-03-09', 1),
(10752, 1194, 37, '2026-03-16', 0),
(10753, 1194, 37, '2026-03-23', 1),
(10754, 1194, 38, '2026-03-02', 1),
(10755, 1194, 38, '2026-03-09', 1),
(10756, 1194, 38, '2026-03-16', 0),
(10757, 1194, 38, '2026-03-23', 1),
(10758, 1194, 39, '2026-03-02', 1),
(10759, 1194, 39, '2026-03-09', 1),
(10760, 1194, 39, '2026-03-16', 0),
(10761, 1194, 39, '2026-03-23', 1),
(10762, 1194, 40, '2026-03-02', 1),
(10763, 1194, 40, '2026-03-09', 1),
(10764, 1194, 40, '2026-03-16', 0),
(10765, 1194, 40, '2026-03-23', 1),
(10766, 1195, 31, '2026-03-02', 1),
(10767, 1195, 31, '2026-03-09', 1),
(10768, 1195, 31, '2026-03-16', 0),
(10769, 1195, 31, '2026-03-23', 1),
(10770, 1195, 32, '2026-03-02', 1),
(10771, 1195, 32, '2026-03-09', 1),
(10772, 1195, 32, '2026-03-16', 0),
(10773, 1195, 32, '2026-03-23', 1),
(10774, 1195, 33, '2026-03-02', 1),
(10775, 1195, 33, '2026-03-09', 1),
(10776, 1195, 33, '2026-03-16', 0),
(10777, 1195, 33, '2026-03-23', 1),
(10778, 1195, 34, '2026-03-02', 1),
(10779, 1195, 34, '2026-03-09', 1),
(10780, 1195, 34, '2026-03-16', 0),
(10781, 1195, 34, '2026-03-23', 1),
(10782, 1195, 35, '2026-03-02', 1),
(10783, 1195, 35, '2026-03-09', 1),
(10784, 1195, 35, '2026-03-16', 0),
(10785, 1195, 35, '2026-03-23', 1),
(10786, 1195, 36, '2026-03-02', 1),
(10787, 1195, 36, '2026-03-09', 1),
(10788, 1195, 36, '2026-03-16', 0),
(10789, 1195, 36, '2026-03-23', 1),
(10790, 1195, 37, '2026-03-02', 1),
(10791, 1195, 37, '2026-03-09', 1),
(10792, 1195, 37, '2026-03-16', 0),
(10793, 1195, 37, '2026-03-23', 1),
(10794, 1195, 38, '2026-03-02', 1),
(10795, 1195, 38, '2026-03-09', 1),
(10796, 1195, 38, '2026-03-16', 0),
(10797, 1195, 38, '2026-03-23', 1),
(10798, 1195, 39, '2026-03-02', 1),
(10799, 1195, 39, '2026-03-09', 1),
(10800, 1195, 39, '2026-03-16', 0),
(10801, 1195, 39, '2026-03-23', 1),
(10802, 1195, 40, '2026-03-02', 1),
(10803, 1195, 40, '2026-03-09', 1),
(10804, 1195, 40, '2026-03-16', 0),
(10805, 1195, 40, '2026-03-23', 1),
(10806, 1196, 31, '2026-03-02', 1),
(10807, 1196, 31, '2026-03-09', 1),
(10808, 1196, 31, '2026-03-16', 0),
(10809, 1196, 31, '2026-03-23', 1),
(10810, 1196, 32, '2026-03-02', 1),
(10811, 1196, 32, '2026-03-09', 1),
(10812, 1196, 32, '2026-03-16', 0),
(10813, 1196, 32, '2026-03-23', 1),
(10814, 1196, 33, '2026-03-02', 1),
(10815, 1196, 33, '2026-03-09', 1),
(10816, 1196, 33, '2026-03-16', 0),
(10817, 1196, 33, '2026-03-23', 1),
(10818, 1196, 34, '2026-03-02', 1),
(10819, 1196, 34, '2026-03-09', 1),
(10820, 1196, 34, '2026-03-16', 0),
(10821, 1196, 34, '2026-03-23', 1),
(10822, 1196, 35, '2026-03-02', 1),
(10823, 1196, 35, '2026-03-09', 1),
(10824, 1196, 35, '2026-03-16', 0),
(10825, 1196, 35, '2026-03-23', 1),
(10826, 1196, 36, '2026-03-02', 1),
(10827, 1196, 36, '2026-03-09', 1),
(10828, 1196, 36, '2026-03-16', 0),
(10829, 1196, 36, '2026-03-23', 1),
(10830, 1196, 37, '2026-03-02', 1),
(10831, 1196, 37, '2026-03-09', 1),
(10832, 1196, 37, '2026-03-16', 0),
(10833, 1196, 37, '2026-03-23', 1),
(10834, 1196, 38, '2026-03-02', 1),
(10835, 1196, 38, '2026-03-09', 1),
(10836, 1196, 38, '2026-03-16', 0),
(10837, 1196, 38, '2026-03-23', 1),
(10838, 1196, 39, '2026-03-02', 1),
(10839, 1196, 39, '2026-03-09', 1),
(10840, 1196, 39, '2026-03-16', 0),
(10841, 1196, 39, '2026-03-23', 1),
(10842, 1196, 40, '2026-03-02', 1),
(10843, 1196, 40, '2026-03-09', 1),
(10844, 1196, 40, '2026-03-16', 0),
(10845, 1196, 40, '2026-03-23', 1),
(10846, 1197, 31, '2026-03-02', 1),
(10847, 1197, 31, '2026-03-09', 1),
(10848, 1197, 31, '2026-03-16', 0),
(10849, 1197, 31, '2026-03-23', 1),
(10850, 1197, 32, '2026-03-02', 1),
(10851, 1197, 32, '2026-03-09', 1),
(10852, 1197, 32, '2026-03-16', 0),
(10853, 1197, 32, '2026-03-23', 1),
(10854, 1197, 33, '2026-03-02', 1),
(10855, 1197, 33, '2026-03-09', 1),
(10856, 1197, 33, '2026-03-16', 0),
(10857, 1197, 33, '2026-03-23', 1),
(10858, 1197, 34, '2026-03-02', 1),
(10859, 1197, 34, '2026-03-09', 1),
(10860, 1197, 34, '2026-03-16', 0),
(10861, 1197, 34, '2026-03-23', 1),
(10862, 1197, 35, '2026-03-02', 1),
(10863, 1197, 35, '2026-03-09', 1),
(10864, 1197, 35, '2026-03-16', 0),
(10865, 1197, 35, '2026-03-23', 1),
(10866, 1197, 36, '2026-03-02', 1),
(10867, 1197, 36, '2026-03-09', 1),
(10868, 1197, 36, '2026-03-16', 0),
(10869, 1197, 36, '2026-03-23', 1),
(10870, 1197, 37, '2026-03-02', 1),
(10871, 1197, 37, '2026-03-09', 1),
(10872, 1197, 37, '2026-03-16', 0),
(10873, 1197, 37, '2026-03-23', 1),
(10874, 1197, 38, '2026-03-02', 1),
(10875, 1197, 38, '2026-03-09', 1),
(10876, 1197, 38, '2026-03-16', 0),
(10877, 1197, 38, '2026-03-23', 1),
(10878, 1197, 39, '2026-03-02', 1),
(10879, 1197, 39, '2026-03-09', 1),
(10880, 1197, 39, '2026-03-16', 0),
(10881, 1197, 39, '2026-03-23', 1),
(10882, 1197, 40, '2026-03-02', 1),
(10883, 1197, 40, '2026-03-09', 1),
(10884, 1197, 40, '2026-03-16', 0),
(10885, 1197, 40, '2026-03-23', 1),
(10886, 1198, 31, '2026-03-02', 1),
(10887, 1198, 31, '2026-03-09', 1),
(10888, 1198, 31, '2026-03-16', 0),
(10889, 1198, 31, '2026-03-23', 1),
(10890, 1198, 32, '2026-03-02', 1),
(10891, 1198, 32, '2026-03-09', 1),
(10892, 1198, 32, '2026-03-16', 0),
(10893, 1198, 32, '2026-03-23', 1),
(10894, 1198, 33, '2026-03-02', 1),
(10895, 1198, 33, '2026-03-09', 1),
(10896, 1198, 33, '2026-03-16', 0),
(10897, 1198, 33, '2026-03-23', 1),
(10898, 1198, 34, '2026-03-02', 1),
(10899, 1198, 34, '2026-03-09', 1),
(10900, 1198, 34, '2026-03-16', 0),
(10901, 1198, 34, '2026-03-23', 1),
(10902, 1198, 35, '2026-03-02', 1),
(10903, 1198, 35, '2026-03-09', 1),
(10904, 1198, 35, '2026-03-16', 0),
(10905, 1198, 35, '2026-03-23', 1),
(10906, 1198, 36, '2026-03-02', 1),
(10907, 1198, 36, '2026-03-09', 1),
(10908, 1198, 36, '2026-03-16', 0),
(10909, 1198, 36, '2026-03-23', 1),
(10910, 1198, 37, '2026-03-02', 1),
(10911, 1198, 37, '2026-03-09', 1),
(10912, 1198, 37, '2026-03-16', 0),
(10913, 1198, 37, '2026-03-23', 1),
(10914, 1198, 38, '2026-03-02', 1),
(10915, 1198, 38, '2026-03-09', 1),
(10916, 1198, 38, '2026-03-16', 0),
(10917, 1198, 38, '2026-03-23', 1),
(10918, 1198, 39, '2026-03-02', 1),
(10919, 1198, 39, '2026-03-09', 1),
(10920, 1198, 39, '2026-03-16', 0),
(10921, 1198, 39, '2026-03-23', 1),
(10922, 1198, 40, '2026-03-02', 1),
(10923, 1198, 40, '2026-03-09', 1),
(10924, 1198, 40, '2026-03-16', 0),
(10925, 1198, 40, '2026-03-23', 1),
(10926, 1199, 31, '2026-03-02', 1),
(10927, 1199, 31, '2026-03-09', 1),
(10928, 1199, 31, '2026-03-16', 0),
(10929, 1199, 31, '2026-03-23', 1),
(10930, 1199, 32, '2026-03-02', 1),
(10931, 1199, 32, '2026-03-09', 1),
(10932, 1199, 32, '2026-03-16', 0),
(10933, 1199, 32, '2026-03-23', 1),
(10934, 1199, 33, '2026-03-02', 1),
(10935, 1199, 33, '2026-03-09', 1),
(10936, 1199, 33, '2026-03-16', 0),
(10937, 1199, 33, '2026-03-23', 1),
(10938, 1199, 34, '2026-03-02', 1),
(10939, 1199, 34, '2026-03-09', 1),
(10940, 1199, 34, '2026-03-16', 0),
(10941, 1199, 34, '2026-03-23', 1),
(10942, 1199, 35, '2026-03-02', 1),
(10943, 1199, 35, '2026-03-09', 1),
(10944, 1199, 35, '2026-03-16', 0),
(10945, 1199, 35, '2026-03-23', 1),
(10946, 1199, 36, '2026-03-02', 1),
(10947, 1199, 36, '2026-03-09', 1),
(10948, 1199, 36, '2026-03-16', 0),
(10949, 1199, 36, '2026-03-23', 1),
(10950, 1199, 37, '2026-03-02', 1),
(10951, 1199, 37, '2026-03-09', 1),
(10952, 1199, 37, '2026-03-16', 0),
(10953, 1199, 37, '2026-03-23', 1),
(10954, 1199, 38, '2026-03-02', 1),
(10955, 1199, 38, '2026-03-09', 1),
(10956, 1199, 38, '2026-03-16', 0),
(10957, 1199, 38, '2026-03-23', 1),
(10958, 1199, 39, '2026-03-02', 1),
(10959, 1199, 39, '2026-03-09', 1),
(10960, 1199, 39, '2026-03-16', 0),
(10961, 1199, 39, '2026-03-23', 1),
(10962, 1199, 40, '2026-03-02', 1),
(10963, 1199, 40, '2026-03-09', 1),
(10964, 1199, 40, '2026-03-16', 0),
(10965, 1199, 40, '2026-03-23', 1),
(10966, 1200, 31, '2026-03-02', 1),
(10967, 1200, 31, '2026-03-09', 1),
(10968, 1200, 31, '2026-03-16', 0),
(10969, 1200, 31, '2026-03-23', 1),
(10970, 1200, 32, '2026-03-02', 1),
(10971, 1200, 32, '2026-03-09', 1),
(10972, 1200, 32, '2026-03-16', 0),
(10973, 1200, 32, '2026-03-23', 1),
(10974, 1200, 33, '2026-03-02', 1),
(10975, 1200, 33, '2026-03-09', 1),
(10976, 1200, 33, '2026-03-16', 0),
(10977, 1200, 33, '2026-03-23', 1),
(10978, 1200, 34, '2026-03-02', 1),
(10979, 1200, 34, '2026-03-09', 1),
(10980, 1200, 34, '2026-03-16', 0),
(10981, 1200, 34, '2026-03-23', 1),
(10982, 1200, 35, '2026-03-02', 1),
(10983, 1200, 35, '2026-03-09', 1),
(10984, 1200, 35, '2026-03-16', 0),
(10985, 1200, 35, '2026-03-23', 1),
(10986, 1200, 36, '2026-03-02', 1),
(10987, 1200, 36, '2026-03-09', 1),
(10988, 1200, 36, '2026-03-16', 0),
(10989, 1200, 36, '2026-03-23', 1),
(10990, 1200, 37, '2026-03-02', 1),
(10991, 1200, 37, '2026-03-09', 1),
(10992, 1200, 37, '2026-03-16', 0),
(10993, 1200, 37, '2026-03-23', 1),
(10994, 1200, 38, '2026-03-02', 1),
(10995, 1200, 38, '2026-03-09', 1),
(10996, 1200, 38, '2026-03-16', 0),
(10997, 1200, 38, '2026-03-23', 1),
(10998, 1200, 39, '2026-03-02', 1),
(10999, 1200, 39, '2026-03-09', 1),
(11000, 1200, 39, '2026-03-16', 0),
(11001, 1200, 39, '2026-03-23', 1),
(11002, 1200, 40, '2026-03-02', 1),
(11003, 1200, 40, '2026-03-09', 1),
(11004, 1200, 40, '2026-03-16', 0),
(11005, 1200, 40, '2026-03-23', 1),
(11006, 1201, 41, '2026-03-02', 1),
(11007, 1201, 41, '2026-03-09', 1),
(11008, 1201, 41, '2026-03-16', 0),
(11009, 1201, 41, '2026-03-23', 1),
(11010, 1201, 42, '2026-03-02', 1),
(11011, 1201, 42, '2026-03-09', 1),
(11012, 1201, 42, '2026-03-16', 0),
(11013, 1201, 42, '2026-03-23', 1),
(11014, 1201, 43, '2026-03-02', 1),
(11015, 1201, 43, '2026-03-09', 1),
(11016, 1201, 43, '2026-03-16', 0),
(11017, 1201, 43, '2026-03-23', 1),
(11018, 1201, 44, '2026-03-02', 1),
(11019, 1201, 44, '2026-03-09', 1),
(11020, 1201, 44, '2026-03-16', 0),
(11021, 1201, 44, '2026-03-23', 1),
(11022, 1201, 45, '2026-03-02', 1),
(11023, 1201, 45, '2026-03-09', 1),
(11024, 1201, 45, '2026-03-16', 0),
(11025, 1201, 45, '2026-03-23', 1),
(11026, 1201, 46, '2026-03-02', 1),
(11027, 1201, 46, '2026-03-09', 1),
(11028, 1201, 46, '2026-03-16', 0),
(11029, 1201, 46, '2026-03-23', 1),
(11030, 1201, 47, '2026-03-02', 1),
(11031, 1201, 47, '2026-03-09', 1),
(11032, 1201, 47, '2026-03-16', 0),
(11033, 1201, 47, '2026-03-23', 1),
(11034, 1201, 48, '2026-03-02', 1),
(11035, 1201, 48, '2026-03-09', 1),
(11036, 1201, 48, '2026-03-16', 0),
(11037, 1201, 48, '2026-03-23', 1),
(11038, 1201, 49, '2026-03-02', 1),
(11039, 1201, 49, '2026-03-09', 1),
(11040, 1201, 49, '2026-03-16', 0),
(11041, 1201, 49, '2026-03-23', 1),
(11042, 1201, 50, '2026-03-02', 1),
(11043, 1201, 50, '2026-03-09', 1),
(11044, 1201, 50, '2026-03-16', 0),
(11045, 1201, 50, '2026-03-23', 1),
(11046, 1202, 41, '2026-03-02', 1),
(11047, 1202, 41, '2026-03-09', 1),
(11048, 1202, 41, '2026-03-16', 0),
(11049, 1202, 41, '2026-03-23', 1),
(11050, 1202, 42, '2026-03-02', 1),
(11051, 1202, 42, '2026-03-09', 1),
(11052, 1202, 42, '2026-03-16', 0),
(11053, 1202, 42, '2026-03-23', 1),
(11054, 1202, 43, '2026-03-02', 1),
(11055, 1202, 43, '2026-03-09', 1),
(11056, 1202, 43, '2026-03-16', 0),
(11057, 1202, 43, '2026-03-23', 1),
(11058, 1202, 44, '2026-03-02', 1),
(11059, 1202, 44, '2026-03-09', 1),
(11060, 1202, 44, '2026-03-16', 0),
(11061, 1202, 44, '2026-03-23', 1),
(11062, 1202, 45, '2026-03-02', 1),
(11063, 1202, 45, '2026-03-09', 1),
(11064, 1202, 45, '2026-03-16', 0),
(11065, 1202, 45, '2026-03-23', 1),
(11066, 1202, 46, '2026-03-02', 1),
(11067, 1202, 46, '2026-03-09', 1),
(11068, 1202, 46, '2026-03-16', 0),
(11069, 1202, 46, '2026-03-23', 1),
(11070, 1202, 47, '2026-03-02', 1),
(11071, 1202, 47, '2026-03-09', 1),
(11072, 1202, 47, '2026-03-16', 0),
(11073, 1202, 47, '2026-03-23', 1),
(11074, 1202, 48, '2026-03-02', 1),
(11075, 1202, 48, '2026-03-09', 1),
(11076, 1202, 48, '2026-03-16', 0),
(11077, 1202, 48, '2026-03-23', 1),
(11078, 1202, 49, '2026-03-02', 1),
(11079, 1202, 49, '2026-03-09', 1),
(11080, 1202, 49, '2026-03-16', 0),
(11081, 1202, 49, '2026-03-23', 1),
(11082, 1202, 50, '2026-03-02', 1),
(11083, 1202, 50, '2026-03-09', 1),
(11084, 1202, 50, '2026-03-16', 0),
(11085, 1202, 50, '2026-03-23', 1),
(11086, 1203, 41, '2026-03-02', 1),
(11087, 1203, 41, '2026-03-09', 1),
(11088, 1203, 41, '2026-03-16', 0),
(11089, 1203, 41, '2026-03-23', 1),
(11090, 1203, 42, '2026-03-02', 1),
(11091, 1203, 42, '2026-03-09', 1),
(11092, 1203, 42, '2026-03-16', 0),
(11093, 1203, 42, '2026-03-23', 1),
(11094, 1203, 43, '2026-03-02', 1),
(11095, 1203, 43, '2026-03-09', 1),
(11096, 1203, 43, '2026-03-16', 0),
(11097, 1203, 43, '2026-03-23', 1),
(11098, 1203, 44, '2026-03-02', 1),
(11099, 1203, 44, '2026-03-09', 1),
(11100, 1203, 44, '2026-03-16', 0),
(11101, 1203, 44, '2026-03-23', 1),
(11102, 1203, 45, '2026-03-02', 1),
(11103, 1203, 45, '2026-03-09', 1),
(11104, 1203, 45, '2026-03-16', 0),
(11105, 1203, 45, '2026-03-23', 1),
(11106, 1203, 46, '2026-03-02', 1),
(11107, 1203, 46, '2026-03-09', 1),
(11108, 1203, 46, '2026-03-16', 0),
(11109, 1203, 46, '2026-03-23', 1),
(11110, 1203, 47, '2026-03-02', 1),
(11111, 1203, 47, '2026-03-09', 1),
(11112, 1203, 47, '2026-03-16', 0),
(11113, 1203, 47, '2026-03-23', 1),
(11114, 1203, 48, '2026-03-02', 1),
(11115, 1203, 48, '2026-03-09', 1),
(11116, 1203, 48, '2026-03-16', 0),
(11117, 1203, 48, '2026-03-23', 1),
(11118, 1203, 49, '2026-03-02', 1),
(11119, 1203, 49, '2026-03-09', 1),
(11120, 1203, 49, '2026-03-16', 0),
(11121, 1203, 49, '2026-03-23', 1),
(11122, 1203, 50, '2026-03-02', 1),
(11123, 1203, 50, '2026-03-09', 1),
(11124, 1203, 50, '2026-03-16', 0),
(11125, 1203, 50, '2026-03-23', 1),
(11126, 1204, 41, '2026-03-02', 1),
(11127, 1204, 41, '2026-03-09', 1),
(11128, 1204, 41, '2026-03-16', 0),
(11129, 1204, 41, '2026-03-23', 1),
(11130, 1204, 42, '2026-03-02', 1),
(11131, 1204, 42, '2026-03-09', 1),
(11132, 1204, 42, '2026-03-16', 0),
(11133, 1204, 42, '2026-03-23', 1),
(11134, 1204, 43, '2026-03-02', 1),
(11135, 1204, 43, '2026-03-09', 1),
(11136, 1204, 43, '2026-03-16', 0),
(11137, 1204, 43, '2026-03-23', 1),
(11138, 1204, 44, '2026-03-02', 1),
(11139, 1204, 44, '2026-03-09', 1),
(11140, 1204, 44, '2026-03-16', 0),
(11141, 1204, 44, '2026-03-23', 1),
(11142, 1204, 45, '2026-03-02', 1),
(11143, 1204, 45, '2026-03-09', 1),
(11144, 1204, 45, '2026-03-16', 0),
(11145, 1204, 45, '2026-03-23', 1),
(11146, 1204, 46, '2026-03-02', 1),
(11147, 1204, 46, '2026-03-09', 1),
(11148, 1204, 46, '2026-03-16', 0),
(11149, 1204, 46, '2026-03-23', 1),
(11150, 1204, 47, '2026-03-02', 1),
(11151, 1204, 47, '2026-03-09', 1),
(11152, 1204, 47, '2026-03-16', 0),
(11153, 1204, 47, '2026-03-23', 1),
(11154, 1204, 48, '2026-03-02', 1),
(11155, 1204, 48, '2026-03-09', 1),
(11156, 1204, 48, '2026-03-16', 0),
(11157, 1204, 48, '2026-03-23', 1),
(11158, 1204, 49, '2026-03-02', 1),
(11159, 1204, 49, '2026-03-09', 1),
(11160, 1204, 49, '2026-03-16', 0),
(11161, 1204, 49, '2026-03-23', 1),
(11162, 1204, 50, '2026-03-02', 1),
(11163, 1204, 50, '2026-03-09', 1),
(11164, 1204, 50, '2026-03-16', 0),
(11165, 1204, 50, '2026-03-23', 1),
(11166, 1205, 41, '2026-03-02', 1),
(11167, 1205, 41, '2026-03-09', 1),
(11168, 1205, 41, '2026-03-16', 0),
(11169, 1205, 41, '2026-03-23', 1),
(11170, 1205, 42, '2026-03-02', 1),
(11171, 1205, 42, '2026-03-09', 1),
(11172, 1205, 42, '2026-03-16', 0),
(11173, 1205, 42, '2026-03-23', 1),
(11174, 1205, 43, '2026-03-02', 1),
(11175, 1205, 43, '2026-03-09', 1),
(11176, 1205, 43, '2026-03-16', 0),
(11177, 1205, 43, '2026-03-23', 1),
(11178, 1205, 44, '2026-03-02', 1),
(11179, 1205, 44, '2026-03-09', 1),
(11180, 1205, 44, '2026-03-16', 0),
(11181, 1205, 44, '2026-03-23', 1),
(11182, 1205, 45, '2026-03-02', 1),
(11183, 1205, 45, '2026-03-09', 1),
(11184, 1205, 45, '2026-03-16', 0),
(11185, 1205, 45, '2026-03-23', 1),
(11186, 1205, 46, '2026-03-02', 1),
(11187, 1205, 46, '2026-03-09', 1),
(11188, 1205, 46, '2026-03-16', 0),
(11189, 1205, 46, '2026-03-23', 1),
(11190, 1205, 47, '2026-03-02', 1),
(11191, 1205, 47, '2026-03-09', 1),
(11192, 1205, 47, '2026-03-16', 0),
(11193, 1205, 47, '2026-03-23', 1),
(11194, 1205, 48, '2026-03-02', 1),
(11195, 1205, 48, '2026-03-09', 1),
(11196, 1205, 48, '2026-03-16', 0),
(11197, 1205, 48, '2026-03-23', 1),
(11198, 1205, 49, '2026-03-02', 1),
(11199, 1205, 49, '2026-03-09', 1),
(11200, 1205, 49, '2026-03-16', 0),
(11201, 1205, 49, '2026-03-23', 1),
(11202, 1205, 50, '2026-03-02', 1),
(11203, 1205, 50, '2026-03-09', 1),
(11204, 1205, 50, '2026-03-16', 0),
(11205, 1205, 50, '2026-03-23', 1),
(11206, 1206, 41, '2026-03-02', 1),
(11207, 1206, 41, '2026-03-09', 1),
(11208, 1206, 41, '2026-03-16', 0),
(11209, 1206, 41, '2026-03-23', 1),
(11210, 1206, 42, '2026-03-02', 1),
(11211, 1206, 42, '2026-03-09', 1),
(11212, 1206, 42, '2026-03-16', 0),
(11213, 1206, 42, '2026-03-23', 1),
(11214, 1206, 43, '2026-03-02', 1),
(11215, 1206, 43, '2026-03-09', 1),
(11216, 1206, 43, '2026-03-16', 0),
(11217, 1206, 43, '2026-03-23', 1),
(11218, 1206, 44, '2026-03-02', 1),
(11219, 1206, 44, '2026-03-09', 1),
(11220, 1206, 44, '2026-03-16', 0),
(11221, 1206, 44, '2026-03-23', 1),
(11222, 1206, 45, '2026-03-02', 1),
(11223, 1206, 45, '2026-03-09', 1),
(11224, 1206, 45, '2026-03-16', 0),
(11225, 1206, 45, '2026-03-23', 1),
(11226, 1206, 46, '2026-03-02', 1),
(11227, 1206, 46, '2026-03-09', 1),
(11228, 1206, 46, '2026-03-16', 0),
(11229, 1206, 46, '2026-03-23', 1),
(11230, 1206, 47, '2026-03-02', 1),
(11231, 1206, 47, '2026-03-09', 1),
(11232, 1206, 47, '2026-03-16', 0),
(11233, 1206, 47, '2026-03-23', 1),
(11234, 1206, 48, '2026-03-02', 1),
(11235, 1206, 48, '2026-03-09', 1),
(11236, 1206, 48, '2026-03-16', 0),
(11237, 1206, 48, '2026-03-23', 1),
(11238, 1206, 49, '2026-03-02', 1),
(11239, 1206, 49, '2026-03-09', 1),
(11240, 1206, 49, '2026-03-16', 0),
(11241, 1206, 49, '2026-03-23', 1),
(11242, 1206, 50, '2026-03-02', 1),
(11243, 1206, 50, '2026-03-09', 1),
(11244, 1206, 50, '2026-03-16', 0),
(11245, 1206, 50, '2026-03-23', 1),
(11246, 1207, 41, '2026-03-02', 1),
(11247, 1207, 41, '2026-03-09', 1),
(11248, 1207, 41, '2026-03-16', 0),
(11249, 1207, 41, '2026-03-23', 1),
(11250, 1207, 42, '2026-03-02', 1),
(11251, 1207, 42, '2026-03-09', 1),
(11252, 1207, 42, '2026-03-16', 0),
(11253, 1207, 42, '2026-03-23', 1),
(11254, 1207, 43, '2026-03-02', 1),
(11255, 1207, 43, '2026-03-09', 1),
(11256, 1207, 43, '2026-03-16', 0),
(11257, 1207, 43, '2026-03-23', 1),
(11258, 1207, 44, '2026-03-02', 1),
(11259, 1207, 44, '2026-03-09', 1),
(11260, 1207, 44, '2026-03-16', 0),
(11261, 1207, 44, '2026-03-23', 1),
(11262, 1207, 45, '2026-03-02', 1),
(11263, 1207, 45, '2026-03-09', 1),
(11264, 1207, 45, '2026-03-16', 0),
(11265, 1207, 45, '2026-03-23', 1),
(11266, 1207, 46, '2026-03-02', 1),
(11267, 1207, 46, '2026-03-09', 1),
(11268, 1207, 46, '2026-03-16', 0),
(11269, 1207, 46, '2026-03-23', 1),
(11270, 1207, 47, '2026-03-02', 1),
(11271, 1207, 47, '2026-03-09', 1),
(11272, 1207, 47, '2026-03-16', 0),
(11273, 1207, 47, '2026-03-23', 1),
(11274, 1207, 48, '2026-03-02', 1),
(11275, 1207, 48, '2026-03-09', 1),
(11276, 1207, 48, '2026-03-16', 0),
(11277, 1207, 48, '2026-03-23', 1),
(11278, 1207, 49, '2026-03-02', 1),
(11279, 1207, 49, '2026-03-09', 1),
(11280, 1207, 49, '2026-03-16', 0),
(11281, 1207, 49, '2026-03-23', 1),
(11282, 1207, 50, '2026-03-02', 1),
(11283, 1207, 50, '2026-03-09', 1),
(11284, 1207, 50, '2026-03-16', 0),
(11285, 1207, 50, '2026-03-23', 1),
(11286, 1208, 41, '2026-03-02', 1),
(11287, 1208, 41, '2026-03-09', 1),
(11288, 1208, 41, '2026-03-16', 0),
(11289, 1208, 41, '2026-03-23', 1),
(11290, 1208, 42, '2026-03-02', 1),
(11291, 1208, 42, '2026-03-09', 1),
(11292, 1208, 42, '2026-03-16', 0),
(11293, 1208, 42, '2026-03-23', 1),
(11294, 1208, 43, '2026-03-02', 1),
(11295, 1208, 43, '2026-03-09', 1),
(11296, 1208, 43, '2026-03-16', 0),
(11297, 1208, 43, '2026-03-23', 1),
(11298, 1208, 44, '2026-03-02', 1),
(11299, 1208, 44, '2026-03-09', 1),
(11300, 1208, 44, '2026-03-16', 0),
(11301, 1208, 44, '2026-03-23', 1),
(11302, 1208, 45, '2026-03-02', 1),
(11303, 1208, 45, '2026-03-09', 1),
(11304, 1208, 45, '2026-03-16', 0),
(11305, 1208, 45, '2026-03-23', 1),
(11306, 1208, 46, '2026-03-02', 1),
(11307, 1208, 46, '2026-03-09', 1),
(11308, 1208, 46, '2026-03-16', 0),
(11309, 1208, 46, '2026-03-23', 1),
(11310, 1208, 47, '2026-03-02', 1),
(11311, 1208, 47, '2026-03-09', 1),
(11312, 1208, 47, '2026-03-16', 0),
(11313, 1208, 47, '2026-03-23', 1),
(11314, 1208, 48, '2026-03-02', 1),
(11315, 1208, 48, '2026-03-09', 1),
(11316, 1208, 48, '2026-03-16', 0),
(11317, 1208, 48, '2026-03-23', 1),
(11318, 1208, 49, '2026-03-02', 1),
(11319, 1208, 49, '2026-03-09', 1),
(11320, 1208, 49, '2026-03-16', 0),
(11321, 1208, 49, '2026-03-23', 1),
(11322, 1208, 50, '2026-03-02', 1),
(11323, 1208, 50, '2026-03-09', 1),
(11324, 1208, 50, '2026-03-16', 0),
(11325, 1208, 50, '2026-03-23', 1),
(11326, 1209, 41, '2026-03-02', 1),
(11327, 1209, 41, '2026-03-09', 1),
(11328, 1209, 41, '2026-03-16', 0),
(11329, 1209, 41, '2026-03-23', 1),
(11330, 1209, 42, '2026-03-02', 1),
(11331, 1209, 42, '2026-03-09', 1),
(11332, 1209, 42, '2026-03-16', 0),
(11333, 1209, 42, '2026-03-23', 1),
(11334, 1209, 43, '2026-03-02', 1),
(11335, 1209, 43, '2026-03-09', 1),
(11336, 1209, 43, '2026-03-16', 0),
(11337, 1209, 43, '2026-03-23', 1),
(11338, 1209, 44, '2026-03-02', 1),
(11339, 1209, 44, '2026-03-09', 1),
(11340, 1209, 44, '2026-03-16', 0),
(11341, 1209, 44, '2026-03-23', 1),
(11342, 1209, 45, '2026-03-02', 1),
(11343, 1209, 45, '2026-03-09', 1),
(11344, 1209, 45, '2026-03-16', 0),
(11345, 1209, 45, '2026-03-23', 1),
(11346, 1209, 46, '2026-03-02', 1),
(11347, 1209, 46, '2026-03-09', 1),
(11348, 1209, 46, '2026-03-16', 0),
(11349, 1209, 46, '2026-03-23', 1),
(11350, 1209, 47, '2026-03-02', 1),
(11351, 1209, 47, '2026-03-09', 1),
(11352, 1209, 47, '2026-03-16', 0),
(11353, 1209, 47, '2026-03-23', 1),
(11354, 1209, 48, '2026-03-02', 1),
(11355, 1209, 48, '2026-03-09', 1),
(11356, 1209, 48, '2026-03-16', 0),
(11357, 1209, 48, '2026-03-23', 1),
(11358, 1209, 49, '2026-03-02', 1),
(11359, 1209, 49, '2026-03-09', 1),
(11360, 1209, 49, '2026-03-16', 0),
(11361, 1209, 49, '2026-03-23', 1),
(11362, 1209, 50, '2026-03-02', 1),
(11363, 1209, 50, '2026-03-09', 1),
(11364, 1209, 50, '2026-03-16', 0),
(11365, 1209, 50, '2026-03-23', 1),
(11366, 1210, 41, '2026-03-02', 1),
(11367, 1210, 41, '2026-03-09', 1),
(11368, 1210, 41, '2026-03-16', 0),
(11369, 1210, 41, '2026-03-23', 1),
(11370, 1210, 42, '2026-03-02', 1),
(11371, 1210, 42, '2026-03-09', 1),
(11372, 1210, 42, '2026-03-16', 0),
(11373, 1210, 42, '2026-03-23', 1),
(11374, 1210, 43, '2026-03-02', 1),
(11375, 1210, 43, '2026-03-09', 1),
(11376, 1210, 43, '2026-03-16', 0),
(11377, 1210, 43, '2026-03-23', 1),
(11378, 1210, 44, '2026-03-02', 1),
(11379, 1210, 44, '2026-03-09', 1),
(11380, 1210, 44, '2026-03-16', 0),
(11381, 1210, 44, '2026-03-23', 1),
(11382, 1210, 45, '2026-03-02', 1),
(11383, 1210, 45, '2026-03-09', 1),
(11384, 1210, 45, '2026-03-16', 0),
(11385, 1210, 45, '2026-03-23', 1),
(11386, 1210, 46, '2026-03-02', 1),
(11387, 1210, 46, '2026-03-09', 1),
(11388, 1210, 46, '2026-03-16', 0),
(11389, 1210, 46, '2026-03-23', 1),
(11390, 1210, 47, '2026-03-02', 1),
(11391, 1210, 47, '2026-03-09', 1),
(11392, 1210, 47, '2026-03-16', 0),
(11393, 1210, 47, '2026-03-23', 1),
(11394, 1210, 48, '2026-03-02', 1),
(11395, 1210, 48, '2026-03-09', 1),
(11396, 1210, 48, '2026-03-16', 0),
(11397, 1210, 48, '2026-03-23', 1),
(11398, 1210, 49, '2026-03-02', 1),
(11399, 1210, 49, '2026-03-09', 1),
(11400, 1210, 49, '2026-03-16', 0),
(11401, 1210, 49, '2026-03-23', 1),
(11402, 1210, 50, '2026-03-02', 1),
(11403, 1210, 50, '2026-03-09', 1),
(11404, 1210, 50, '2026-03-16', 0),
(11405, 1210, 50, '2026-03-23', 1),
(11406, 1211, 41, '2026-03-02', 1),
(11407, 1211, 41, '2026-03-09', 1),
(11408, 1211, 41, '2026-03-16', 0),
(11409, 1211, 41, '2026-03-23', 1),
(11410, 1211, 42, '2026-03-02', 1),
(11411, 1211, 42, '2026-03-09', 1),
(11412, 1211, 42, '2026-03-16', 0),
(11413, 1211, 42, '2026-03-23', 1),
(11414, 1211, 43, '2026-03-02', 1),
(11415, 1211, 43, '2026-03-09', 1),
(11416, 1211, 43, '2026-03-16', 0),
(11417, 1211, 43, '2026-03-23', 1),
(11418, 1211, 44, '2026-03-02', 1),
(11419, 1211, 44, '2026-03-09', 1),
(11420, 1211, 44, '2026-03-16', 0),
(11421, 1211, 44, '2026-03-23', 1),
(11422, 1211, 45, '2026-03-02', 1),
(11423, 1211, 45, '2026-03-09', 1),
(11424, 1211, 45, '2026-03-16', 0),
(11425, 1211, 45, '2026-03-23', 1),
(11426, 1211, 46, '2026-03-02', 1),
(11427, 1211, 46, '2026-03-09', 1),
(11428, 1211, 46, '2026-03-16', 0),
(11429, 1211, 46, '2026-03-23', 1),
(11430, 1211, 47, '2026-03-02', 1),
(11431, 1211, 47, '2026-03-09', 1),
(11432, 1211, 47, '2026-03-16', 0),
(11433, 1211, 47, '2026-03-23', 1),
(11434, 1211, 48, '2026-03-02', 1),
(11435, 1211, 48, '2026-03-09', 1),
(11436, 1211, 48, '2026-03-16', 0),
(11437, 1211, 48, '2026-03-23', 1),
(11438, 1211, 49, '2026-03-02', 1),
(11439, 1211, 49, '2026-03-09', 1),
(11440, 1211, 49, '2026-03-16', 0),
(11441, 1211, 49, '2026-03-23', 1),
(11442, 1211, 50, '2026-03-02', 1),
(11443, 1211, 50, '2026-03-09', 1),
(11444, 1211, 50, '2026-03-16', 0),
(11445, 1211, 50, '2026-03-23', 1),
(11446, 1212, 41, '2026-03-02', 1),
(11447, 1212, 41, '2026-03-09', 1),
(11448, 1212, 41, '2026-03-16', 0),
(11449, 1212, 41, '2026-03-23', 1),
(11450, 1212, 42, '2026-03-02', 1),
(11451, 1212, 42, '2026-03-09', 1),
(11452, 1212, 42, '2026-03-16', 0),
(11453, 1212, 42, '2026-03-23', 1),
(11454, 1212, 43, '2026-03-02', 1),
(11455, 1212, 43, '2026-03-09', 1),
(11456, 1212, 43, '2026-03-16', 0),
(11457, 1212, 43, '2026-03-23', 1),
(11458, 1212, 44, '2026-03-02', 1),
(11459, 1212, 44, '2026-03-09', 1),
(11460, 1212, 44, '2026-03-16', 0),
(11461, 1212, 44, '2026-03-23', 1),
(11462, 1212, 45, '2026-03-02', 1),
(11463, 1212, 45, '2026-03-09', 1),
(11464, 1212, 45, '2026-03-16', 0),
(11465, 1212, 45, '2026-03-23', 1),
(11466, 1212, 46, '2026-03-02', 1),
(11467, 1212, 46, '2026-03-09', 1),
(11468, 1212, 46, '2026-03-16', 0),
(11469, 1212, 46, '2026-03-23', 1),
(11470, 1212, 47, '2026-03-02', 1),
(11471, 1212, 47, '2026-03-09', 1),
(11472, 1212, 47, '2026-03-16', 0),
(11473, 1212, 47, '2026-03-23', 1),
(11474, 1212, 48, '2026-03-02', 1),
(11475, 1212, 48, '2026-03-09', 1),
(11476, 1212, 48, '2026-03-16', 0),
(11477, 1212, 48, '2026-03-23', 1),
(11478, 1212, 49, '2026-03-02', 1),
(11479, 1212, 49, '2026-03-09', 1),
(11480, 1212, 49, '2026-03-16', 0),
(11481, 1212, 49, '2026-03-23', 1),
(11482, 1212, 50, '2026-03-02', 1),
(11483, 1212, 50, '2026-03-09', 1),
(11484, 1212, 50, '2026-03-16', 0),
(11485, 1212, 50, '2026-03-23', 1),
(11486, 1213, 41, '2026-03-02', 1),
(11487, 1213, 41, '2026-03-09', 1),
(11488, 1213, 41, '2026-03-16', 0),
(11489, 1213, 41, '2026-03-23', 1),
(11490, 1213, 42, '2026-03-02', 1),
(11491, 1213, 42, '2026-03-09', 1),
(11492, 1213, 42, '2026-03-16', 0),
(11493, 1213, 42, '2026-03-23', 1),
(11494, 1213, 43, '2026-03-02', 1),
(11495, 1213, 43, '2026-03-09', 1),
(11496, 1213, 43, '2026-03-16', 0),
(11497, 1213, 43, '2026-03-23', 1),
(11498, 1213, 44, '2026-03-02', 1),
(11499, 1213, 44, '2026-03-09', 1),
(11500, 1213, 44, '2026-03-16', 0),
(11501, 1213, 44, '2026-03-23', 1),
(11502, 1213, 45, '2026-03-02', 1),
(11503, 1213, 45, '2026-03-09', 1),
(11504, 1213, 45, '2026-03-16', 0),
(11505, 1213, 45, '2026-03-23', 1),
(11506, 1213, 46, '2026-03-02', 1),
(11507, 1213, 46, '2026-03-09', 1),
(11508, 1213, 46, '2026-03-16', 0),
(11509, 1213, 46, '2026-03-23', 1),
(11510, 1213, 47, '2026-03-02', 1),
(11511, 1213, 47, '2026-03-09', 1),
(11512, 1213, 47, '2026-03-16', 0),
(11513, 1213, 47, '2026-03-23', 1),
(11514, 1213, 48, '2026-03-02', 1),
(11515, 1213, 48, '2026-03-09', 1),
(11516, 1213, 48, '2026-03-16', 0),
(11517, 1213, 48, '2026-03-23', 1),
(11518, 1213, 49, '2026-03-02', 1),
(11519, 1213, 49, '2026-03-09', 1),
(11520, 1213, 49, '2026-03-16', 0),
(11521, 1213, 49, '2026-03-23', 1),
(11522, 1213, 50, '2026-03-02', 1),
(11523, 1213, 50, '2026-03-09', 1),
(11524, 1213, 50, '2026-03-16', 0),
(11525, 1213, 50, '2026-03-23', 1),
(11526, 1214, 41, '2026-03-02', 1),
(11527, 1214, 41, '2026-03-09', 1),
(11528, 1214, 41, '2026-03-16', 0),
(11529, 1214, 41, '2026-03-23', 1),
(11530, 1214, 42, '2026-03-02', 1),
(11531, 1214, 42, '2026-03-09', 1),
(11532, 1214, 42, '2026-03-16', 0),
(11533, 1214, 42, '2026-03-23', 1),
(11534, 1214, 43, '2026-03-02', 1),
(11535, 1214, 43, '2026-03-09', 1),
(11536, 1214, 43, '2026-03-16', 0),
(11537, 1214, 43, '2026-03-23', 1),
(11538, 1214, 44, '2026-03-02', 1),
(11539, 1214, 44, '2026-03-09', 1),
(11540, 1214, 44, '2026-03-16', 0),
(11541, 1214, 44, '2026-03-23', 1),
(11542, 1214, 45, '2026-03-02', 1),
(11543, 1214, 45, '2026-03-09', 1),
(11544, 1214, 45, '2026-03-16', 0),
(11545, 1214, 45, '2026-03-23', 1),
(11546, 1214, 46, '2026-03-02', 1),
(11547, 1214, 46, '2026-03-09', 1),
(11548, 1214, 46, '2026-03-16', 0),
(11549, 1214, 46, '2026-03-23', 1),
(11550, 1214, 47, '2026-03-02', 1),
(11551, 1214, 47, '2026-03-09', 1),
(11552, 1214, 47, '2026-03-16', 0),
(11553, 1214, 47, '2026-03-23', 1),
(11554, 1214, 48, '2026-03-02', 1),
(11555, 1214, 48, '2026-03-09', 1),
(11556, 1214, 48, '2026-03-16', 0),
(11557, 1214, 48, '2026-03-23', 1),
(11558, 1214, 49, '2026-03-02', 1),
(11559, 1214, 49, '2026-03-09', 1),
(11560, 1214, 49, '2026-03-16', 0),
(11561, 1214, 49, '2026-03-23', 1),
(11562, 1214, 50, '2026-03-02', 1),
(11563, 1214, 50, '2026-03-09', 1),
(11564, 1214, 50, '2026-03-16', 0),
(11565, 1214, 50, '2026-03-23', 1),
(11566, 1215, 41, '2026-03-02', 1),
(11567, 1215, 41, '2026-03-09', 1),
(11568, 1215, 41, '2026-03-16', 0),
(11569, 1215, 41, '2026-03-23', 1),
(11570, 1215, 42, '2026-03-02', 1),
(11571, 1215, 42, '2026-03-09', 1),
(11572, 1215, 42, '2026-03-16', 0),
(11573, 1215, 42, '2026-03-23', 1),
(11574, 1215, 43, '2026-03-02', 1),
(11575, 1215, 43, '2026-03-09', 1),
(11576, 1215, 43, '2026-03-16', 0),
(11577, 1215, 43, '2026-03-23', 1),
(11578, 1215, 44, '2026-03-02', 1),
(11579, 1215, 44, '2026-03-09', 1),
(11580, 1215, 44, '2026-03-16', 0),
(11581, 1215, 44, '2026-03-23', 1),
(11582, 1215, 45, '2026-03-02', 1),
(11583, 1215, 45, '2026-03-09', 1),
(11584, 1215, 45, '2026-03-16', 0),
(11585, 1215, 45, '2026-03-23', 1),
(11586, 1215, 46, '2026-03-02', 1),
(11587, 1215, 46, '2026-03-09', 1),
(11588, 1215, 46, '2026-03-16', 0),
(11589, 1215, 46, '2026-03-23', 1),
(11590, 1215, 47, '2026-03-02', 1),
(11591, 1215, 47, '2026-03-09', 1),
(11592, 1215, 47, '2026-03-16', 0),
(11593, 1215, 47, '2026-03-23', 1),
(11594, 1215, 48, '2026-03-02', 1),
(11595, 1215, 48, '2026-03-09', 1),
(11596, 1215, 48, '2026-03-16', 0),
(11597, 1215, 48, '2026-03-23', 1),
(11598, 1215, 49, '2026-03-02', 1),
(11599, 1215, 49, '2026-03-09', 1),
(11600, 1215, 49, '2026-03-16', 0),
(11601, 1215, 49, '2026-03-23', 1),
(11602, 1215, 50, '2026-03-02', 1),
(11603, 1215, 50, '2026-03-09', 1),
(11604, 1215, 50, '2026-03-16', 0),
(11605, 1215, 50, '2026-03-23', 1),
(11606, 1216, 41, '2026-03-02', 1),
(11607, 1216, 41, '2026-03-09', 1),
(11608, 1216, 41, '2026-03-16', 0),
(11609, 1216, 41, '2026-03-23', 1),
(11610, 1216, 42, '2026-03-02', 1),
(11611, 1216, 42, '2026-03-09', 1),
(11612, 1216, 42, '2026-03-16', 0),
(11613, 1216, 42, '2026-03-23', 1),
(11614, 1216, 43, '2026-03-02', 1),
(11615, 1216, 43, '2026-03-09', 1),
(11616, 1216, 43, '2026-03-16', 0),
(11617, 1216, 43, '2026-03-23', 1),
(11618, 1216, 44, '2026-03-02', 1),
(11619, 1216, 44, '2026-03-09', 1),
(11620, 1216, 44, '2026-03-16', 0),
(11621, 1216, 44, '2026-03-23', 1),
(11622, 1216, 45, '2026-03-02', 1),
(11623, 1216, 45, '2026-03-09', 1),
(11624, 1216, 45, '2026-03-16', 0),
(11625, 1216, 45, '2026-03-23', 1),
(11626, 1216, 46, '2026-03-02', 1),
(11627, 1216, 46, '2026-03-09', 1),
(11628, 1216, 46, '2026-03-16', 0),
(11629, 1216, 46, '2026-03-23', 1),
(11630, 1216, 47, '2026-03-02', 1),
(11631, 1216, 47, '2026-03-09', 1),
(11632, 1216, 47, '2026-03-16', 0),
(11633, 1216, 47, '2026-03-23', 1),
(11634, 1216, 48, '2026-03-02', 1),
(11635, 1216, 48, '2026-03-09', 1),
(11636, 1216, 48, '2026-03-16', 0),
(11637, 1216, 48, '2026-03-23', 1),
(11638, 1216, 49, '2026-03-02', 1),
(11639, 1216, 49, '2026-03-09', 1),
(11640, 1216, 49, '2026-03-16', 0),
(11641, 1216, 49, '2026-03-23', 1),
(11642, 1216, 50, '2026-03-02', 1),
(11643, 1216, 50, '2026-03-09', 1),
(11644, 1216, 50, '2026-03-16', 0),
(11645, 1216, 50, '2026-03-23', 1),
(11646, 1217, 41, '2026-03-02', 1),
(11647, 1217, 41, '2026-03-09', 1),
(11648, 1217, 41, '2026-03-16', 0),
(11649, 1217, 41, '2026-03-23', 1),
(11650, 1217, 42, '2026-03-02', 1),
(11651, 1217, 42, '2026-03-09', 1),
(11652, 1217, 42, '2026-03-16', 0),
(11653, 1217, 42, '2026-03-23', 1),
(11654, 1217, 43, '2026-03-02', 1),
(11655, 1217, 43, '2026-03-09', 1),
(11656, 1217, 43, '2026-03-16', 0),
(11657, 1217, 43, '2026-03-23', 1),
(11658, 1217, 44, '2026-03-02', 1),
(11659, 1217, 44, '2026-03-09', 1),
(11660, 1217, 44, '2026-03-16', 0),
(11661, 1217, 44, '2026-03-23', 1),
(11662, 1217, 45, '2026-03-02', 1),
(11663, 1217, 45, '2026-03-09', 1),
(11664, 1217, 45, '2026-03-16', 0),
(11665, 1217, 45, '2026-03-23', 1),
(11666, 1217, 46, '2026-03-02', 1),
(11667, 1217, 46, '2026-03-09', 1),
(11668, 1217, 46, '2026-03-16', 0),
(11669, 1217, 46, '2026-03-23', 1),
(11670, 1217, 47, '2026-03-02', 1),
(11671, 1217, 47, '2026-03-09', 1),
(11672, 1217, 47, '2026-03-16', 0),
(11673, 1217, 47, '2026-03-23', 1),
(11674, 1217, 48, '2026-03-02', 1),
(11675, 1217, 48, '2026-03-09', 1),
(11676, 1217, 48, '2026-03-16', 0),
(11677, 1217, 48, '2026-03-23', 1),
(11678, 1217, 49, '2026-03-02', 1),
(11679, 1217, 49, '2026-03-09', 1),
(11680, 1217, 49, '2026-03-16', 0),
(11681, 1217, 49, '2026-03-23', 1),
(11682, 1217, 50, '2026-03-02', 1),
(11683, 1217, 50, '2026-03-09', 1),
(11684, 1217, 50, '2026-03-16', 0),
(11685, 1217, 50, '2026-03-23', 1),
(11686, 1218, 41, '2026-03-02', 1),
(11687, 1218, 41, '2026-03-09', 1),
(11688, 1218, 41, '2026-03-16', 0),
(11689, 1218, 41, '2026-03-23', 1),
(11690, 1218, 42, '2026-03-02', 1),
(11691, 1218, 42, '2026-03-09', 1),
(11692, 1218, 42, '2026-03-16', 0),
(11693, 1218, 42, '2026-03-23', 1),
(11694, 1218, 43, '2026-03-02', 1),
(11695, 1218, 43, '2026-03-09', 1),
(11696, 1218, 43, '2026-03-16', 0),
(11697, 1218, 43, '2026-03-23', 1),
(11698, 1218, 44, '2026-03-02', 1),
(11699, 1218, 44, '2026-03-09', 1),
(11700, 1218, 44, '2026-03-16', 0),
(11701, 1218, 44, '2026-03-23', 1),
(11702, 1218, 45, '2026-03-02', 1),
(11703, 1218, 45, '2026-03-09', 1),
(11704, 1218, 45, '2026-03-16', 0),
(11705, 1218, 45, '2026-03-23', 1),
(11706, 1218, 46, '2026-03-02', 1),
(11707, 1218, 46, '2026-03-09', 1),
(11708, 1218, 46, '2026-03-16', 0),
(11709, 1218, 46, '2026-03-23', 1),
(11710, 1218, 47, '2026-03-02', 1),
(11711, 1218, 47, '2026-03-09', 1),
(11712, 1218, 47, '2026-03-16', 0),
(11713, 1218, 47, '2026-03-23', 1),
(11714, 1218, 48, '2026-03-02', 1),
(11715, 1218, 48, '2026-03-09', 1),
(11716, 1218, 48, '2026-03-16', 0),
(11717, 1218, 48, '2026-03-23', 1),
(11718, 1218, 49, '2026-03-02', 1),
(11719, 1218, 49, '2026-03-09', 1),
(11720, 1218, 49, '2026-03-16', 0),
(11721, 1218, 49, '2026-03-23', 1),
(11722, 1218, 50, '2026-03-02', 1),
(11723, 1218, 50, '2026-03-09', 1),
(11724, 1218, 50, '2026-03-16', 0),
(11725, 1218, 50, '2026-03-23', 1),
(11726, 1219, 41, '2026-03-02', 1),
(11727, 1219, 41, '2026-03-09', 1),
(11728, 1219, 41, '2026-03-16', 0),
(11729, 1219, 41, '2026-03-23', 1),
(11730, 1219, 42, '2026-03-02', 1),
(11731, 1219, 42, '2026-03-09', 1),
(11732, 1219, 42, '2026-03-16', 0),
(11733, 1219, 42, '2026-03-23', 1),
(11734, 1219, 43, '2026-03-02', 1),
(11735, 1219, 43, '2026-03-09', 1),
(11736, 1219, 43, '2026-03-16', 0),
(11737, 1219, 43, '2026-03-23', 1),
(11738, 1219, 44, '2026-03-02', 1),
(11739, 1219, 44, '2026-03-09', 1),
(11740, 1219, 44, '2026-03-16', 0),
(11741, 1219, 44, '2026-03-23', 1),
(11742, 1219, 45, '2026-03-02', 1),
(11743, 1219, 45, '2026-03-09', 1),
(11744, 1219, 45, '2026-03-16', 0),
(11745, 1219, 45, '2026-03-23', 1),
(11746, 1219, 46, '2026-03-02', 1),
(11747, 1219, 46, '2026-03-09', 1),
(11748, 1219, 46, '2026-03-16', 0),
(11749, 1219, 46, '2026-03-23', 1),
(11750, 1219, 47, '2026-03-02', 1),
(11751, 1219, 47, '2026-03-09', 1),
(11752, 1219, 47, '2026-03-16', 0),
(11753, 1219, 47, '2026-03-23', 1),
(11754, 1219, 48, '2026-03-02', 1),
(11755, 1219, 48, '2026-03-09', 1),
(11756, 1219, 48, '2026-03-16', 0),
(11757, 1219, 48, '2026-03-23', 1),
(11758, 1219, 49, '2026-03-02', 1),
(11759, 1219, 49, '2026-03-09', 1),
(11760, 1219, 49, '2026-03-16', 0),
(11761, 1219, 49, '2026-03-23', 1),
(11762, 1219, 50, '2026-03-02', 1),
(11763, 1219, 50, '2026-03-09', 1),
(11764, 1219, 50, '2026-03-16', 0),
(11765, 1219, 50, '2026-03-23', 1),
(11766, 1220, 41, '2026-03-02', 1),
(11767, 1220, 41, '2026-03-09', 1),
(11768, 1220, 41, '2026-03-16', 0),
(11769, 1220, 41, '2026-03-23', 1),
(11770, 1220, 42, '2026-03-02', 1),
(11771, 1220, 42, '2026-03-09', 1),
(11772, 1220, 42, '2026-03-16', 0),
(11773, 1220, 42, '2026-03-23', 1),
(11774, 1220, 43, '2026-03-02', 1),
(11775, 1220, 43, '2026-03-09', 1),
(11776, 1220, 43, '2026-03-16', 0),
(11777, 1220, 43, '2026-03-23', 1),
(11778, 1220, 44, '2026-03-02', 1),
(11779, 1220, 44, '2026-03-09', 1),
(11780, 1220, 44, '2026-03-16', 0),
(11781, 1220, 44, '2026-03-23', 1),
(11782, 1220, 45, '2026-03-02', 1),
(11783, 1220, 45, '2026-03-09', 1),
(11784, 1220, 45, '2026-03-16', 0),
(11785, 1220, 45, '2026-03-23', 1),
(11786, 1220, 46, '2026-03-02', 1),
(11787, 1220, 46, '2026-03-09', 1),
(11788, 1220, 46, '2026-03-16', 0),
(11789, 1220, 46, '2026-03-23', 1),
(11790, 1220, 47, '2026-03-02', 1),
(11791, 1220, 47, '2026-03-09', 1),
(11792, 1220, 47, '2026-03-16', 0),
(11793, 1220, 47, '2026-03-23', 1),
(11794, 1220, 48, '2026-03-02', 1),
(11795, 1220, 48, '2026-03-09', 1),
(11796, 1220, 48, '2026-03-16', 0),
(11797, 1220, 48, '2026-03-23', 1),
(11798, 1220, 49, '2026-03-02', 1),
(11799, 1220, 49, '2026-03-09', 1),
(11800, 1220, 49, '2026-03-16', 0),
(11801, 1220, 49, '2026-03-23', 1),
(11802, 1220, 50, '2026-03-02', 1),
(11803, 1220, 50, '2026-03-09', 1),
(11804, 1220, 50, '2026-03-16', 0),
(11805, 1220, 50, '2026-03-23', 1),
(11806, 1221, 41, '2026-03-02', 1),
(11807, 1221, 41, '2026-03-09', 1),
(11808, 1221, 41, '2026-03-16', 0),
(11809, 1221, 41, '2026-03-23', 1),
(11810, 1221, 42, '2026-03-02', 1),
(11811, 1221, 42, '2026-03-09', 1),
(11812, 1221, 42, '2026-03-16', 0),
(11813, 1221, 42, '2026-03-23', 1),
(11814, 1221, 43, '2026-03-02', 1),
(11815, 1221, 43, '2026-03-09', 1),
(11816, 1221, 43, '2026-03-16', 0),
(11817, 1221, 43, '2026-03-23', 1),
(11818, 1221, 44, '2026-03-02', 1),
(11819, 1221, 44, '2026-03-09', 1),
(11820, 1221, 44, '2026-03-16', 0),
(11821, 1221, 44, '2026-03-23', 1),
(11822, 1221, 45, '2026-03-02', 1),
(11823, 1221, 45, '2026-03-09', 1),
(11824, 1221, 45, '2026-03-16', 0),
(11825, 1221, 45, '2026-03-23', 1),
(11826, 1221, 46, '2026-03-02', 1),
(11827, 1221, 46, '2026-03-09', 1),
(11828, 1221, 46, '2026-03-16', 0),
(11829, 1221, 46, '2026-03-23', 1),
(11830, 1221, 47, '2026-03-02', 1),
(11831, 1221, 47, '2026-03-09', 1),
(11832, 1221, 47, '2026-03-16', 0),
(11833, 1221, 47, '2026-03-23', 1),
(11834, 1221, 48, '2026-03-02', 1),
(11835, 1221, 48, '2026-03-09', 1),
(11836, 1221, 48, '2026-03-16', 0),
(11837, 1221, 48, '2026-03-23', 1),
(11838, 1221, 49, '2026-03-02', 1),
(11839, 1221, 49, '2026-03-09', 1),
(11840, 1221, 49, '2026-03-16', 0),
(11841, 1221, 49, '2026-03-23', 1),
(11842, 1221, 50, '2026-03-02', 1),
(11843, 1221, 50, '2026-03-09', 1),
(11844, 1221, 50, '2026-03-16', 0),
(11845, 1221, 50, '2026-03-23', 1),
(11846, 1222, 41, '2026-03-02', 1),
(11847, 1222, 41, '2026-03-09', 1),
(11848, 1222, 41, '2026-03-16', 0),
(11849, 1222, 41, '2026-03-23', 1),
(11850, 1222, 42, '2026-03-02', 1),
(11851, 1222, 42, '2026-03-09', 1),
(11852, 1222, 42, '2026-03-16', 0),
(11853, 1222, 42, '2026-03-23', 1),
(11854, 1222, 43, '2026-03-02', 1),
(11855, 1222, 43, '2026-03-09', 1),
(11856, 1222, 43, '2026-03-16', 0),
(11857, 1222, 43, '2026-03-23', 1),
(11858, 1222, 44, '2026-03-02', 1),
(11859, 1222, 44, '2026-03-09', 1),
(11860, 1222, 44, '2026-03-16', 0),
(11861, 1222, 44, '2026-03-23', 1),
(11862, 1222, 45, '2026-03-02', 1),
(11863, 1222, 45, '2026-03-09', 1),
(11864, 1222, 45, '2026-03-16', 0),
(11865, 1222, 45, '2026-03-23', 1),
(11866, 1222, 46, '2026-03-02', 1),
(11867, 1222, 46, '2026-03-09', 1),
(11868, 1222, 46, '2026-03-16', 0),
(11869, 1222, 46, '2026-03-23', 1),
(11870, 1222, 47, '2026-03-02', 1),
(11871, 1222, 47, '2026-03-09', 1),
(11872, 1222, 47, '2026-03-16', 0),
(11873, 1222, 47, '2026-03-23', 1),
(11874, 1222, 48, '2026-03-02', 1),
(11875, 1222, 48, '2026-03-09', 1),
(11876, 1222, 48, '2026-03-16', 0),
(11877, 1222, 48, '2026-03-23', 1),
(11878, 1222, 49, '2026-03-02', 1),
(11879, 1222, 49, '2026-03-09', 1),
(11880, 1222, 49, '2026-03-16', 0),
(11881, 1222, 49, '2026-03-23', 1),
(11882, 1222, 50, '2026-03-02', 1),
(11883, 1222, 50, '2026-03-09', 1),
(11884, 1222, 50, '2026-03-16', 0),
(11885, 1222, 50, '2026-03-23', 1),
(11886, 1223, 41, '2026-03-02', 1),
(11887, 1223, 41, '2026-03-09', 1),
(11888, 1223, 41, '2026-03-16', 0),
(11889, 1223, 41, '2026-03-23', 1),
(11890, 1223, 42, '2026-03-02', 1),
(11891, 1223, 42, '2026-03-09', 1),
(11892, 1223, 42, '2026-03-16', 0),
(11893, 1223, 42, '2026-03-23', 1),
(11894, 1223, 43, '2026-03-02', 1),
(11895, 1223, 43, '2026-03-09', 1),
(11896, 1223, 43, '2026-03-16', 0),
(11897, 1223, 43, '2026-03-23', 1),
(11898, 1223, 44, '2026-03-02', 1),
(11899, 1223, 44, '2026-03-09', 1),
(11900, 1223, 44, '2026-03-16', 0),
(11901, 1223, 44, '2026-03-23', 1),
(11902, 1223, 45, '2026-03-02', 1),
(11903, 1223, 45, '2026-03-09', 1),
(11904, 1223, 45, '2026-03-16', 0),
(11905, 1223, 45, '2026-03-23', 1),
(11906, 1223, 46, '2026-03-02', 1),
(11907, 1223, 46, '2026-03-09', 1),
(11908, 1223, 46, '2026-03-16', 0),
(11909, 1223, 46, '2026-03-23', 1),
(11910, 1223, 47, '2026-03-02', 1),
(11911, 1223, 47, '2026-03-09', 1),
(11912, 1223, 47, '2026-03-16', 0),
(11913, 1223, 47, '2026-03-23', 1),
(11914, 1223, 48, '2026-03-02', 1),
(11915, 1223, 48, '2026-03-09', 1),
(11916, 1223, 48, '2026-03-16', 0),
(11917, 1223, 48, '2026-03-23', 1),
(11918, 1223, 49, '2026-03-02', 1),
(11919, 1223, 49, '2026-03-09', 1),
(11920, 1223, 49, '2026-03-16', 0),
(11921, 1223, 49, '2026-03-23', 1),
(11922, 1223, 50, '2026-03-02', 1),
(11923, 1223, 50, '2026-03-09', 1),
(11924, 1223, 50, '2026-03-16', 0),
(11925, 1223, 50, '2026-03-23', 1),
(11926, 1224, 41, '2026-03-02', 1),
(11927, 1224, 41, '2026-03-09', 1),
(11928, 1224, 41, '2026-03-16', 0),
(11929, 1224, 41, '2026-03-23', 1),
(11930, 1224, 42, '2026-03-02', 1),
(11931, 1224, 42, '2026-03-09', 1),
(11932, 1224, 42, '2026-03-16', 0),
(11933, 1224, 42, '2026-03-23', 1),
(11934, 1224, 43, '2026-03-02', 1),
(11935, 1224, 43, '2026-03-09', 1),
(11936, 1224, 43, '2026-03-16', 0),
(11937, 1224, 43, '2026-03-23', 1),
(11938, 1224, 44, '2026-03-02', 1),
(11939, 1224, 44, '2026-03-09', 1),
(11940, 1224, 44, '2026-03-16', 0),
(11941, 1224, 44, '2026-03-23', 1),
(11942, 1224, 45, '2026-03-02', 1),
(11943, 1224, 45, '2026-03-09', 1),
(11944, 1224, 45, '2026-03-16', 0),
(11945, 1224, 45, '2026-03-23', 1),
(11946, 1224, 46, '2026-03-02', 1),
(11947, 1224, 46, '2026-03-09', 1),
(11948, 1224, 46, '2026-03-16', 0),
(11949, 1224, 46, '2026-03-23', 1),
(11950, 1224, 47, '2026-03-02', 1),
(11951, 1224, 47, '2026-03-09', 1),
(11952, 1224, 47, '2026-03-16', 0),
(11953, 1224, 47, '2026-03-23', 1),
(11954, 1224, 48, '2026-03-02', 1),
(11955, 1224, 48, '2026-03-09', 1),
(11956, 1224, 48, '2026-03-16', 0),
(11957, 1224, 48, '2026-03-23', 1),
(11958, 1224, 49, '2026-03-02', 1),
(11959, 1224, 49, '2026-03-09', 1),
(11960, 1224, 49, '2026-03-16', 0),
(11961, 1224, 49, '2026-03-23', 1),
(11962, 1224, 50, '2026-03-02', 1),
(11963, 1224, 50, '2026-03-09', 1),
(11964, 1224, 50, '2026-03-16', 0),
(11965, 1224, 50, '2026-03-23', 1),
(11966, 1225, 41, '2026-03-02', 1),
(11967, 1225, 41, '2026-03-09', 1),
(11968, 1225, 41, '2026-03-16', 0),
(11969, 1225, 41, '2026-03-23', 1),
(11970, 1225, 42, '2026-03-02', 1),
(11971, 1225, 42, '2026-03-09', 1),
(11972, 1225, 42, '2026-03-16', 0),
(11973, 1225, 42, '2026-03-23', 1),
(11974, 1225, 43, '2026-03-02', 1),
(11975, 1225, 43, '2026-03-09', 1),
(11976, 1225, 43, '2026-03-16', 0),
(11977, 1225, 43, '2026-03-23', 1),
(11978, 1225, 44, '2026-03-02', 1),
(11979, 1225, 44, '2026-03-09', 1),
(11980, 1225, 44, '2026-03-16', 0),
(11981, 1225, 44, '2026-03-23', 1),
(11982, 1225, 45, '2026-03-02', 1),
(11983, 1225, 45, '2026-03-09', 1),
(11984, 1225, 45, '2026-03-16', 0),
(11985, 1225, 45, '2026-03-23', 1),
(11986, 1225, 46, '2026-03-02', 1),
(11987, 1225, 46, '2026-03-09', 1),
(11988, 1225, 46, '2026-03-16', 0),
(11989, 1225, 46, '2026-03-23', 1),
(11990, 1225, 47, '2026-03-02', 1),
(11991, 1225, 47, '2026-03-09', 1),
(11992, 1225, 47, '2026-03-16', 0),
(11993, 1225, 47, '2026-03-23', 1),
(11994, 1225, 48, '2026-03-02', 1),
(11995, 1225, 48, '2026-03-09', 1),
(11996, 1225, 48, '2026-03-16', 0),
(11997, 1225, 48, '2026-03-23', 1),
(11998, 1225, 49, '2026-03-02', 1),
(11999, 1225, 49, '2026-03-09', 1),
(12000, 1225, 49, '2026-03-16', 0),
(12001, 1225, 49, '2026-03-23', 1),
(12002, 1225, 50, '2026-03-02', 1),
(12003, 1225, 50, '2026-03-09', 1),
(12004, 1225, 50, '2026-03-16', 0),
(12005, 1225, 50, '2026-03-23', 1),
(12006, 1226, 41, '2026-03-02', 1),
(12007, 1226, 41, '2026-03-09', 1),
(12008, 1226, 41, '2026-03-16', 0),
(12009, 1226, 41, '2026-03-23', 1),
(12010, 1226, 42, '2026-03-02', 1),
(12011, 1226, 42, '2026-03-09', 1),
(12012, 1226, 42, '2026-03-16', 0),
(12013, 1226, 42, '2026-03-23', 1),
(12014, 1226, 43, '2026-03-02', 1),
(12015, 1226, 43, '2026-03-09', 1),
(12016, 1226, 43, '2026-03-16', 0),
(12017, 1226, 43, '2026-03-23', 1),
(12018, 1226, 44, '2026-03-02', 1),
(12019, 1226, 44, '2026-03-09', 1),
(12020, 1226, 44, '2026-03-16', 0),
(12021, 1226, 44, '2026-03-23', 1),
(12022, 1226, 45, '2026-03-02', 1),
(12023, 1226, 45, '2026-03-09', 1),
(12024, 1226, 45, '2026-03-16', 0),
(12025, 1226, 45, '2026-03-23', 1),
(12026, 1226, 46, '2026-03-02', 1),
(12027, 1226, 46, '2026-03-09', 1),
(12028, 1226, 46, '2026-03-16', 0),
(12029, 1226, 46, '2026-03-23', 1),
(12030, 1226, 47, '2026-03-02', 1),
(12031, 1226, 47, '2026-03-09', 1),
(12032, 1226, 47, '2026-03-16', 0),
(12033, 1226, 47, '2026-03-23', 1),
(12034, 1226, 48, '2026-03-02', 1),
(12035, 1226, 48, '2026-03-09', 1),
(12036, 1226, 48, '2026-03-16', 0),
(12037, 1226, 48, '2026-03-23', 1),
(12038, 1226, 49, '2026-03-02', 1),
(12039, 1226, 49, '2026-03-09', 1),
(12040, 1226, 49, '2026-03-16', 0),
(12041, 1226, 49, '2026-03-23', 1),
(12042, 1226, 50, '2026-03-02', 1),
(12043, 1226, 50, '2026-03-09', 1),
(12044, 1226, 50, '2026-03-16', 0),
(12045, 1226, 50, '2026-03-23', 1),
(12046, 1227, 41, '2026-03-02', 1),
(12047, 1227, 41, '2026-03-09', 1),
(12048, 1227, 41, '2026-03-16', 0),
(12049, 1227, 41, '2026-03-23', 1),
(12050, 1227, 42, '2026-03-02', 1),
(12051, 1227, 42, '2026-03-09', 1),
(12052, 1227, 42, '2026-03-16', 0),
(12053, 1227, 42, '2026-03-23', 1),
(12054, 1227, 43, '2026-03-02', 1),
(12055, 1227, 43, '2026-03-09', 1),
(12056, 1227, 43, '2026-03-16', 0),
(12057, 1227, 43, '2026-03-23', 1),
(12058, 1227, 44, '2026-03-02', 1),
(12059, 1227, 44, '2026-03-09', 1),
(12060, 1227, 44, '2026-03-16', 0),
(12061, 1227, 44, '2026-03-23', 1),
(12062, 1227, 45, '2026-03-02', 1),
(12063, 1227, 45, '2026-03-09', 1),
(12064, 1227, 45, '2026-03-16', 0);
INSERT INTO `frequencia` (`id_frequencia`, `id_matricula`, `id_disciplinas`, `data_aula`, `presenca`) VALUES
(12065, 1227, 45, '2026-03-23', 1),
(12066, 1227, 46, '2026-03-02', 1),
(12067, 1227, 46, '2026-03-09', 1),
(12068, 1227, 46, '2026-03-16', 0),
(12069, 1227, 46, '2026-03-23', 1),
(12070, 1227, 47, '2026-03-02', 1),
(12071, 1227, 47, '2026-03-09', 1),
(12072, 1227, 47, '2026-03-16', 0),
(12073, 1227, 47, '2026-03-23', 1),
(12074, 1227, 48, '2026-03-02', 1),
(12075, 1227, 48, '2026-03-09', 1),
(12076, 1227, 48, '2026-03-16', 0),
(12077, 1227, 48, '2026-03-23', 1),
(12078, 1227, 49, '2026-03-02', 1),
(12079, 1227, 49, '2026-03-09', 1),
(12080, 1227, 49, '2026-03-16', 0),
(12081, 1227, 49, '2026-03-23', 1),
(12082, 1227, 50, '2026-03-02', 1),
(12083, 1227, 50, '2026-03-09', 1),
(12084, 1227, 50, '2026-03-16', 0),
(12085, 1227, 50, '2026-03-23', 1),
(12086, 1228, 41, '2026-03-02', 1),
(12087, 1228, 41, '2026-03-09', 1),
(12088, 1228, 41, '2026-03-16', 0),
(12089, 1228, 41, '2026-03-23', 1),
(12090, 1228, 42, '2026-03-02', 1),
(12091, 1228, 42, '2026-03-09', 1),
(12092, 1228, 42, '2026-03-16', 0),
(12093, 1228, 42, '2026-03-23', 1),
(12094, 1228, 43, '2026-03-02', 1),
(12095, 1228, 43, '2026-03-09', 1),
(12096, 1228, 43, '2026-03-16', 0),
(12097, 1228, 43, '2026-03-23', 1),
(12098, 1228, 44, '2026-03-02', 1),
(12099, 1228, 44, '2026-03-09', 1),
(12100, 1228, 44, '2026-03-16', 0),
(12101, 1228, 44, '2026-03-23', 1),
(12102, 1228, 45, '2026-03-02', 1),
(12103, 1228, 45, '2026-03-09', 1),
(12104, 1228, 45, '2026-03-16', 0),
(12105, 1228, 45, '2026-03-23', 1),
(12106, 1228, 46, '2026-03-02', 1),
(12107, 1228, 46, '2026-03-09', 1),
(12108, 1228, 46, '2026-03-16', 0),
(12109, 1228, 46, '2026-03-23', 1),
(12110, 1228, 47, '2026-03-02', 1),
(12111, 1228, 47, '2026-03-09', 1),
(12112, 1228, 47, '2026-03-16', 0),
(12113, 1228, 47, '2026-03-23', 1),
(12114, 1228, 48, '2026-03-02', 1),
(12115, 1228, 48, '2026-03-09', 1),
(12116, 1228, 48, '2026-03-16', 0),
(12117, 1228, 48, '2026-03-23', 1),
(12118, 1228, 49, '2026-03-02', 1),
(12119, 1228, 49, '2026-03-09', 1),
(12120, 1228, 49, '2026-03-16', 0),
(12121, 1228, 49, '2026-03-23', 1),
(12122, 1228, 50, '2026-03-02', 1),
(12123, 1228, 50, '2026-03-09', 1),
(12124, 1228, 50, '2026-03-16', 0),
(12125, 1228, 50, '2026-03-23', 1),
(12126, 1229, 41, '2026-03-02', 1),
(12127, 1229, 41, '2026-03-09', 1),
(12128, 1229, 41, '2026-03-16', 0),
(12129, 1229, 41, '2026-03-23', 1),
(12130, 1229, 42, '2026-03-02', 1),
(12131, 1229, 42, '2026-03-09', 1),
(12132, 1229, 42, '2026-03-16', 0),
(12133, 1229, 42, '2026-03-23', 1),
(12134, 1229, 43, '2026-03-02', 1),
(12135, 1229, 43, '2026-03-09', 1),
(12136, 1229, 43, '2026-03-16', 0),
(12137, 1229, 43, '2026-03-23', 1),
(12138, 1229, 44, '2026-03-02', 1),
(12139, 1229, 44, '2026-03-09', 1),
(12140, 1229, 44, '2026-03-16', 0),
(12141, 1229, 44, '2026-03-23', 1),
(12142, 1229, 45, '2026-03-02', 1),
(12143, 1229, 45, '2026-03-09', 1),
(12144, 1229, 45, '2026-03-16', 0),
(12145, 1229, 45, '2026-03-23', 1),
(12146, 1229, 46, '2026-03-02', 1),
(12147, 1229, 46, '2026-03-09', 1),
(12148, 1229, 46, '2026-03-16', 0),
(12149, 1229, 46, '2026-03-23', 1),
(12150, 1229, 47, '2026-03-02', 1),
(12151, 1229, 47, '2026-03-09', 1),
(12152, 1229, 47, '2026-03-16', 0),
(12153, 1229, 47, '2026-03-23', 1),
(12154, 1229, 48, '2026-03-02', 1),
(12155, 1229, 48, '2026-03-09', 1),
(12156, 1229, 48, '2026-03-16', 0),
(12157, 1229, 48, '2026-03-23', 1),
(12158, 1229, 49, '2026-03-02', 1),
(12159, 1229, 49, '2026-03-09', 1),
(12160, 1229, 49, '2026-03-16', 0),
(12161, 1229, 49, '2026-03-23', 1),
(12162, 1229, 50, '2026-03-02', 1),
(12163, 1229, 50, '2026-03-09', 1),
(12164, 1229, 50, '2026-03-16', 0),
(12165, 1229, 50, '2026-03-23', 1),
(12166, 1230, 41, '2026-03-02', 1),
(12167, 1230, 41, '2026-03-09', 1),
(12168, 1230, 41, '2026-03-16', 0),
(12169, 1230, 41, '2026-03-23', 1),
(12170, 1230, 42, '2026-03-02', 1),
(12171, 1230, 42, '2026-03-09', 1),
(12172, 1230, 42, '2026-03-16', 0),
(12173, 1230, 42, '2026-03-23', 1),
(12174, 1230, 43, '2026-03-02', 1),
(12175, 1230, 43, '2026-03-09', 1),
(12176, 1230, 43, '2026-03-16', 0),
(12177, 1230, 43, '2026-03-23', 1),
(12178, 1230, 44, '2026-03-02', 1),
(12179, 1230, 44, '2026-03-09', 1),
(12180, 1230, 44, '2026-03-16', 0),
(12181, 1230, 44, '2026-03-23', 1),
(12182, 1230, 45, '2026-03-02', 1),
(12183, 1230, 45, '2026-03-09', 1),
(12184, 1230, 45, '2026-03-16', 0),
(12185, 1230, 45, '2026-03-23', 1),
(12186, 1230, 46, '2026-03-02', 1),
(12187, 1230, 46, '2026-03-09', 1),
(12188, 1230, 46, '2026-03-16', 0),
(12189, 1230, 46, '2026-03-23', 1),
(12190, 1230, 47, '2026-03-02', 1),
(12191, 1230, 47, '2026-03-09', 1),
(12192, 1230, 47, '2026-03-16', 0),
(12193, 1230, 47, '2026-03-23', 1),
(12194, 1230, 48, '2026-03-02', 1),
(12195, 1230, 48, '2026-03-09', 1),
(12196, 1230, 48, '2026-03-16', 0),
(12197, 1230, 48, '2026-03-23', 1),
(12198, 1230, 49, '2026-03-02', 1),
(12199, 1230, 49, '2026-03-09', 1),
(12200, 1230, 49, '2026-03-16', 0),
(12201, 1230, 49, '2026-03-23', 1),
(12202, 1230, 50, '2026-03-02', 1),
(12203, 1230, 50, '2026-03-09', 1),
(12204, 1230, 50, '2026-03-16', 0),
(12205, 1230, 50, '2026-03-23', 1),
(12206, 1231, 41, '2026-03-02', 1),
(12207, 1231, 41, '2026-03-09', 1),
(12208, 1231, 41, '2026-03-16', 0),
(12209, 1231, 41, '2026-03-23', 1),
(12210, 1231, 42, '2026-03-02', 1),
(12211, 1231, 42, '2026-03-09', 1),
(12212, 1231, 42, '2026-03-16', 0),
(12213, 1231, 42, '2026-03-23', 1),
(12214, 1231, 43, '2026-03-02', 1),
(12215, 1231, 43, '2026-03-09', 1),
(12216, 1231, 43, '2026-03-16', 0),
(12217, 1231, 43, '2026-03-23', 1),
(12218, 1231, 44, '2026-03-02', 1),
(12219, 1231, 44, '2026-03-09', 1),
(12220, 1231, 44, '2026-03-16', 0),
(12221, 1231, 44, '2026-03-23', 1),
(12222, 1231, 45, '2026-03-02', 1),
(12223, 1231, 45, '2026-03-09', 1),
(12224, 1231, 45, '2026-03-16', 0),
(12225, 1231, 45, '2026-03-23', 1),
(12226, 1231, 46, '2026-03-02', 1),
(12227, 1231, 46, '2026-03-09', 1),
(12228, 1231, 46, '2026-03-16', 0),
(12229, 1231, 46, '2026-03-23', 1),
(12230, 1231, 47, '2026-03-02', 1),
(12231, 1231, 47, '2026-03-09', 1),
(12232, 1231, 47, '2026-03-16', 0),
(12233, 1231, 47, '2026-03-23', 1),
(12234, 1231, 48, '2026-03-02', 1),
(12235, 1231, 48, '2026-03-09', 1),
(12236, 1231, 48, '2026-03-16', 0),
(12237, 1231, 48, '2026-03-23', 1),
(12238, 1231, 49, '2026-03-02', 1),
(12239, 1231, 49, '2026-03-09', 1),
(12240, 1231, 49, '2026-03-16', 0),
(12241, 1231, 49, '2026-03-23', 1),
(12242, 1231, 50, '2026-03-02', 1),
(12243, 1231, 50, '2026-03-09', 1),
(12244, 1231, 50, '2026-03-16', 0),
(12245, 1231, 50, '2026-03-23', 1),
(12246, 1232, 41, '2026-03-02', 1),
(12247, 1232, 41, '2026-03-09', 1),
(12248, 1232, 41, '2026-03-16', 0),
(12249, 1232, 41, '2026-03-23', 1),
(12250, 1232, 42, '2026-03-02', 1),
(12251, 1232, 42, '2026-03-09', 1),
(12252, 1232, 42, '2026-03-16', 0),
(12253, 1232, 42, '2026-03-23', 1),
(12254, 1232, 43, '2026-03-02', 1),
(12255, 1232, 43, '2026-03-09', 1),
(12256, 1232, 43, '2026-03-16', 0),
(12257, 1232, 43, '2026-03-23', 1),
(12258, 1232, 44, '2026-03-02', 1),
(12259, 1232, 44, '2026-03-09', 1),
(12260, 1232, 44, '2026-03-16', 0),
(12261, 1232, 44, '2026-03-23', 1),
(12262, 1232, 45, '2026-03-02', 1),
(12263, 1232, 45, '2026-03-09', 1),
(12264, 1232, 45, '2026-03-16', 0),
(12265, 1232, 45, '2026-03-23', 1),
(12266, 1232, 46, '2026-03-02', 1),
(12267, 1232, 46, '2026-03-09', 1),
(12268, 1232, 46, '2026-03-16', 0),
(12269, 1232, 46, '2026-03-23', 1),
(12270, 1232, 47, '2026-03-02', 1),
(12271, 1232, 47, '2026-03-09', 1),
(12272, 1232, 47, '2026-03-16', 0),
(12273, 1232, 47, '2026-03-23', 1),
(12274, 1232, 48, '2026-03-02', 1),
(12275, 1232, 48, '2026-03-09', 1),
(12276, 1232, 48, '2026-03-16', 0),
(12277, 1232, 48, '2026-03-23', 1),
(12278, 1232, 49, '2026-03-02', 1),
(12279, 1232, 49, '2026-03-09', 1),
(12280, 1232, 49, '2026-03-16', 0),
(12281, 1232, 49, '2026-03-23', 1),
(12282, 1232, 50, '2026-03-02', 1),
(12283, 1232, 50, '2026-03-09', 1),
(12284, 1232, 50, '2026-03-16', 0),
(12285, 1232, 50, '2026-03-23', 1),
(12286, 1233, 41, '2026-03-02', 1),
(12287, 1233, 41, '2026-03-09', 1),
(12288, 1233, 41, '2026-03-16', 0),
(12289, 1233, 41, '2026-03-23', 1),
(12290, 1233, 42, '2026-03-02', 1),
(12291, 1233, 42, '2026-03-09', 1),
(12292, 1233, 42, '2026-03-16', 0),
(12293, 1233, 42, '2026-03-23', 1),
(12294, 1233, 43, '2026-03-02', 1),
(12295, 1233, 43, '2026-03-09', 1),
(12296, 1233, 43, '2026-03-16', 0),
(12297, 1233, 43, '2026-03-23', 1),
(12298, 1233, 44, '2026-03-02', 1),
(12299, 1233, 44, '2026-03-09', 1),
(12300, 1233, 44, '2026-03-16', 0),
(12301, 1233, 44, '2026-03-23', 1),
(12302, 1233, 45, '2026-03-02', 1),
(12303, 1233, 45, '2026-03-09', 1),
(12304, 1233, 45, '2026-03-16', 0),
(12305, 1233, 45, '2026-03-23', 1),
(12306, 1233, 46, '2026-03-02', 1),
(12307, 1233, 46, '2026-03-09', 1),
(12308, 1233, 46, '2026-03-16', 0),
(12309, 1233, 46, '2026-03-23', 1),
(12310, 1233, 47, '2026-03-02', 1),
(12311, 1233, 47, '2026-03-09', 1),
(12312, 1233, 47, '2026-03-16', 0),
(12313, 1233, 47, '2026-03-23', 1),
(12314, 1233, 48, '2026-03-02', 1),
(12315, 1233, 48, '2026-03-09', 1),
(12316, 1233, 48, '2026-03-16', 0),
(12317, 1233, 48, '2026-03-23', 1),
(12318, 1233, 49, '2026-03-02', 1),
(12319, 1233, 49, '2026-03-09', 1),
(12320, 1233, 49, '2026-03-16', 0),
(12321, 1233, 49, '2026-03-23', 1),
(12322, 1233, 50, '2026-03-02', 1),
(12323, 1233, 50, '2026-03-09', 1),
(12324, 1233, 50, '2026-03-16', 0),
(12325, 1233, 50, '2026-03-23', 1),
(12326, 1234, 41, '2026-03-02', 1),
(12327, 1234, 41, '2026-03-09', 1),
(12328, 1234, 41, '2026-03-16', 0),
(12329, 1234, 41, '2026-03-23', 1),
(12330, 1234, 42, '2026-03-02', 1),
(12331, 1234, 42, '2026-03-09', 1),
(12332, 1234, 42, '2026-03-16', 0),
(12333, 1234, 42, '2026-03-23', 1),
(12334, 1234, 43, '2026-03-02', 1),
(12335, 1234, 43, '2026-03-09', 1),
(12336, 1234, 43, '2026-03-16', 0),
(12337, 1234, 43, '2026-03-23', 1),
(12338, 1234, 44, '2026-03-02', 1),
(12339, 1234, 44, '2026-03-09', 1),
(12340, 1234, 44, '2026-03-16', 0),
(12341, 1234, 44, '2026-03-23', 1),
(12342, 1234, 45, '2026-03-02', 1),
(12343, 1234, 45, '2026-03-09', 1),
(12344, 1234, 45, '2026-03-16', 0),
(12345, 1234, 45, '2026-03-23', 1),
(12346, 1234, 46, '2026-03-02', 1),
(12347, 1234, 46, '2026-03-09', 1),
(12348, 1234, 46, '2026-03-16', 0),
(12349, 1234, 46, '2026-03-23', 1),
(12350, 1234, 47, '2026-03-02', 1),
(12351, 1234, 47, '2026-03-09', 1),
(12352, 1234, 47, '2026-03-16', 0),
(12353, 1234, 47, '2026-03-23', 1),
(12354, 1234, 48, '2026-03-02', 1),
(12355, 1234, 48, '2026-03-09', 1),
(12356, 1234, 48, '2026-03-16', 0),
(12357, 1234, 48, '2026-03-23', 1),
(12358, 1234, 49, '2026-03-02', 1),
(12359, 1234, 49, '2026-03-09', 1),
(12360, 1234, 49, '2026-03-16', 0),
(12361, 1234, 49, '2026-03-23', 1),
(12362, 1234, 50, '2026-03-02', 1),
(12363, 1234, 50, '2026-03-09', 1),
(12364, 1234, 50, '2026-03-16', 0),
(12365, 1234, 50, '2026-03-23', 1),
(12366, 1235, 41, '2026-03-02', 1),
(12367, 1235, 41, '2026-03-09', 1),
(12368, 1235, 41, '2026-03-16', 0),
(12369, 1235, 41, '2026-03-23', 1),
(12370, 1235, 42, '2026-03-02', 1),
(12371, 1235, 42, '2026-03-09', 1),
(12372, 1235, 42, '2026-03-16', 0),
(12373, 1235, 42, '2026-03-23', 1),
(12374, 1235, 43, '2026-03-02', 1),
(12375, 1235, 43, '2026-03-09', 1),
(12376, 1235, 43, '2026-03-16', 0),
(12377, 1235, 43, '2026-03-23', 1),
(12378, 1235, 44, '2026-03-02', 1),
(12379, 1235, 44, '2026-03-09', 1),
(12380, 1235, 44, '2026-03-16', 0),
(12381, 1235, 44, '2026-03-23', 1),
(12382, 1235, 45, '2026-03-02', 1),
(12383, 1235, 45, '2026-03-09', 1),
(12384, 1235, 45, '2026-03-16', 0),
(12385, 1235, 45, '2026-03-23', 1),
(12386, 1235, 46, '2026-03-02', 1),
(12387, 1235, 46, '2026-03-09', 1),
(12388, 1235, 46, '2026-03-16', 0),
(12389, 1235, 46, '2026-03-23', 1),
(12390, 1235, 47, '2026-03-02', 1),
(12391, 1235, 47, '2026-03-09', 1),
(12392, 1235, 47, '2026-03-16', 0),
(12393, 1235, 47, '2026-03-23', 1),
(12394, 1235, 48, '2026-03-02', 1),
(12395, 1235, 48, '2026-03-09', 1),
(12396, 1235, 48, '2026-03-16', 0),
(12397, 1235, 48, '2026-03-23', 1),
(12398, 1235, 49, '2026-03-02', 1),
(12399, 1235, 49, '2026-03-09', 1),
(12400, 1235, 49, '2026-03-16', 0),
(12401, 1235, 49, '2026-03-23', 1),
(12402, 1235, 50, '2026-03-02', 1),
(12403, 1235, 50, '2026-03-09', 1),
(12404, 1235, 50, '2026-03-16', 0),
(12405, 1235, 50, '2026-03-23', 1),
(12406, 1236, 41, '2026-03-02', 1),
(12407, 1236, 41, '2026-03-09', 1),
(12408, 1236, 41, '2026-03-16', 0),
(12409, 1236, 41, '2026-03-23', 1),
(12410, 1236, 42, '2026-03-02', 1),
(12411, 1236, 42, '2026-03-09', 1),
(12412, 1236, 42, '2026-03-16', 0),
(12413, 1236, 42, '2026-03-23', 1),
(12414, 1236, 43, '2026-03-02', 1),
(12415, 1236, 43, '2026-03-09', 1),
(12416, 1236, 43, '2026-03-16', 0),
(12417, 1236, 43, '2026-03-23', 1),
(12418, 1236, 44, '2026-03-02', 1),
(12419, 1236, 44, '2026-03-09', 1),
(12420, 1236, 44, '2026-03-16', 0),
(12421, 1236, 44, '2026-03-23', 1),
(12422, 1236, 45, '2026-03-02', 1),
(12423, 1236, 45, '2026-03-09', 1),
(12424, 1236, 45, '2026-03-16', 0),
(12425, 1236, 45, '2026-03-23', 1),
(12426, 1236, 46, '2026-03-02', 1),
(12427, 1236, 46, '2026-03-09', 1),
(12428, 1236, 46, '2026-03-16', 0),
(12429, 1236, 46, '2026-03-23', 1),
(12430, 1236, 47, '2026-03-02', 1),
(12431, 1236, 47, '2026-03-09', 1),
(12432, 1236, 47, '2026-03-16', 0),
(12433, 1236, 47, '2026-03-23', 1),
(12434, 1236, 48, '2026-03-02', 1),
(12435, 1236, 48, '2026-03-09', 1),
(12436, 1236, 48, '2026-03-16', 0),
(12437, 1236, 48, '2026-03-23', 1),
(12438, 1236, 49, '2026-03-02', 1),
(12439, 1236, 49, '2026-03-09', 1),
(12440, 1236, 49, '2026-03-16', 0),
(12441, 1236, 49, '2026-03-23', 1),
(12442, 1236, 50, '2026-03-02', 1),
(12443, 1236, 50, '2026-03-09', 1),
(12444, 1236, 50, '2026-03-16', 0),
(12445, 1236, 50, '2026-03-23', 1),
(12446, 1237, 41, '2026-03-02', 1),
(12447, 1237, 41, '2026-03-09', 1),
(12448, 1237, 41, '2026-03-16', 0),
(12449, 1237, 41, '2026-03-23', 1),
(12450, 1237, 42, '2026-03-02', 1),
(12451, 1237, 42, '2026-03-09', 1),
(12452, 1237, 42, '2026-03-16', 0),
(12453, 1237, 42, '2026-03-23', 1),
(12454, 1237, 43, '2026-03-02', 1),
(12455, 1237, 43, '2026-03-09', 1),
(12456, 1237, 43, '2026-03-16', 0),
(12457, 1237, 43, '2026-03-23', 1),
(12458, 1237, 44, '2026-03-02', 1),
(12459, 1237, 44, '2026-03-09', 1),
(12460, 1237, 44, '2026-03-16', 0),
(12461, 1237, 44, '2026-03-23', 1),
(12462, 1237, 45, '2026-03-02', 1),
(12463, 1237, 45, '2026-03-09', 1),
(12464, 1237, 45, '2026-03-16', 0),
(12465, 1237, 45, '2026-03-23', 1),
(12466, 1237, 46, '2026-03-02', 1),
(12467, 1237, 46, '2026-03-09', 1),
(12468, 1237, 46, '2026-03-16', 0),
(12469, 1237, 46, '2026-03-23', 1),
(12470, 1237, 47, '2026-03-02', 1),
(12471, 1237, 47, '2026-03-09', 1),
(12472, 1237, 47, '2026-03-16', 0),
(12473, 1237, 47, '2026-03-23', 1),
(12474, 1237, 48, '2026-03-02', 1),
(12475, 1237, 48, '2026-03-09', 1),
(12476, 1237, 48, '2026-03-16', 0),
(12477, 1237, 48, '2026-03-23', 1),
(12478, 1237, 49, '2026-03-02', 1),
(12479, 1237, 49, '2026-03-09', 1),
(12480, 1237, 49, '2026-03-16', 0),
(12481, 1237, 49, '2026-03-23', 1),
(12482, 1237, 50, '2026-03-02', 1),
(12483, 1237, 50, '2026-03-09', 1),
(12484, 1237, 50, '2026-03-16', 0),
(12485, 1237, 50, '2026-03-23', 1),
(12486, 1238, 41, '2026-03-02', 1),
(12487, 1238, 41, '2026-03-09', 1),
(12488, 1238, 41, '2026-03-16', 0),
(12489, 1238, 41, '2026-03-23', 1),
(12490, 1238, 42, '2026-03-02', 1),
(12491, 1238, 42, '2026-03-09', 1),
(12492, 1238, 42, '2026-03-16', 0),
(12493, 1238, 42, '2026-03-23', 1),
(12494, 1238, 43, '2026-03-02', 1),
(12495, 1238, 43, '2026-03-09', 1),
(12496, 1238, 43, '2026-03-16', 0),
(12497, 1238, 43, '2026-03-23', 1),
(12498, 1238, 44, '2026-03-02', 1),
(12499, 1238, 44, '2026-03-09', 1),
(12500, 1238, 44, '2026-03-16', 0),
(12501, 1238, 44, '2026-03-23', 1),
(12502, 1238, 45, '2026-03-02', 1),
(12503, 1238, 45, '2026-03-09', 1),
(12504, 1238, 45, '2026-03-16', 0),
(12505, 1238, 45, '2026-03-23', 1),
(12506, 1238, 46, '2026-03-02', 1),
(12507, 1238, 46, '2026-03-09', 1),
(12508, 1238, 46, '2026-03-16', 0),
(12509, 1238, 46, '2026-03-23', 1),
(12510, 1238, 47, '2026-03-02', 1),
(12511, 1238, 47, '2026-03-09', 1),
(12512, 1238, 47, '2026-03-16', 0),
(12513, 1238, 47, '2026-03-23', 1),
(12514, 1238, 48, '2026-03-02', 1),
(12515, 1238, 48, '2026-03-09', 1),
(12516, 1238, 48, '2026-03-16', 0),
(12517, 1238, 48, '2026-03-23', 1),
(12518, 1238, 49, '2026-03-02', 1),
(12519, 1238, 49, '2026-03-09', 1),
(12520, 1238, 49, '2026-03-16', 0),
(12521, 1238, 49, '2026-03-23', 1),
(12522, 1238, 50, '2026-03-02', 1),
(12523, 1238, 50, '2026-03-09', 1),
(12524, 1238, 50, '2026-03-16', 0),
(12525, 1238, 50, '2026-03-23', 1),
(12526, 1239, 41, '2026-03-02', 1),
(12527, 1239, 41, '2026-03-09', 1),
(12528, 1239, 41, '2026-03-16', 0),
(12529, 1239, 41, '2026-03-23', 1),
(12530, 1239, 42, '2026-03-02', 1),
(12531, 1239, 42, '2026-03-09', 1),
(12532, 1239, 42, '2026-03-16', 0),
(12533, 1239, 42, '2026-03-23', 1),
(12534, 1239, 43, '2026-03-02', 1),
(12535, 1239, 43, '2026-03-09', 1),
(12536, 1239, 43, '2026-03-16', 0),
(12537, 1239, 43, '2026-03-23', 1),
(12538, 1239, 44, '2026-03-02', 1),
(12539, 1239, 44, '2026-03-09', 1),
(12540, 1239, 44, '2026-03-16', 0),
(12541, 1239, 44, '2026-03-23', 1),
(12542, 1239, 45, '2026-03-02', 1),
(12543, 1239, 45, '2026-03-09', 1),
(12544, 1239, 45, '2026-03-16', 0),
(12545, 1239, 45, '2026-03-23', 1),
(12546, 1239, 46, '2026-03-02', 1),
(12547, 1239, 46, '2026-03-09', 1),
(12548, 1239, 46, '2026-03-16', 0),
(12549, 1239, 46, '2026-03-23', 1),
(12550, 1239, 47, '2026-03-02', 1),
(12551, 1239, 47, '2026-03-09', 1),
(12552, 1239, 47, '2026-03-16', 0),
(12553, 1239, 47, '2026-03-23', 1),
(12554, 1239, 48, '2026-03-02', 1),
(12555, 1239, 48, '2026-03-09', 1),
(12556, 1239, 48, '2026-03-16', 0),
(12557, 1239, 48, '2026-03-23', 1),
(12558, 1239, 49, '2026-03-02', 1),
(12559, 1239, 49, '2026-03-09', 1),
(12560, 1239, 49, '2026-03-16', 0),
(12561, 1239, 49, '2026-03-23', 1),
(12562, 1239, 50, '2026-03-02', 1),
(12563, 1239, 50, '2026-03-09', 1),
(12564, 1239, 50, '2026-03-16', 0),
(12565, 1239, 50, '2026-03-23', 1),
(12566, 1240, 41, '2026-03-02', 1),
(12567, 1240, 41, '2026-03-09', 1),
(12568, 1240, 41, '2026-03-16', 0),
(12569, 1240, 41, '2026-03-23', 1),
(12570, 1240, 42, '2026-03-02', 1),
(12571, 1240, 42, '2026-03-09', 1),
(12572, 1240, 42, '2026-03-16', 0),
(12573, 1240, 42, '2026-03-23', 1),
(12574, 1240, 43, '2026-03-02', 1),
(12575, 1240, 43, '2026-03-09', 1),
(12576, 1240, 43, '2026-03-16', 0),
(12577, 1240, 43, '2026-03-23', 1),
(12578, 1240, 44, '2026-03-02', 1),
(12579, 1240, 44, '2026-03-09', 1),
(12580, 1240, 44, '2026-03-16', 0),
(12581, 1240, 44, '2026-03-23', 1),
(12582, 1240, 45, '2026-03-02', 1),
(12583, 1240, 45, '2026-03-09', 1),
(12584, 1240, 45, '2026-03-16', 0),
(12585, 1240, 45, '2026-03-23', 1),
(12586, 1240, 46, '2026-03-02', 1),
(12587, 1240, 46, '2026-03-09', 1),
(12588, 1240, 46, '2026-03-16', 0),
(12589, 1240, 46, '2026-03-23', 1),
(12590, 1240, 47, '2026-03-02', 1),
(12591, 1240, 47, '2026-03-09', 1),
(12592, 1240, 47, '2026-03-16', 0),
(12593, 1240, 47, '2026-03-23', 1),
(12594, 1240, 48, '2026-03-02', 1),
(12595, 1240, 48, '2026-03-09', 1),
(12596, 1240, 48, '2026-03-16', 0),
(12597, 1240, 48, '2026-03-23', 1),
(12598, 1240, 49, '2026-03-02', 1),
(12599, 1240, 49, '2026-03-09', 1),
(12600, 1240, 49, '2026-03-16', 0),
(12601, 1240, 49, '2026-03-23', 1),
(12602, 1240, 50, '2026-03-02', 1),
(12603, 1240, 50, '2026-03-09', 1),
(12604, 1240, 50, '2026-03-16', 0),
(12605, 1240, 50, '2026-03-23', 1),
(12606, 1241, 41, '2026-03-02', 1),
(12607, 1241, 41, '2026-03-09', 1),
(12608, 1241, 41, '2026-03-16', 0),
(12609, 1241, 41, '2026-03-23', 1),
(12610, 1241, 42, '2026-03-02', 1),
(12611, 1241, 42, '2026-03-09', 1),
(12612, 1241, 42, '2026-03-16', 0),
(12613, 1241, 42, '2026-03-23', 1),
(12614, 1241, 43, '2026-03-02', 1),
(12615, 1241, 43, '2026-03-09', 1),
(12616, 1241, 43, '2026-03-16', 0),
(12617, 1241, 43, '2026-03-23', 1),
(12618, 1241, 44, '2026-03-02', 1),
(12619, 1241, 44, '2026-03-09', 1),
(12620, 1241, 44, '2026-03-16', 0),
(12621, 1241, 44, '2026-03-23', 1),
(12622, 1241, 45, '2026-03-02', 1),
(12623, 1241, 45, '2026-03-09', 1),
(12624, 1241, 45, '2026-03-16', 0),
(12625, 1241, 45, '2026-03-23', 1),
(12626, 1241, 46, '2026-03-02', 1),
(12627, 1241, 46, '2026-03-09', 1),
(12628, 1241, 46, '2026-03-16', 0),
(12629, 1241, 46, '2026-03-23', 1),
(12630, 1241, 47, '2026-03-02', 1),
(12631, 1241, 47, '2026-03-09', 1),
(12632, 1241, 47, '2026-03-16', 0),
(12633, 1241, 47, '2026-03-23', 1),
(12634, 1241, 48, '2026-03-02', 1),
(12635, 1241, 48, '2026-03-09', 1),
(12636, 1241, 48, '2026-03-16', 0),
(12637, 1241, 48, '2026-03-23', 1),
(12638, 1241, 49, '2026-03-02', 1),
(12639, 1241, 49, '2026-03-09', 1),
(12640, 1241, 49, '2026-03-16', 0),
(12641, 1241, 49, '2026-03-23', 1),
(12642, 1241, 50, '2026-03-02', 1),
(12643, 1241, 50, '2026-03-09', 1),
(12644, 1241, 50, '2026-03-16', 0),
(12645, 1241, 50, '2026-03-23', 1),
(12646, 1242, 41, '2026-03-02', 1),
(12647, 1242, 41, '2026-03-09', 1),
(12648, 1242, 41, '2026-03-16', 0),
(12649, 1242, 41, '2026-03-23', 1),
(12650, 1242, 42, '2026-03-02', 1),
(12651, 1242, 42, '2026-03-09', 1),
(12652, 1242, 42, '2026-03-16', 0),
(12653, 1242, 42, '2026-03-23', 1),
(12654, 1242, 43, '2026-03-02', 1),
(12655, 1242, 43, '2026-03-09', 1),
(12656, 1242, 43, '2026-03-16', 0),
(12657, 1242, 43, '2026-03-23', 1),
(12658, 1242, 44, '2026-03-02', 1),
(12659, 1242, 44, '2026-03-09', 1),
(12660, 1242, 44, '2026-03-16', 0),
(12661, 1242, 44, '2026-03-23', 1),
(12662, 1242, 45, '2026-03-02', 1),
(12663, 1242, 45, '2026-03-09', 1),
(12664, 1242, 45, '2026-03-16', 0),
(12665, 1242, 45, '2026-03-23', 1),
(12666, 1242, 46, '2026-03-02', 1),
(12667, 1242, 46, '2026-03-09', 1),
(12668, 1242, 46, '2026-03-16', 0),
(12669, 1242, 46, '2026-03-23', 1),
(12670, 1242, 47, '2026-03-02', 1),
(12671, 1242, 47, '2026-03-09', 1),
(12672, 1242, 47, '2026-03-16', 0),
(12673, 1242, 47, '2026-03-23', 1),
(12674, 1242, 48, '2026-03-02', 1),
(12675, 1242, 48, '2026-03-09', 1),
(12676, 1242, 48, '2026-03-16', 0),
(12677, 1242, 48, '2026-03-23', 1),
(12678, 1242, 49, '2026-03-02', 1),
(12679, 1242, 49, '2026-03-09', 1),
(12680, 1242, 49, '2026-03-16', 0),
(12681, 1242, 49, '2026-03-23', 1),
(12682, 1242, 50, '2026-03-02', 1),
(12683, 1242, 50, '2026-03-09', 1),
(12684, 1242, 50, '2026-03-16', 0),
(12685, 1242, 50, '2026-03-23', 1),
(12686, 1243, 41, '2026-03-02', 1),
(12687, 1243, 41, '2026-03-09', 1),
(12688, 1243, 41, '2026-03-16', 0),
(12689, 1243, 41, '2026-03-23', 1),
(12690, 1243, 42, '2026-03-02', 1),
(12691, 1243, 42, '2026-03-09', 1),
(12692, 1243, 42, '2026-03-16', 0),
(12693, 1243, 42, '2026-03-23', 1),
(12694, 1243, 43, '2026-03-02', 1),
(12695, 1243, 43, '2026-03-09', 1),
(12696, 1243, 43, '2026-03-16', 0),
(12697, 1243, 43, '2026-03-23', 1),
(12698, 1243, 44, '2026-03-02', 1),
(12699, 1243, 44, '2026-03-09', 1),
(12700, 1243, 44, '2026-03-16', 0),
(12701, 1243, 44, '2026-03-23', 1),
(12702, 1243, 45, '2026-03-02', 1),
(12703, 1243, 45, '2026-03-09', 1),
(12704, 1243, 45, '2026-03-16', 0),
(12705, 1243, 45, '2026-03-23', 1),
(12706, 1243, 46, '2026-03-02', 1),
(12707, 1243, 46, '2026-03-09', 1),
(12708, 1243, 46, '2026-03-16', 0),
(12709, 1243, 46, '2026-03-23', 1),
(12710, 1243, 47, '2026-03-02', 1),
(12711, 1243, 47, '2026-03-09', 1),
(12712, 1243, 47, '2026-03-16', 0),
(12713, 1243, 47, '2026-03-23', 1),
(12714, 1243, 48, '2026-03-02', 1),
(12715, 1243, 48, '2026-03-09', 1),
(12716, 1243, 48, '2026-03-16', 0),
(12717, 1243, 48, '2026-03-23', 1),
(12718, 1243, 49, '2026-03-02', 1),
(12719, 1243, 49, '2026-03-09', 1),
(12720, 1243, 49, '2026-03-16', 0),
(12721, 1243, 49, '2026-03-23', 1),
(12722, 1243, 50, '2026-03-02', 1),
(12723, 1243, 50, '2026-03-09', 1),
(12724, 1243, 50, '2026-03-16', 0),
(12725, 1243, 50, '2026-03-23', 1),
(12726, 1244, 41, '2026-03-02', 1),
(12727, 1244, 41, '2026-03-09', 1),
(12728, 1244, 41, '2026-03-16', 0),
(12729, 1244, 41, '2026-03-23', 1),
(12730, 1244, 42, '2026-03-02', 1),
(12731, 1244, 42, '2026-03-09', 1),
(12732, 1244, 42, '2026-03-16', 0),
(12733, 1244, 42, '2026-03-23', 1),
(12734, 1244, 43, '2026-03-02', 1),
(12735, 1244, 43, '2026-03-09', 1),
(12736, 1244, 43, '2026-03-16', 0),
(12737, 1244, 43, '2026-03-23', 1),
(12738, 1244, 44, '2026-03-02', 1),
(12739, 1244, 44, '2026-03-09', 1),
(12740, 1244, 44, '2026-03-16', 0),
(12741, 1244, 44, '2026-03-23', 1),
(12742, 1244, 45, '2026-03-02', 1),
(12743, 1244, 45, '2026-03-09', 1),
(12744, 1244, 45, '2026-03-16', 0),
(12745, 1244, 45, '2026-03-23', 1),
(12746, 1244, 46, '2026-03-02', 1),
(12747, 1244, 46, '2026-03-09', 1),
(12748, 1244, 46, '2026-03-16', 0),
(12749, 1244, 46, '2026-03-23', 1),
(12750, 1244, 47, '2026-03-02', 1),
(12751, 1244, 47, '2026-03-09', 1),
(12752, 1244, 47, '2026-03-16', 0),
(12753, 1244, 47, '2026-03-23', 1),
(12754, 1244, 48, '2026-03-02', 1),
(12755, 1244, 48, '2026-03-09', 1),
(12756, 1244, 48, '2026-03-16', 0),
(12757, 1244, 48, '2026-03-23', 1),
(12758, 1244, 49, '2026-03-02', 1),
(12759, 1244, 49, '2026-03-09', 1),
(12760, 1244, 49, '2026-03-16', 0),
(12761, 1244, 49, '2026-03-23', 1),
(12762, 1244, 50, '2026-03-02', 1),
(12763, 1244, 50, '2026-03-09', 1),
(12764, 1244, 50, '2026-03-16', 0),
(12765, 1244, 50, '2026-03-23', 1),
(12766, 1245, 41, '2026-03-02', 1),
(12767, 1245, 41, '2026-03-09', 1),
(12768, 1245, 41, '2026-03-16', 0),
(12769, 1245, 41, '2026-03-23', 1),
(12770, 1245, 42, '2026-03-02', 1),
(12771, 1245, 42, '2026-03-09', 1),
(12772, 1245, 42, '2026-03-16', 0),
(12773, 1245, 42, '2026-03-23', 1),
(12774, 1245, 43, '2026-03-02', 1),
(12775, 1245, 43, '2026-03-09', 1),
(12776, 1245, 43, '2026-03-16', 0),
(12777, 1245, 43, '2026-03-23', 1),
(12778, 1245, 44, '2026-03-02', 1),
(12779, 1245, 44, '2026-03-09', 1),
(12780, 1245, 44, '2026-03-16', 0),
(12781, 1245, 44, '2026-03-23', 1),
(12782, 1245, 45, '2026-03-02', 1),
(12783, 1245, 45, '2026-03-09', 1),
(12784, 1245, 45, '2026-03-16', 0),
(12785, 1245, 45, '2026-03-23', 1),
(12786, 1245, 46, '2026-03-02', 1),
(12787, 1245, 46, '2026-03-09', 1),
(12788, 1245, 46, '2026-03-16', 0),
(12789, 1245, 46, '2026-03-23', 1),
(12790, 1245, 47, '2026-03-02', 1),
(12791, 1245, 47, '2026-03-09', 1),
(12792, 1245, 47, '2026-03-16', 0),
(12793, 1245, 47, '2026-03-23', 1),
(12794, 1245, 48, '2026-03-02', 1),
(12795, 1245, 48, '2026-03-09', 1),
(12796, 1245, 48, '2026-03-16', 0),
(12797, 1245, 48, '2026-03-23', 1),
(12798, 1245, 49, '2026-03-02', 1),
(12799, 1245, 49, '2026-03-09', 1),
(12800, 1245, 49, '2026-03-16', 0),
(12801, 1245, 49, '2026-03-23', 1),
(12802, 1245, 50, '2026-03-02', 1),
(12803, 1245, 50, '2026-03-09', 1),
(12804, 1245, 50, '2026-03-16', 0),
(12805, 1245, 50, '2026-03-23', 1),
(12806, 1246, 41, '2026-03-02', 1),
(12807, 1246, 41, '2026-03-09', 1),
(12808, 1246, 41, '2026-03-16', 0),
(12809, 1246, 41, '2026-03-23', 1),
(12810, 1246, 42, '2026-03-02', 1),
(12811, 1246, 42, '2026-03-09', 1),
(12812, 1246, 42, '2026-03-16', 0),
(12813, 1246, 42, '2026-03-23', 1),
(12814, 1246, 43, '2026-03-02', 1),
(12815, 1246, 43, '2026-03-09', 1),
(12816, 1246, 43, '2026-03-16', 0),
(12817, 1246, 43, '2026-03-23', 1),
(12818, 1246, 44, '2026-03-02', 1),
(12819, 1246, 44, '2026-03-09', 1),
(12820, 1246, 44, '2026-03-16', 0),
(12821, 1246, 44, '2026-03-23', 1),
(12822, 1246, 45, '2026-03-02', 1),
(12823, 1246, 45, '2026-03-09', 1),
(12824, 1246, 45, '2026-03-16', 0),
(12825, 1246, 45, '2026-03-23', 1),
(12826, 1246, 46, '2026-03-02', 1),
(12827, 1246, 46, '2026-03-09', 1),
(12828, 1246, 46, '2026-03-16', 0),
(12829, 1246, 46, '2026-03-23', 1),
(12830, 1246, 47, '2026-03-02', 1),
(12831, 1246, 47, '2026-03-09', 1),
(12832, 1246, 47, '2026-03-16', 0),
(12833, 1246, 47, '2026-03-23', 1),
(12834, 1246, 48, '2026-03-02', 1),
(12835, 1246, 48, '2026-03-09', 1),
(12836, 1246, 48, '2026-03-16', 0),
(12837, 1246, 48, '2026-03-23', 1),
(12838, 1246, 49, '2026-03-02', 1),
(12839, 1246, 49, '2026-03-09', 1),
(12840, 1246, 49, '2026-03-16', 0),
(12841, 1246, 49, '2026-03-23', 1),
(12842, 1246, 50, '2026-03-02', 1),
(12843, 1246, 50, '2026-03-09', 1),
(12844, 1246, 50, '2026-03-16', 0),
(12845, 1246, 50, '2026-03-23', 1),
(12846, 1247, 41, '2026-03-02', 1),
(12847, 1247, 41, '2026-03-09', 1),
(12848, 1247, 41, '2026-03-16', 0),
(12849, 1247, 41, '2026-03-23', 1),
(12850, 1247, 42, '2026-03-02', 1),
(12851, 1247, 42, '2026-03-09', 1),
(12852, 1247, 42, '2026-03-16', 0),
(12853, 1247, 42, '2026-03-23', 1),
(12854, 1247, 43, '2026-03-02', 1),
(12855, 1247, 43, '2026-03-09', 1),
(12856, 1247, 43, '2026-03-16', 0),
(12857, 1247, 43, '2026-03-23', 1),
(12858, 1247, 44, '2026-03-02', 1),
(12859, 1247, 44, '2026-03-09', 1),
(12860, 1247, 44, '2026-03-16', 0),
(12861, 1247, 44, '2026-03-23', 1),
(12862, 1247, 45, '2026-03-02', 1),
(12863, 1247, 45, '2026-03-09', 1),
(12864, 1247, 45, '2026-03-16', 0),
(12865, 1247, 45, '2026-03-23', 1),
(12866, 1247, 46, '2026-03-02', 1),
(12867, 1247, 46, '2026-03-09', 1),
(12868, 1247, 46, '2026-03-16', 0),
(12869, 1247, 46, '2026-03-23', 1),
(12870, 1247, 47, '2026-03-02', 1),
(12871, 1247, 47, '2026-03-09', 1),
(12872, 1247, 47, '2026-03-16', 0),
(12873, 1247, 47, '2026-03-23', 1),
(12874, 1247, 48, '2026-03-02', 1),
(12875, 1247, 48, '2026-03-09', 1),
(12876, 1247, 48, '2026-03-16', 0),
(12877, 1247, 48, '2026-03-23', 1),
(12878, 1247, 49, '2026-03-02', 1),
(12879, 1247, 49, '2026-03-09', 1),
(12880, 1247, 49, '2026-03-16', 0),
(12881, 1247, 49, '2026-03-23', 1),
(12882, 1247, 50, '2026-03-02', 1),
(12883, 1247, 50, '2026-03-09', 1),
(12884, 1247, 50, '2026-03-16', 0),
(12885, 1247, 50, '2026-03-23', 1),
(12886, 1248, 41, '2026-03-02', 1),
(12887, 1248, 41, '2026-03-09', 1),
(12888, 1248, 41, '2026-03-16', 0),
(12889, 1248, 41, '2026-03-23', 1),
(12890, 1248, 42, '2026-03-02', 1),
(12891, 1248, 42, '2026-03-09', 1),
(12892, 1248, 42, '2026-03-16', 0),
(12893, 1248, 42, '2026-03-23', 1),
(12894, 1248, 43, '2026-03-02', 1),
(12895, 1248, 43, '2026-03-09', 1),
(12896, 1248, 43, '2026-03-16', 0),
(12897, 1248, 43, '2026-03-23', 1),
(12898, 1248, 44, '2026-03-02', 1),
(12899, 1248, 44, '2026-03-09', 1),
(12900, 1248, 44, '2026-03-16', 0),
(12901, 1248, 44, '2026-03-23', 1),
(12902, 1248, 45, '2026-03-02', 1),
(12903, 1248, 45, '2026-03-09', 1),
(12904, 1248, 45, '2026-03-16', 0),
(12905, 1248, 45, '2026-03-23', 1),
(12906, 1248, 46, '2026-03-02', 1),
(12907, 1248, 46, '2026-03-09', 1),
(12908, 1248, 46, '2026-03-16', 0),
(12909, 1248, 46, '2026-03-23', 1),
(12910, 1248, 47, '2026-03-02', 1),
(12911, 1248, 47, '2026-03-09', 1),
(12912, 1248, 47, '2026-03-16', 0),
(12913, 1248, 47, '2026-03-23', 1),
(12914, 1248, 48, '2026-03-02', 1),
(12915, 1248, 48, '2026-03-09', 1),
(12916, 1248, 48, '2026-03-16', 0),
(12917, 1248, 48, '2026-03-23', 1),
(12918, 1248, 49, '2026-03-02', 1),
(12919, 1248, 49, '2026-03-09', 1),
(12920, 1248, 49, '2026-03-16', 0),
(12921, 1248, 49, '2026-03-23', 1),
(12922, 1248, 50, '2026-03-02', 1),
(12923, 1248, 50, '2026-03-09', 1),
(12924, 1248, 50, '2026-03-16', 0),
(12925, 1248, 50, '2026-03-23', 1),
(12926, 1249, 41, '2026-03-02', 1),
(12927, 1249, 41, '2026-03-09', 1),
(12928, 1249, 41, '2026-03-16', 0),
(12929, 1249, 41, '2026-03-23', 1),
(12930, 1249, 42, '2026-03-02', 1),
(12931, 1249, 42, '2026-03-09', 1),
(12932, 1249, 42, '2026-03-16', 0),
(12933, 1249, 42, '2026-03-23', 1),
(12934, 1249, 43, '2026-03-02', 1),
(12935, 1249, 43, '2026-03-09', 1),
(12936, 1249, 43, '2026-03-16', 0),
(12937, 1249, 43, '2026-03-23', 1),
(12938, 1249, 44, '2026-03-02', 1),
(12939, 1249, 44, '2026-03-09', 1),
(12940, 1249, 44, '2026-03-16', 0),
(12941, 1249, 44, '2026-03-23', 1),
(12942, 1249, 45, '2026-03-02', 1),
(12943, 1249, 45, '2026-03-09', 1),
(12944, 1249, 45, '2026-03-16', 0),
(12945, 1249, 45, '2026-03-23', 1),
(12946, 1249, 46, '2026-03-02', 1),
(12947, 1249, 46, '2026-03-09', 1),
(12948, 1249, 46, '2026-03-16', 0),
(12949, 1249, 46, '2026-03-23', 1),
(12950, 1249, 47, '2026-03-02', 1),
(12951, 1249, 47, '2026-03-09', 1),
(12952, 1249, 47, '2026-03-16', 0),
(12953, 1249, 47, '2026-03-23', 1),
(12954, 1249, 48, '2026-03-02', 1),
(12955, 1249, 48, '2026-03-09', 1),
(12956, 1249, 48, '2026-03-16', 0),
(12957, 1249, 48, '2026-03-23', 1),
(12958, 1249, 49, '2026-03-02', 1),
(12959, 1249, 49, '2026-03-09', 1),
(12960, 1249, 49, '2026-03-16', 0),
(12961, 1249, 49, '2026-03-23', 1),
(12962, 1249, 50, '2026-03-02', 1),
(12963, 1249, 50, '2026-03-09', 1),
(12964, 1249, 50, '2026-03-16', 0),
(12965, 1249, 50, '2026-03-23', 1),
(12966, 1250, 41, '2026-03-02', 1),
(12967, 1250, 41, '2026-03-09', 1),
(12968, 1250, 41, '2026-03-16', 0),
(12969, 1250, 41, '2026-03-23', 1),
(12970, 1250, 42, '2026-03-02', 1),
(12971, 1250, 42, '2026-03-09', 1),
(12972, 1250, 42, '2026-03-16', 0),
(12973, 1250, 42, '2026-03-23', 1),
(12974, 1250, 43, '2026-03-02', 1),
(12975, 1250, 43, '2026-03-09', 1),
(12976, 1250, 43, '2026-03-16', 0),
(12977, 1250, 43, '2026-03-23', 1),
(12978, 1250, 44, '2026-03-02', 1),
(12979, 1250, 44, '2026-03-09', 1),
(12980, 1250, 44, '2026-03-16', 0),
(12981, 1250, 44, '2026-03-23', 1),
(12982, 1250, 45, '2026-03-02', 1),
(12983, 1250, 45, '2026-03-09', 1),
(12984, 1250, 45, '2026-03-16', 0),
(12985, 1250, 45, '2026-03-23', 1),
(12986, 1250, 46, '2026-03-02', 1),
(12987, 1250, 46, '2026-03-09', 1),
(12988, 1250, 46, '2026-03-16', 0),
(12989, 1250, 46, '2026-03-23', 1),
(12990, 1250, 47, '2026-03-02', 1),
(12991, 1250, 47, '2026-03-09', 1),
(12992, 1250, 47, '2026-03-16', 0),
(12993, 1250, 47, '2026-03-23', 1),
(12994, 1250, 48, '2026-03-02', 1),
(12995, 1250, 48, '2026-03-09', 1),
(12996, 1250, 48, '2026-03-16', 0),
(12997, 1250, 48, '2026-03-23', 1),
(12998, 1250, 49, '2026-03-02', 1),
(12999, 1250, 49, '2026-03-09', 1),
(13000, 1250, 49, '2026-03-16', 0),
(13001, 1250, 49, '2026-03-23', 1),
(13002, 1250, 50, '2026-03-02', 1),
(13003, 1250, 50, '2026-03-09', 1),
(13004, 1250, 50, '2026-03-16', 0),
(13005, 1250, 50, '2026-03-23', 1);

-- --------------------------------------------------------

--
-- Estrutura para tabela `matricula`
--

DROP TABLE IF EXISTS `matricula`;
CREATE TABLE `matricula` (
  `id_matricula` int(11) NOT NULL,
  `id_alunos` int(11) NOT NULL,
  `id_turmas` int(11) NOT NULL,
  `data_matricula` date NOT NULL,
  `situacao_da_matricula` varchar(50) NOT NULL
) ENGINE=InnoDB DEFAULT CHARSET=utf8mb4 COLLATE=utf8mb4_general_ci;

--
-- Despejando dados para a tabela `matricula`
--

INSERT INTO `matricula` (`id_matricula`, `id_alunos`, `id_turmas`, `data_matricula`, `situacao_da_matricula`) VALUES
(1001, 1, 101, '2026-01-15', 'Ativo'),
(1002, 2, 101, '2026-01-15', 'Ativo'),
(1003, 3, 101, '2026-01-15', 'Ativo'),
(1004, 4, 101, '2026-01-15', 'Ativo'),
(1005, 5, 101, '2026-01-15', 'Ativo'),
(1006, 6, 101, '2026-01-15', 'Ativo'),
(1007, 7, 101, '2026-01-15', 'Ativo'),
(1008, 8, 101, '2026-01-15', 'Ativo'),
(1009, 9, 101, '2026-01-15', 'Ativo'),
(1010, 10, 101, '2026-01-15', 'Ativo'),
(1011, 11, 101, '2026-01-15', 'Ativo'),
(1012, 12, 101, '2026-01-15', 'Ativo'),
(1013, 13, 101, '2026-01-15', 'Ativo'),
(1014, 14, 101, '2026-01-15', 'Ativo'),
(1015, 15, 101, '2026-01-15', 'Ativo'),
(1016, 16, 101, '2026-01-15', 'Ativo'),
(1017, 17, 101, '2026-01-15', 'Ativo'),
(1018, 18, 101, '2026-01-15', 'Ativo'),
(1019, 19, 101, '2026-01-15', 'Ativo'),
(1020, 20, 101, '2026-01-15', 'Ativo'),
(1021, 21, 101, '2026-01-15', 'Ativo'),
(1022, 22, 101, '2026-01-15', 'Ativo'),
(1023, 23, 101, '2026-01-15', 'Ativo'),
(1024, 24, 101, '2026-01-15', 'Ativo'),
(1025, 25, 101, '2026-01-15', 'Ativo'),
(1026, 26, 101, '2026-01-15', 'Ativo'),
(1027, 27, 101, '2026-01-15', 'Ativo'),
(1028, 28, 101, '2026-01-15', 'Ativo'),
(1029, 29, 101, '2026-01-15', 'Ativo'),
(1030, 30, 101, '2026-01-15', 'Ativo'),
(1031, 31, 101, '2026-01-15', 'Ativo'),
(1032, 32, 101, '2026-01-15', 'Ativo'),
(1033, 33, 101, '2026-01-15', 'Ativo'),
(1034, 34, 101, '2026-01-15', 'Ativo'),
(1035, 35, 101, '2026-01-15', 'Ativo'),
(1036, 36, 101, '2026-01-15', 'Ativo'),
(1037, 37, 101, '2026-01-15', 'Ativo'),
(1038, 38, 101, '2026-01-15', 'Ativo'),
(1039, 39, 101, '2026-01-15', 'Ativo'),
(1040, 40, 101, '2026-01-15', 'Ativo'),
(1041, 41, 101, '2026-01-15', 'Ativo'),
(1042, 42, 101, '2026-01-15', 'Ativo'),
(1043, 43, 101, '2026-01-15', 'Ativo'),
(1044, 44, 101, '2026-01-15', 'Ativo'),
(1045, 45, 101, '2026-01-15', 'Ativo'),
(1046, 46, 101, '2026-01-15', 'Ativo'),
(1047, 47, 101, '2026-01-15', 'Ativo'),
(1048, 48, 101, '2026-01-15', 'Ativo'),
(1049, 49, 101, '2026-01-15', 'Ativo'),
(1050, 50, 101, '2026-01-15', 'Ativo'),
(1051, 51, 102, '2026-01-15', 'Ativo'),
(1052, 52, 102, '2026-01-15', 'Ativo'),
(1053, 53, 102, '2026-01-15', 'Ativo'),
(1054, 54, 102, '2026-01-15', 'Ativo'),
(1055, 55, 102, '2026-01-15', 'Ativo'),
(1056, 56, 102, '2026-01-15', 'Ativo'),
(1057, 57, 102, '2026-01-15', 'Ativo'),
(1058, 58, 102, '2026-01-15', 'Ativo'),
(1059, 59, 102, '2026-01-15', 'Ativo'),
(1060, 60, 102, '2026-01-15', 'Ativo'),
(1061, 61, 102, '2026-01-15', 'Ativo'),
(1062, 62, 102, '2026-01-15', 'Ativo'),
(1063, 63, 102, '2026-01-15', 'Ativo'),
(1064, 64, 102, '2026-01-15', 'Ativo'),
(1065, 65, 102, '2026-01-15', 'Ativo'),
(1066, 66, 102, '2026-01-15', 'Ativo'),
(1067, 67, 102, '2026-01-15', 'Ativo'),
(1068, 68, 102, '2026-01-15', 'Ativo'),
(1069, 69, 102, '2026-01-15', 'Ativo'),
(1070, 70, 102, '2026-01-15', 'Ativo'),
(1071, 71, 102, '2026-01-15', 'Ativo'),
(1072, 72, 102, '2026-01-15', 'Ativo'),
(1073, 73, 102, '2026-01-15', 'Ativo'),
(1074, 74, 102, '2026-01-15', 'Ativo'),
(1075, 75, 102, '2026-01-15', 'Ativo'),
(1076, 76, 102, '2026-01-15', 'Ativo'),
(1077, 77, 102, '2026-01-15', 'Ativo'),
(1078, 78, 102, '2026-01-15', 'Ativo'),
(1079, 79, 102, '2026-01-15', 'Ativo'),
(1080, 80, 102, '2026-01-15', 'Ativo'),
(1081, 81, 102, '2026-01-15', 'Ativo'),
(1082, 82, 102, '2026-01-15', 'Ativo'),
(1083, 83, 102, '2026-01-15', 'Ativo'),
(1084, 84, 102, '2026-01-15', 'Ativo'),
(1085, 85, 102, '2026-01-15', 'Ativo'),
(1086, 86, 102, '2026-01-15', 'Ativo'),
(1087, 87, 102, '2026-01-15', 'Ativo'),
(1088, 88, 102, '2026-01-15', 'Ativo'),
(1089, 89, 102, '2026-01-15', 'Ativo'),
(1090, 90, 102, '2026-01-15', 'Ativo'),
(1091, 91, 102, '2026-01-15', 'Ativo'),
(1092, 92, 102, '2026-01-15', 'Ativo'),
(1093, 93, 102, '2026-01-15', 'Ativo'),
(1094, 94, 102, '2026-01-15', 'Ativo'),
(1095, 95, 102, '2026-01-15', 'Ativo'),
(1096, 96, 102, '2026-01-15', 'Ativo'),
(1097, 97, 102, '2026-01-15', 'Ativo'),
(1098, 98, 102, '2026-01-15', 'Ativo'),
(1099, 99, 102, '2026-01-15', 'Ativo'),
(1100, 100, 102, '2026-01-15', 'Ativo'),
(1101, 101, 103, '2026-01-15', 'Ativo'),
(1102, 102, 103, '2026-01-15', 'Ativo'),
(1103, 103, 103, '2026-01-15', 'Ativo'),
(1104, 104, 103, '2026-01-15', 'Ativo'),
(1105, 105, 103, '2026-01-15', 'Ativo'),
(1106, 106, 103, '2026-01-15', 'Ativo'),
(1107, 107, 103, '2026-01-15', 'Ativo'),
(1108, 108, 103, '2026-01-15', 'Ativo'),
(1109, 109, 103, '2026-01-15', 'Ativo'),
(1110, 110, 103, '2026-01-15', 'Ativo'),
(1111, 111, 103, '2026-01-15', 'Ativo'),
(1112, 112, 103, '2026-01-15', 'Ativo'),
(1113, 113, 103, '2026-01-15', 'Ativo'),
(1114, 114, 103, '2026-01-15', 'Ativo'),
(1115, 115, 103, '2026-01-15', 'Ativo'),
(1116, 116, 103, '2026-01-15', 'Ativo'),
(1117, 117, 103, '2026-01-15', 'Ativo'),
(1118, 118, 103, '2026-01-15', 'Ativo'),
(1119, 119, 103, '2026-01-15', 'Ativo'),
(1120, 120, 103, '2026-01-15', 'Ativo'),
(1121, 121, 103, '2026-01-15', 'Ativo'),
(1122, 122, 103, '2026-01-15', 'Ativo'),
(1123, 123, 103, '2026-01-15', 'Ativo'),
(1124, 124, 103, '2026-01-15', 'Ativo'),
(1125, 125, 103, '2026-01-15', 'Ativo'),
(1126, 126, 103, '2026-01-15', 'Ativo'),
(1127, 127, 103, '2026-01-15', 'Ativo'),
(1128, 128, 103, '2026-01-15', 'Ativo'),
(1129, 129, 103, '2026-01-15', 'Ativo'),
(1130, 130, 103, '2026-01-15', 'Ativo'),
(1131, 131, 103, '2026-01-15', 'Ativo'),
(1132, 132, 103, '2026-01-15', 'Ativo'),
(1133, 133, 103, '2026-01-15', 'Ativo'),
(1134, 134, 103, '2026-01-15', 'Ativo'),
(1135, 135, 103, '2026-01-15', 'Ativo'),
(1136, 136, 103, '2026-01-15', 'Ativo'),
(1137, 137, 103, '2026-01-15', 'Ativo'),
(1138, 138, 103, '2026-01-15', 'Ativo'),
(1139, 139, 103, '2026-01-15', 'Ativo'),
(1140, 140, 103, '2026-01-15', 'Ativo'),
(1141, 141, 103, '2026-01-15', 'Ativo'),
(1142, 142, 103, '2026-01-15', 'Ativo'),
(1143, 143, 103, '2026-01-15', 'Ativo'),
(1144, 144, 103, '2026-01-15', 'Ativo'),
(1145, 145, 103, '2026-01-15', 'Ativo'),
(1146, 146, 103, '2026-01-15', 'Ativo'),
(1147, 147, 103, '2026-01-15', 'Ativo'),
(1148, 148, 103, '2026-01-15', 'Ativo'),
(1149, 149, 103, '2026-01-15', 'Ativo'),
(1150, 150, 103, '2026-01-15', 'Ativo'),
(1151, 151, 104, '2026-01-15', 'Ativo'),
(1152, 152, 104, '2026-01-15', 'Ativo'),
(1153, 153, 104, '2026-01-15', 'Ativo'),
(1154, 154, 104, '2026-01-15', 'Ativo'),
(1155, 155, 104, '2026-01-15', 'Ativo'),
(1156, 156, 104, '2026-01-15', 'Ativo'),
(1157, 157, 104, '2026-01-15', 'Ativo'),
(1158, 158, 104, '2026-01-15', 'Ativo'),
(1159, 159, 104, '2026-01-15', 'Ativo'),
(1160, 160, 104, '2026-01-15', 'Ativo'),
(1161, 161, 104, '2026-01-15', 'Ativo'),
(1162, 162, 104, '2026-01-15', 'Ativo'),
(1163, 163, 104, '2026-01-15', 'Ativo'),
(1164, 164, 104, '2026-01-15', 'Ativo'),
(1165, 165, 104, '2026-01-15', 'Ativo'),
(1166, 166, 104, '2026-01-15', 'Ativo'),
(1167, 167, 104, '2026-01-15', 'Ativo'),
(1168, 168, 104, '2026-01-15', 'Ativo'),
(1169, 169, 104, '2026-01-15', 'Ativo'),
(1170, 170, 104, '2026-01-15', 'Ativo'),
(1171, 171, 104, '2026-01-15', 'Ativo'),
(1172, 172, 104, '2026-01-15', 'Ativo'),
(1173, 173, 104, '2026-01-15', 'Ativo'),
(1174, 174, 104, '2026-01-15', 'Ativo'),
(1175, 175, 104, '2026-01-15', 'Ativo'),
(1176, 176, 104, '2026-01-15', 'Ativo'),
(1177, 177, 104, '2026-01-15', 'Ativo'),
(1178, 178, 104, '2026-01-15', 'Ativo'),
(1179, 179, 104, '2026-01-15', 'Ativo'),
(1180, 180, 104, '2026-01-15', 'Ativo'),
(1181, 181, 104, '2026-01-15', 'Ativo'),
(1182, 182, 104, '2026-01-15', 'Ativo'),
(1183, 183, 104, '2026-01-15', 'Ativo'),
(1184, 184, 104, '2026-01-15', 'Ativo'),
(1185, 185, 104, '2026-01-15', 'Ativo'),
(1186, 186, 104, '2026-01-15', 'Ativo'),
(1187, 187, 104, '2026-01-15', 'Ativo'),
(1188, 188, 104, '2026-01-15', 'Ativo'),
(1189, 189, 104, '2026-01-15', 'Ativo'),
(1190, 190, 104, '2026-01-15', 'Ativo'),
(1191, 191, 104, '2026-01-15', 'Ativo'),
(1192, 192, 104, '2026-01-15', 'Ativo'),
(1193, 193, 104, '2026-01-15', 'Ativo'),
(1194, 194, 104, '2026-01-15', 'Ativo'),
(1195, 195, 104, '2026-01-15', 'Ativo'),
(1196, 196, 104, '2026-01-15', 'Ativo'),
(1197, 197, 104, '2026-01-15', 'Ativo'),
(1198, 198, 104, '2026-01-15', 'Ativo'),
(1199, 199, 104, '2026-01-15', 'Ativo'),
(1200, 200, 104, '2026-01-15', 'Ativo'),
(1201, 201, 105, '2026-01-15', 'Ativo'),
(1202, 202, 105, '2026-01-15', 'Ativo'),
(1203, 203, 105, '2026-01-15', 'Ativo'),
(1204, 204, 105, '2026-01-15', 'Ativo'),
(1205, 205, 105, '2026-01-15', 'Ativo'),
(1206, 206, 105, '2026-01-15', 'Ativo'),
(1207, 207, 105, '2026-01-15', 'Ativo'),
(1208, 208, 105, '2026-01-15', 'Ativo'),
(1209, 209, 105, '2026-01-15', 'Ativo'),
(1210, 210, 105, '2026-01-15', 'Ativo'),
(1211, 211, 105, '2026-01-15', 'Ativo'),
(1212, 212, 105, '2026-01-15', 'Ativo'),
(1213, 213, 105, '2026-01-15', 'Ativo'),
(1214, 214, 105, '2026-01-15', 'Ativo'),
(1215, 215, 105, '2026-01-15', 'Ativo'),
(1216, 216, 105, '2026-01-15', 'Ativo'),
(1217, 217, 105, '2026-01-15', 'Ativo'),
(1218, 218, 105, '2026-01-15', 'Ativo'),
(1219, 219, 105, '2026-01-15', 'Ativo'),
(1220, 220, 105, '2026-01-15', 'Ativo'),
(1221, 221, 105, '2026-01-15', 'Ativo'),
(1222, 222, 105, '2026-01-15', 'Ativo'),
(1223, 223, 105, '2026-01-15', 'Ativo'),
(1224, 224, 105, '2026-01-15', 'Ativo'),
(1225, 225, 105, '2026-01-15', 'Ativo'),
(1226, 226, 105, '2026-01-15', 'Ativo'),
(1227, 227, 105, '2026-01-15', 'Ativo'),
(1228, 228, 105, '2026-01-15', 'Ativo'),
(1229, 229, 105, '2026-01-15', 'Ativo'),
(1230, 230, 105, '2026-01-15', 'Ativo'),
(1231, 231, 105, '2026-01-15', 'Ativo'),
(1232, 232, 105, '2026-01-15', 'Ativo'),
(1233, 233, 105, '2026-01-15', 'Ativo'),
(1234, 234, 105, '2026-01-15', 'Ativo'),
(1235, 235, 105, '2026-01-15', 'Ativo'),
(1236, 236, 105, '2026-01-15', 'Ativo'),
(1237, 237, 105, '2026-01-15', 'Ativo'),
(1238, 238, 105, '2026-01-15', 'Ativo'),
(1239, 239, 105, '2026-01-15', 'Ativo'),
(1240, 240, 105, '2026-01-15', 'Ativo'),
(1241, 241, 105, '2026-01-15', 'Ativo'),
(1242, 242, 105, '2026-01-15', 'Ativo'),
(1243, 243, 105, '2026-01-15', 'Ativo'),
(1244, 244, 105, '2026-01-15', 'Ativo'),
(1245, 245, 105, '2026-01-15', 'Ativo'),
(1246, 246, 105, '2026-01-15', 'Ativo'),
(1247, 247, 105, '2026-01-15', 'Ativo'),
(1248, 248, 105, '2026-01-15', 'Ativo'),
(1249, 249, 105, '2026-01-15', 'Ativo'),
(1250, 250, 105, '2026-01-15', 'Ativo');

-- --------------------------------------------------------

--
-- Estrutura para tabela `matricula_curso`
--

DROP TABLE IF EXISTS `matricula_curso`;
CREATE TABLE `matricula_curso` (
  `id_matricula` int(11) NOT NULL,
  `id_cursos` int(11) NOT NULL
) ENGINE=InnoDB DEFAULT CHARSET=utf8mb4 COLLATE=utf8mb4_general_ci;

-- --------------------------------------------------------

--
-- Estrutura para tabela `professores`
--

DROP TABLE IF EXISTS `professores`;
CREATE TABLE `professores` (
  `id_professores` int(11) NOT NULL,
  `id_dados` int(11) NOT NULL,
  `id_ruas` int(11) NOT NULL
) ENGINE=InnoDB DEFAULT CHARSET=utf8mb4 COLLATE=utf8mb4_general_ci;

--
-- Despejando dados para a tabela `professores`
--

INSERT INTO `professores` (`id_professores`, `id_dados`, `id_ruas`) VALUES
(1, 1, 1),
(2, 2, 1),
(3, 3, 1),
(4, 4, 1),
(5, 5, 1),
(6, 1, 2),
(7, 2, 2),
(8, 3, 2),
(9, 4, 2),
(10, 5, 2),
(11, 1, 3),
(12, 2, 3),
(13, 3, 3),
(14, 4, 3),
(15, 5, 3),
(16, 1, 4),
(17, 2, 4),
(18, 3, 4),
(19, 4, 4),
(20, 5, 4);

-- --------------------------------------------------------

--
-- Estrutura para tabela `responsaveis`
--

DROP TABLE IF EXISTS `responsaveis`;
CREATE TABLE `responsaveis` (
  `id_responsaveis` int(11) NOT NULL,
  `id_dados` int(11) NOT NULL,
  `id_ruas` int(11) NOT NULL,
  `parentesco` varchar(50) NOT NULL
) ENGINE=InnoDB DEFAULT CHARSET=utf8mb4 COLLATE=utf8mb4_general_ci;

-- --------------------------------------------------------

--
-- Estrutura para tabela `ruas`
--

DROP TABLE IF EXISTS `ruas`;
CREATE TABLE `ruas` (
  `id_ruas` int(11) NOT NULL,
  `id_bairros` int(11) NOT NULL,
  `nome_da_rua` varchar(100) NOT NULL,
  `cep` char(8) NOT NULL
) ENGINE=InnoDB DEFAULT CHARSET=utf8mb4 COLLATE=utf8mb4_general_ci;

--
-- Despejando dados para a tabela `ruas`
--

INSERT INTO `ruas` (`id_ruas`, `id_bairros`, `nome_da_rua`, `cep`) VALUES
(1, 1, 'Rua Siqueira Campos', '12210250'),
(2, 2, 'Avenida Cassiano Ricardo', '12246870'),
(3, 3, 'Avenida Andromeda', '12230000'),
(4, 4, 'Rua Tsunessaburo Makiguti', '12231220');

-- --------------------------------------------------------

--
-- Estrutura para tabela `telefones`
--

DROP TABLE IF EXISTS `telefones`;
CREATE TABLE `telefones` (
  `id_telefones` int(11) NOT NULL,
  `id_dados` int(11) NOT NULL,
  `numero_tel` varchar(15) NOT NULL,
  `tipo` varchar(20) NOT NULL
) ENGINE=InnoDB DEFAULT CHARSET=utf8mb4 COLLATE=utf8mb4_general_ci;

-- --------------------------------------------------------

--
-- Estrutura para tabela `turmas`
--

DROP TABLE IF EXISTS `turmas`;
CREATE TABLE `turmas` (
  `id_turmas` int(11) NOT NULL,
  `id_cursos` int(11) NOT NULL,
  `ano_letivo` char(4) NOT NULL,
  `turno` varchar(20) NOT NULL,
  `sala` varchar(50) NOT NULL
) ENGINE=InnoDB DEFAULT CHARSET=utf8mb4 COLLATE=utf8mb4_general_ci;

--
-- Despejando dados para a tabela `turmas`
--

INSERT INTO `turmas` (`id_turmas`, `id_cursos`, `ano_letivo`, `turno`, `sala`) VALUES
(101, 1, '2026', 'Noturno', 'Sala Bloco A'),
(102, 2, '2026', 'Vespertino', 'Oficina 1'),
(103, 3, '2026', 'Noturno', 'Laboratório 3'),
(104, 4, '2026', 'Matutino', 'Sala Bloco C'),
(105, 5, '2026', 'Noturno', 'Laboratório Autom.');

--
-- Índices para tabelas despejadas
--

--
-- Índices de tabela `alunos`
--
ALTER TABLE `alunos`
  ADD PRIMARY KEY (`id_alunos`),
  ADD KEY `id_dados` (`id_dados`),
  ADD KEY `id_ruas` (`id_ruas`);

--
-- Índices de tabela `alunos_responsaveis`
--
ALTER TABLE `alunos_responsaveis`
  ADD PRIMARY KEY (`id_alunos`,`id_responsaveis`),
  ADD KEY `id_responsaveis` (`id_responsaveis`);

--
-- Índices de tabela `avaliacoes`
--
ALTER TABLE `avaliacoes`
  ADD PRIMARY KEY (`id_avaliacoes`),
  ADD KEY `id_disciplinas` (`id_disciplinas`);

--
-- Índices de tabela `bairros`
--
ALTER TABLE `bairros`
  ADD PRIMARY KEY (`id_bairros`),
  ADD KEY `id_cidades` (`id_cidades`);

--
-- Índices de tabela `boletins`
--
ALTER TABLE `boletins`
  ADD PRIMARY KEY (`id_boletim`),
  ADD KEY `id_matricula` (`id_matricula`);

--
-- Índices de tabela `boletins_disciplinas`
--
ALTER TABLE `boletins_disciplinas`
  ADD PRIMARY KEY (`id_boletim`,`id_disciplinas`),
  ADD KEY `id_disciplinas` (`id_disciplinas`);

--
-- Índices de tabela `cidades`
--
ALTER TABLE `cidades`
  ADD PRIMARY KEY (`id_cidades`),
  ADD KEY `id_estados` (`id_estados`);

--
-- Índices de tabela `coordenadores`
--
ALTER TABLE `coordenadores`
  ADD PRIMARY KEY (`id_coordenador`),
  ADD KEY `id_cursos` (`id_cursos`),
  ADD KEY `id_dados` (`id_dados`),
  ADD KEY `id_ruas` (`id_ruas`);

--
-- Índices de tabela `cursos`
--
ALTER TABLE `cursos`
  ADD PRIMARY KEY (`id_cursos`);

--
-- Índices de tabela `cursos_disciplinas`
--
ALTER TABLE `cursos_disciplinas`
  ADD PRIMARY KEY (`id_cursos`,`id_disciplinas`),
  ADD KEY `id_disciplinas` (`id_disciplinas`);

--
-- Índices de tabela `dados_pessoais`
--
ALTER TABLE `dados_pessoais`
  ADD PRIMARY KEY (`id_dados`),
  ADD UNIQUE KEY `cpf` (`cpf`);

--
-- Índices de tabela `disciplinas`
--
ALTER TABLE `disciplinas`
  ADD PRIMARY KEY (`id_disciplinas`),
  ADD KEY `id_cursos` (`id_cursos`),
  ADD KEY `id_professores` (`id_professores`);

--
-- Índices de tabela `estados`
--
ALTER TABLE `estados`
  ADD PRIMARY KEY (`id_estados`);

--
-- Índices de tabela `frequencia`
--
ALTER TABLE `frequencia`
  ADD PRIMARY KEY (`id_frequencia`),
  ADD KEY `id_matricula` (`id_matricula`),
  ADD KEY `id_disciplinas` (`id_disciplinas`);

--
-- Índices de tabela `matricula`
--
ALTER TABLE `matricula`
  ADD PRIMARY KEY (`id_matricula`),
  ADD KEY `id_alunos` (`id_alunos`),
  ADD KEY `id_turmas` (`id_turmas`);

--
-- Índices de tabela `matricula_curso`
--
ALTER TABLE `matricula_curso`
  ADD PRIMARY KEY (`id_matricula`,`id_cursos`),
  ADD KEY `id_cursos` (`id_cursos`);

--
-- Índices de tabela `professores`
--
ALTER TABLE `professores`
  ADD PRIMARY KEY (`id_professores`),
  ADD KEY `id_dados` (`id_dados`),
  ADD KEY `id_ruas` (`id_ruas`);

--
-- Índices de tabela `responsaveis`
--
ALTER TABLE `responsaveis`
  ADD PRIMARY KEY (`id_responsaveis`),
  ADD KEY `id_dados` (`id_dados`),
  ADD KEY `id_ruas` (`id_ruas`);

--
-- Índices de tabela `ruas`
--
ALTER TABLE `ruas`
  ADD PRIMARY KEY (`id_ruas`),
  ADD KEY `id_bairros` (`id_bairros`);

--
-- Índices de tabela `telefones`
--
ALTER TABLE `telefones`
  ADD PRIMARY KEY (`id_telefones`),
  ADD KEY `id_dados` (`id_dados`);

--
-- Índices de tabela `turmas`
--
ALTER TABLE `turmas`
  ADD PRIMARY KEY (`id_turmas`),
  ADD KEY `id_cursos` (`id_cursos`);

--
-- AUTO_INCREMENT para tabelas despejadas
--

--
-- AUTO_INCREMENT de tabela `alunos`
--
ALTER TABLE `alunos`
  MODIFY `id_alunos` int(11) NOT NULL AUTO_INCREMENT, AUTO_INCREMENT=251;

--
-- AUTO_INCREMENT de tabela `avaliacoes`
--
ALTER TABLE `avaliacoes`
  MODIFY `id_avaliacoes` int(11) NOT NULL AUTO_INCREMENT, AUTO_INCREMENT=201;

--
-- AUTO_INCREMENT de tabela `bairros`
--
ALTER TABLE `bairros`
  MODIFY `id_bairros` int(11) NOT NULL AUTO_INCREMENT, AUTO_INCREMENT=5;

--
-- AUTO_INCREMENT de tabela `boletins`
--
ALTER TABLE `boletins`
  MODIFY `id_boletim` int(11) NOT NULL AUTO_INCREMENT;

--
-- AUTO_INCREMENT de tabela `cidades`
--
ALTER TABLE `cidades`
  MODIFY `id_cidades` int(11) NOT NULL AUTO_INCREMENT, AUTO_INCREMENT=2;

--
-- AUTO_INCREMENT de tabela `coordenadores`
--
ALTER TABLE `coordenadores`
  MODIFY `id_coordenador` int(11) NOT NULL AUTO_INCREMENT, AUTO_INCREMENT=6;

--
-- AUTO_INCREMENT de tabela `cursos`
--
ALTER TABLE `cursos`
  MODIFY `id_cursos` int(11) NOT NULL AUTO_INCREMENT, AUTO_INCREMENT=6;

--
-- AUTO_INCREMENT de tabela `dados_pessoais`
--
ALTER TABLE `dados_pessoais`
  MODIFY `id_dados` int(11) NOT NULL AUTO_INCREMENT, AUTO_INCREMENT=256;

--
-- AUTO_INCREMENT de tabela `disciplinas`
--
ALTER TABLE `disciplinas`
  MODIFY `id_disciplinas` int(11) NOT NULL AUTO_INCREMENT, AUTO_INCREMENT=51;

--
-- AUTO_INCREMENT de tabela `estados`
--
ALTER TABLE `estados`
  MODIFY `id_estados` int(11) NOT NULL AUTO_INCREMENT, AUTO_INCREMENT=2;

--
-- AUTO_INCREMENT de tabela `frequencia`
--
ALTER TABLE `frequencia`
  MODIFY `id_frequencia` int(11) NOT NULL AUTO_INCREMENT, AUTO_INCREMENT=13006;

--
-- AUTO_INCREMENT de tabela `matricula`
--
ALTER TABLE `matricula`
  MODIFY `id_matricula` int(11) NOT NULL AUTO_INCREMENT, AUTO_INCREMENT=1251;

--
-- AUTO_INCREMENT de tabela `professores`
--
ALTER TABLE `professores`
  MODIFY `id_professores` int(11) NOT NULL AUTO_INCREMENT, AUTO_INCREMENT=21;

--
-- AUTO_INCREMENT de tabela `responsaveis`
--
ALTER TABLE `responsaveis`
  MODIFY `id_responsaveis` int(11) NOT NULL AUTO_INCREMENT;

--
-- AUTO_INCREMENT de tabela `ruas`
--
ALTER TABLE `ruas`
  MODIFY `id_ruas` int(11) NOT NULL AUTO_INCREMENT, AUTO_INCREMENT=5;

--
-- AUTO_INCREMENT de tabela `telefones`
--
ALTER TABLE `telefones`
  MODIFY `id_telefones` int(11) NOT NULL AUTO_INCREMENT;

--
-- AUTO_INCREMENT de tabela `turmas`
--
ALTER TABLE `turmas`
  MODIFY `id_turmas` int(11) NOT NULL AUTO_INCREMENT, AUTO_INCREMENT=106;

--
-- Restrições para tabelas despejadas
--

--
-- Restrições para tabelas `alunos`
--
ALTER TABLE `alunos`
  ADD CONSTRAINT `alunos_ibfk_1` FOREIGN KEY (`id_dados`) REFERENCES `dados_pessoais` (`id_dados`),
  ADD CONSTRAINT `alunos_ibfk_2` FOREIGN KEY (`id_ruas`) REFERENCES `ruas` (`id_ruas`);

--
-- Restrições para tabelas `alunos_responsaveis`
--
ALTER TABLE `alunos_responsaveis`
  ADD CONSTRAINT `alunos_responsaveis_ibfk_1` FOREIGN KEY (`id_alunos`) REFERENCES `alunos` (`id_alunos`) ON DELETE CASCADE,
  ADD CONSTRAINT `alunos_responsaveis_ibfk_2` FOREIGN KEY (`id_responsaveis`) REFERENCES `responsaveis` (`id_responsaveis`) ON DELETE CASCADE;

--
-- Restrições para tabelas `avaliacoes`
--
ALTER TABLE `avaliacoes`
  ADD CONSTRAINT `avaliacoes_ibfk_1` FOREIGN KEY (`id_disciplinas`) REFERENCES `disciplinas` (`id_disciplinas`);

--
-- Restrições para tabelas `bairros`
--
ALTER TABLE `bairros`
  ADD CONSTRAINT `bairros_ibfk_1` FOREIGN KEY (`id_cidades`) REFERENCES `cidades` (`id_cidades`);

--
-- Restrições para tabelas `boletins`
--
ALTER TABLE `boletins`
  ADD CONSTRAINT `boletins_ibfk_1` FOREIGN KEY (`id_matricula`) REFERENCES `matricula` (`id_matricula`);

--
-- Restrições para tabelas `boletins_disciplinas`
--
ALTER TABLE `boletins_disciplinas`
  ADD CONSTRAINT `boletins_disciplinas_ibfk_1` FOREIGN KEY (`id_boletim`) REFERENCES `boletins` (`id_boletim`) ON DELETE CASCADE,
  ADD CONSTRAINT `boletins_disciplinas_ibfk_2` FOREIGN KEY (`id_disciplinas`) REFERENCES `disciplinas` (`id_disciplinas`) ON DELETE CASCADE;

--
-- Restrições para tabelas `cidades`
--
ALTER TABLE `cidades`
  ADD CONSTRAINT `cidades_ibfk_1` FOREIGN KEY (`id_estados`) REFERENCES `estados` (`id_estados`);

--
-- Restrições para tabelas `coordenadores`
--
ALTER TABLE `coordenadores`
  ADD CONSTRAINT `coordenadores_ibfk_1` FOREIGN KEY (`id_cursos`) REFERENCES `cursos` (`id_cursos`),
  ADD CONSTRAINT `coordenadores_ibfk_2` FOREIGN KEY (`id_dados`) REFERENCES `dados_pessoais` (`id_dados`),
  ADD CONSTRAINT `coordenadores_ibfk_3` FOREIGN KEY (`id_ruas`) REFERENCES `ruas` (`id_ruas`);

--
-- Restrições para tabelas `cursos_disciplinas`
--
ALTER TABLE `cursos_disciplinas`
  ADD CONSTRAINT `cursos_disciplinas_ibfk_1` FOREIGN KEY (`id_cursos`) REFERENCES `cursos` (`id_cursos`) ON DELETE CASCADE,
  ADD CONSTRAINT `cursos_disciplinas_ibfk_2` FOREIGN KEY (`id_disciplinas`) REFERENCES `disciplinas` (`id_disciplinas`) ON DELETE CASCADE;

--
-- Restrições para tabelas `disciplinas`
--
ALTER TABLE `disciplinas`
  ADD CONSTRAINT `disciplinas_ibfk_1` FOREIGN KEY (`id_cursos`) REFERENCES `cursos` (`id_cursos`),
  ADD CONSTRAINT `disciplinas_ibfk_2` FOREIGN KEY (`id_professores`) REFERENCES `professores` (`id_professores`);

--
-- Restrições para tabelas `frequencia`
--
ALTER TABLE `frequencia`
  ADD CONSTRAINT `frequencia_ibfk_1` FOREIGN KEY (`id_matricula`) REFERENCES `matricula` (`id_matricula`),
  ADD CONSTRAINT `frequencia_ibfk_2` FOREIGN KEY (`id_disciplinas`) REFERENCES `disciplinas` (`id_disciplinas`);

--
-- Restrições para tabelas `matricula`
--
ALTER TABLE `matricula`
  ADD CONSTRAINT `matricula_ibfk_1` FOREIGN KEY (`id_alunos`) REFERENCES `alunos` (`id_alunos`),
  ADD CONSTRAINT `matricula_ibfk_2` FOREIGN KEY (`id_turmas`) REFERENCES `turmas` (`id_turmas`);

--
-- Restrições para tabelas `matricula_curso`
--
ALTER TABLE `matricula_curso`
  ADD CONSTRAINT `matricula_curso_ibfk_1` FOREIGN KEY (`id_matricula`) REFERENCES `matricula` (`id_matricula`) ON DELETE CASCADE,
  ADD CONSTRAINT `matricula_curso_ibfk_2` FOREIGN KEY (`id_cursos`) REFERENCES `cursos` (`id_cursos`) ON DELETE CASCADE;

--
-- Restrições para tabelas `professores`
--
ALTER TABLE `professores`
  ADD CONSTRAINT `professores_ibfk_1` FOREIGN KEY (`id_dados`) REFERENCES `dados_pessoais` (`id_dados`),
  ADD CONSTRAINT `professores_ibfk_2` FOREIGN KEY (`id_ruas`) REFERENCES `ruas` (`id_ruas`);

--
-- Restrições para tabelas `responsaveis`
--
ALTER TABLE `responsaveis`
  ADD CONSTRAINT `responsaveis_ibfk_1` FOREIGN KEY (`id_dados`) REFERENCES `dados_pessoais` (`id_dados`),
  ADD CONSTRAINT `responsaveis_ibfk_2` FOREIGN KEY (`id_ruas`) REFERENCES `ruas` (`id_ruas`);

--
-- Restrições para tabelas `ruas`
--
ALTER TABLE `ruas`
  ADD CONSTRAINT `ruas_ibfk_1` FOREIGN KEY (`id_bairros`) REFERENCES `bairros` (`id_bairros`);

--
-- Restrições para tabelas `telefones`
--
ALTER TABLE `telefones`
  ADD CONSTRAINT `telefones_ibfk_1` FOREIGN KEY (`id_dados`) REFERENCES `dados_pessoais` (`id_dados`) ON DELETE CASCADE;

--
-- Restrições para tabelas `turmas`
--
ALTER TABLE `turmas`
  ADD CONSTRAINT `turmas_ibfk_1` FOREIGN KEY (`id_cursos`) REFERENCES `cursos` (`id_cursos`);
COMMIT;

/*!40101 SET CHARACTER_SET_CLIENT=@OLD_CHARACTER_SET_CLIENT */;
/*!40101 SET CHARACTER_SET_RESULTS=@OLD_CHARACTER_SET_RESULTS */;
/*!40101 SET COLLATION_CONNECTION=@OLD_COLLATION_CONNECTION */;
